Application_ID,Customer_ID,Application_Date,Branch_ID,RM_ID,Account_Type,Customer_Type,Risk_Level,KYC_Status,Approval_Status,Processing_Days,Escalation,Escalation_Reason
APP00001,C00001,2025-04-25,B009,RM018,Savings,Individual,Low,Completed,Approved,6,No,
APP00002,C00002,2025-08-18,B006,RM013,Savings,Individual,Low,Completed,Approved,5,No,
APP00003,C00003,2025-11-28,B008,RM017,Premium,Individual,Low,Completed,Approved,9,No,
APP00004,C00004,2025-09-02,B009,RM019,Business,Business,Medium,Completed,Approved,5,Yes,KYC Documentation
APP00005,C00005,2025-03-28,B003,RM006,Savings,Individual,Low,Completed,Approved,6,No,
APP00006,C00006,2025-08-27,B007,RM014,Savings,Individual,Low,Completed,Approved,2,No,
APP00007,C00007,2025-04-14,B001,RM001,Savings,Individual,High,Completed,Approved,2,No,
APP00008,C00008,2025-08-10,B005,RM010,Current,Individual,Low,Completed,Approved,6,No,
APP00009,C00009,2025-06-04,B003,RM007,Current,Individual,High,Completed,Approved,7,No,
APP00010,C00010,2025-06-12,B004,RM009,Current,Business,Medium,Completed,Approved,6,No,
APP00011,C00011,2025-04-01,B008,RM017,Premium,Individual,Medium,Completed,Approved,9,Yes,Sanctions Screening
APP00012,C00012,2025-12-28,B010,RM020,Savings,Individual,Low,Completed,Approved,7,No,
APP00013,C00013,2025-05-18,B008,RM016,Current,Individual,Low,Pending,Pending,8,No,
APP00014,C00014,2025-11-15,B004,RM008,Premium,Individual,High,Completed,Approved,8,No,
APP00015,C00015,2025-10-28,B004,RM008,Premium,Individual,Low,Completed,Approved,4,No,
APP00016,C00016,2025-12-19,B001,RM002,Current,Individual,Low,Completed,Approved,5,No,
APP00017,C00017,2025-06-21,B008,RM016,Savings,Individual,Low,Completed,Approved,10,No,
APP00018,C00018,2025-02-20,B008,RM017,Current,Individual,Low,Pending,Pending,8,No,
APP00019,C00019,2025-01-11,B001,RM001,Savings,Individual,Low,Pending,Pending,8,No,
APP00020,C00020,2025-05-22,B002,RM005,Current,Individual,Medium,Completed,Approved,5,No,
APP00021,C00021,2025-01-26,B002,RM004,Savings,Individual,Low,Completed,Approved,4,No,
APP00022,C00022,2025-03-20,B001,RM001,Business,Business,High,Completed,Approved,10,No,
APP00023,C00023,2025-07-11,B007,RM015,Business,Business,Medium,Completed,Approved,5,No,
APP00024,C00024,2025-04-28,B005,RM011,Premium,Individual,Medium,Completed,Approved,2,No,
APP00025,C00025,2025-03-06,B004,RM009,Current,Individual,Medium,Completed,Approved,2,No,
APP00026,C00026,2025-09-07,B001,RM003,Savings,Individual,Low,Completed,Approved,10,No,
APP00027,C00027,2025-09-13,B003,RM007,Premium,Individual,Low,Completed,Pending,6,No,
APP00028,C00028,2025-05-20,B004,RM009,Savings,Individual,High,Completed,Pending,14,No,
APP00029,C00029,2025-06-24,B005,RM010,Current,Individual,Low,Completed,Approved,4,No,
APP00030,C00030,2025-07-10,B008,RM016,Savings,Individual,Low,Completed,Approved,5,No,
APP00031,C00031,2025-09-19,B002,RM004,Business,Business,High,Completed,Approved,7,Yes,KYC Documentation
APP00032,C00032,2025-10-28,B006,RM012,Premium,Individual,Medium,Completed,Rejected,4,No,
APP00033,C00033,2025-01-11,B009,RM018,Current,Individual,High,Completed,Approved,6,No,
APP00034,C00034,2025-11-09,B002,RM005,Premium,Individual,Low,Pending,Pending,3,No,
APP00035,C00035,2025-11-12,B005,RM010,Savings,Individual,Low,Completed,Approved,9,No,
APP00036,C00036,2025-06-10,B005,RM010,Savings,Individual,Medium,Completed,Pending,17,No,
APP00037,C00037,2025-08-10,B007,RM015,Savings,Individual,Low,Completed,Approved,4,No,
APP00038,C00038,2025-05-23,B010,RM021,Savings,Individual,Medium,Completed,Approved,8,Yes,Risk Assessment
APP00039,C00039,2025-07-30,B001,RM003,Premium,Individual,Medium,Completed,Approved,10,No,
APP00040,C00040,2025-12-03,B007,RM014,Current,Individual,Medium,Completed,Approved,7,No,
APP00041,C00041,2025-03-09,B006,RM013,Premium,Individual,Low,Completed,Approved,3,No,
APP00042,C00042,2025-06-10,B002,RM004,Business,Business,High,Completed,Pending,17,Yes,KYC Documentation
APP00043,C00043,2025-09-14,B006,RM013,Business,Business,High,Completed,Approved,9,No,
APP00044,C00044,2025-08-24,B006,RM013,Business,Business,Medium,Pending,Pending,10,No,
APP00045,C00045,2025-04-08,B009,RM019,Business,Business,Medium,Completed,Approved,10,No,
APP00046,C00046,2025-01-22,B005,RM010,Business,Business,High,Completed,Approved,3,No,
APP00047,C00047,2025-05-26,B002,RM005,Savings,Individual,High,Completed,Approved,2,No,
APP00048,C00048,2025-04-21,B009,RM018,Current,Business,Medium,Completed,Approved,10,No,
APP00049,C00049,2025-10-13,B006,RM012,Savings,Individual,Low,Completed,Approved,8,No,
APP00050,C00050,2025-12-03,B006,RM013,Savings,Individual,Low,Completed,Approved,3,No,
APP00051,C00051,2025-07-28,B003,RM006,Current,Individual,Low,Pending,Pending,16,No,
APP00052,C00052,2025-12-29,B010,RM021,Savings,Individual,Low,Completed,Approved,7,No,
APP00053,C00053,2025-08-04,B003,RM007,Savings,Individual,Medium,Pending,Pending,2,No,
APP00054,C00054,2025-06-29,B004,RM008,Savings,Individual,High,Completed,Approved,8,No,
APP00055,C00055,2025-10-13,B010,RM021,Savings,Individual,High,Completed,Approved,6,Yes,KYC Documentation
APP00056,C00056,2025-01-07,B007,RM015,Current,Individual,Low,Completed,Approved,2,No,
APP00057,C00057,2025-11-23,B009,RM019,Current,Individual,Low,Failed,Rejected,2,No,
APP00058,C00058,2025-12-11,B009,RM018,Savings,Individual,Medium,Completed,Approved,5,No,
APP00059,C00059,2025-08-23,B008,RM016,Savings,Individual,High,Completed,Approved,10,No,
APP00060,C00060,2025-04-25,B009,RM018,Current,Individual,Low,Completed,Approved,10,No,
APP00061,C00061,2025-04-24,B009,RM018,Savings,Individual,Low,Completed,Approved,10,No,
APP00062,C00062,2025-11-03,B007,RM015,Current,Individual,Low,Completed,Approved,6,No,
APP00063,C00063,2025-06-27,B001,RM001,Savings,Individual,Medium,Failed,Rejected,6,No,
APP00064,C00064,2025-10-08,B007,RM014,Current,Individual,High,Completed,Approved,8,No,
APP00065,C00065,2025-09-04,B008,RM017,Savings,Individual,Low,Completed,Approved,18,Yes,KYC Documentation
APP00066,C00066,2025-08-19,B003,RM007,Current,Individual,Medium,Completed,Approved,9,No,
APP00067,C00067,2025-02-21,B008,RM016,Savings,Individual,Low,Completed,Approved,7,No,
APP00068,C00068,2025-12-09,B007,RM014,Savings,Individual,Medium,Completed,Approved,6,No,
APP00069,C00069,2025-05-08,B001,RM003,Savings,Individual,Medium,Pending,Pending,3,No,
APP00070,C00070,2025-09-15,B004,RM009,Current,Individual,High,Completed,Approved,4,No,
APP00071,C00071,2025-01-09,B008,RM016,Savings,Individual,Medium,Completed,Approved,7,No,
APP00072,C00072,2025-08-08,B003,RM007,Premium,Individual,Low,Completed,Approved,9,No,
APP00073,C00073,2025-12-27,B007,RM015,Current,Individual,High,Completed,Approved,5,No,
APP00074,C00074,2025-02-20,B010,RM020,Savings,Individual,Medium,Completed,Approved,4,No,
APP00075,C00075,2025-08-01,B002,RM005,Savings,Individual,Medium,Completed,Approved,4,No,
APP00076,C00076,2025-01-07,B008,RM016,Savings,Individual,High,Pending,Pending,5,No,
APP00077,C00077,2025-05-15,B008,RM016,Current,Individual,High,Completed,Rejected,14,Yes,KYC Documentation
APP00078,C00078,2025-06-22,B002,RM005,Premium,Individual,Medium,Completed,Rejected,4,No,
APP00079,C00079,2025-10-30,B006,RM013,Business,Business,High,Failed,Rejected,6,No,
APP00080,C00080,2025-01-19,B005,RM011,Savings,Individual,Low,Completed,Approved,5,No,
APP00081,C00081,2025-10-18,B007,RM015,Premium,Individual,Low,Completed,Approved,10,No,
APP00082,C00082,2025-09-19,B005,RM010,Savings,Individual,Low,Completed,Approved,5,No,
APP00083,C00083,2025-01-07,B006,RM012,Savings,Individual,Medium,Completed,Approved,10,No,
APP00084,C00084,2025-04-23,B005,RM011,Current,Business,Medium,Completed,Pending,7,Yes,Enhanced Due Diligence
APP00085,C00085,2025-05-30,B004,RM008,Premium,Individual,Medium,Completed,Approved,5,No,
APP00086,C00086,2025-01-10,B004,RM008,Current,Individual,High,Completed,Approved,9,No,
APP00087,C00087,2025-10-18,B001,RM002,Savings,Individual,Low,Completed,Approved,6,No,
APP00088,C00088,2025-07-31,B005,RM010,Savings,Individual,Low,Completed,Approved,5,No,
APP00089,C00089,2025-07-03,B002,RM004,Savings,Individual,Medium,Completed,Approved,4,No,
APP00090,C00090,2025-06-22,B005,RM011,Savings,Individual,Medium,Completed,Approved,2,No,
APP00091,C00091,2025-01-03,B010,RM020,Business,Business,Medium,Completed,Approved,6,No,
APP00092,C00092,2025-01-20,B007,RM015,Savings,Individual,Medium,Completed,Approved,3,No,
APP00093,C00093,2025-04-05,B004,RM008,Premium,Individual,Low,Completed,Approved,2,No,
APP00094,C00094,2025-05-15,B008,RM017,Savings,Individual,Low,Completed,Approved,10,No,
APP00095,C00095,2025-01-07,B008,RM017,Current,Individual,Low,Completed,Approved,10,No,
APP00096,C00096,2025-02-28,B007,RM014,Current,Individual,High,Pending,Pending,7,No,
APP00097,C00097,2025-10-24,B003,RM007,Current,Individual,Low,Completed,Approved,6,No,
APP00098,C00098,2025-09-06,B005,RM010,Savings,Individual,Low,Completed,Approved,11,Yes,Sanctions Screening
APP00099,C00099,2025-08-02,B007,RM015,Savings,Individual,Medium,Completed,Approved,7,No,
APP00100,C00100,2025-10-10,B010,RM021,Premium,Individual,Medium,Completed,Approved,6,No,
APP00101,C00101,2025-03-21,B003,RM006,Current,Business,Medium,Completed,Rejected,7,No,
APP00102,C00102,2025-10-12,B008,RM016,Premium,Individual,Medium,Completed,Approved,5,No,
APP00103,C00103,2025-02-06,B008,RM016,Premium,Individual,Low,Completed,Approved,6,No,
APP00104,C00104,2025-07-07,B005,RM010,Savings,Individual,Low,Completed,Approved,3,No,
APP00105,C00105,2025-09-30,B009,RM018,Current,Individual,Low,Completed,Approved,3,No,
APP00106,C00106,2025-05-15,B004,RM008,Current,Individual,Medium,Completed,Approved,8,No,
APP00107,C00107,2025-01-04,B010,RM020,Savings,Individual,High,Completed,Approved,7,Yes,KYC Documentation
APP00108,C00108,2025-09-14,B002,RM004,Savings,Individual,Low,Completed,Approved,4,No,
APP00109,C00109,2025-06-11,B009,RM019,Business,Business,High,Pending,Pending,13,No,
APP00110,C00110,2025-12-03,B007,RM014,Savings,Individual,Medium,Completed,Approved,9,No,
APP00111,C00111,2025-07-29,B007,RM015,Current,Business,Medium,Completed,Approved,3,No,
APP00112,C00112,2025-01-24,B010,RM021,Business,Business,Medium,Completed,Pending,7,Yes,Enhanced Due Diligence
APP00113,C00113,2025-09-22,B006,RM012,Business,Business,Medium,Completed,Rejected,6,No,
APP00114,C00114,2025-11-21,B004,RM009,Premium,Individual,High,Completed,Rejected,7,Yes,Compliance Review
APP00115,C00115,2025-12-24,B007,RM014,Savings,Individual,Medium,Completed,Approved,9,No,
APP00116,C00116,2025-10-28,B001,RM002,Premium,Business,Medium,Completed,Approved,10,No,
APP00117,C00117,2025-07-04,B009,RM018,Premium,Individual,Low,Completed,Approved,2,No,
APP00118,C00118,2025-07-17,B005,RM011,Savings,Individual,Medium,Completed,Approved,9,No,
APP00119,C00119,2025-09-27,B007,RM015,Premium,Individual,Medium,Completed,Pending,16,Yes,Enhanced Due Diligence
APP00120,C00120,2025-07-19,B005,RM010,Savings,Individual,Low,Completed,Pending,9,No,
APP00121,C00121,2025-08-23,B008,RM016,Current,Individual,High,Completed,Approved,2,No,
APP00122,C00122,2025-08-21,B006,RM012,Current,Individual,Low,Completed,Approved,19,Yes,Enhanced Due Diligence
APP00123,C00123,2025-05-16,B007,RM015,Savings,Individual,Low,Completed,Approved,10,No,
APP00124,C00124,2025-08-19,B008,RM016,Savings,Individual,Medium,Completed,Approved,3,No,
APP00125,C00125,2025-12-29,B008,RM016,Current,Individual,Low,Completed,Rejected,4,No,
APP00126,C00126,2025-02-15,B005,RM011,Current,Business,Medium,Completed,Rejected,2,No,
APP00127,C00127,2025-01-03,B010,RM020,Business,Business,Medium,Completed,Rejected,19,Yes,Enhanced Due Diligence
APP00128,C00128,2025-06-29,B010,RM021,Current,Business,Medium,Completed,Rejected,6,Yes,Sanctions Screening
APP00129,C00129,2025-06-28,B004,RM008,Current,Individual,High,Completed,Approved,2,No,
APP00130,C00130,2025-02-11,B003,RM006,Current,Business,High,Completed,Approved,7,No,
APP00131,C00131,2025-06-01,B006,RM013,Current,Individual,Low,Completed,Approved,8,No,
APP00132,C00132,2025-01-20,B009,RM019,Savings,Individual,Low,Completed,Approved,9,No,
APP00133,C00133,2025-05-29,B005,RM010,Premium,Individual,High,Failed,Rejected,5,No,
APP00134,C00134,2025-08-26,B004,RM009,Premium,Business,Medium,Completed,Approved,10,No,
APP00135,C00135,2025-10-30,B007,RM014,Current,Individual,Low,Completed,Approved,2,No,
APP00136,C00136,2025-11-29,B006,RM012,Current,Individual,Medium,Completed,Approved,2,No,
APP00137,C00137,2025-08-22,B002,RM005,Savings,Individual,Low,Completed,Pending,20,Yes,Enhanced Due Diligence
APP00138,C00138,2025-04-24,B001,RM003,Current,Business,Medium,Completed,Pending,11,No,
APP00139,C00139,2025-04-14,B008,RM017,Premium,Individual,Low,Completed,Approved,3,No,
APP00140,C00140,2025-02-26,B003,RM007,Savings,Individual,Medium,Pending,Pending,3,No,
APP00141,C00141,2025-08-15,B006,RM013,Premium,Individual,Low,Completed,Approved,2,No,
APP00142,C00142,2025-01-19,B006,RM013,Premium,Individual,Low,Completed,Approved,13,Yes,Compliance Review
APP00143,C00143,2025-05-27,B004,RM009,Current,Individual,Low,Completed,Approved,7,No,
APP00144,C00144,2025-10-31,B010,RM020,Savings,Individual,Low,Completed,Approved,10,No,
APP00145,C00145,2025-06-05,B006,RM013,Savings,Individual,Medium,Completed,Rejected,4,No,
APP00146,C00146,2025-07-11,B003,RM006,Premium,Individual,Low,Pending,Pending,8,No,
APP00147,C00147,2025-10-18,B006,RM013,Current,Individual,Low,Failed,Rejected,5,No,
APP00148,C00148,2025-12-15,B008,RM017,Savings,Individual,Low,Completed,Approved,5,No,
APP00149,C00149,2025-01-01,B001,RM001,Savings,Individual,High,Pending,Pending,2,No,
APP00150,C00150,2025-06-09,B001,RM003,Savings,Individual,High,Completed,Approved,8,No,
APP00151,C00151,2025-11-17,B002,RM004,Business,Business,High,Completed,Approved,3,No,
APP00152,C00152,2025-11-11,B006,RM013,Current,Individual,Low,Completed,Approved,9,No,
APP00153,C00153,2025-04-21,B002,RM004,Business,Business,Medium,Failed,Rejected,4,No,
APP00154,C00154,2025-08-07,B007,RM015,Savings,Individual,Medium,Completed,Approved,4,No,
APP00155,C00155,2025-04-11,B005,RM011,Business,Business,Medium,Completed,Approved,10,No,
APP00156,C00156,2025-07-12,B002,RM005,Business,Business,High,Pending,Pending,8,No,
APP00157,C00157,2025-11-15,B009,RM019,Current,Individual,Medium,Completed,Approved,10,No,
APP00158,C00158,2025-08-21,B005,RM011,Premium,Individual,Medium,Completed,Approved,5,No,
APP00159,C00159,2025-05-21,B002,RM004,Savings,Individual,Low,Completed,Approved,9,No,
APP00160,C00160,2025-11-08,B007,RM014,Business,Business,Medium,Completed,Approved,7,No,
APP00161,C00161,2025-07-06,B010,RM020,Current,Business,Medium,Completed,Approved,15,Yes,Compliance Review
APP00162,C00162,2025-08-25,B006,RM013,Business,Business,High,Completed,Approved,17,Yes,Risk Assessment
APP00163,C00163,2025-03-11,B001,RM003,Savings,Individual,Low,Completed,Approved,10,No,
APP00164,C00164,2025-11-10,B006,RM013,Savings,Individual,Low,Completed,Approved,8,No,
APP00165,C00165,2025-06-04,B002,RM005,Current,Individual,Low,Completed,Approved,9,No,
APP00166,C00166,2025-01-08,B009,RM018,Savings,Individual,Low,Completed,Pending,15,No,
APP00167,C00167,2025-07-04,B001,RM002,Savings,Individual,Medium,Completed,Approved,5,No,
APP00168,C00168,2025-05-09,B003,RM007,Savings,Individual,Low,Completed,Approved,3,No,
APP00169,C00169,2025-10-04,B004,RM008,Savings,Individual,Low,Failed,Rejected,5,No,
APP00170,C00170,2025-10-26,B007,RM015,Savings,Individual,Medium,Failed,Rejected,4,No,
APP00171,C00171,2025-06-14,B007,RM014,Savings,Individual,Medium,Completed,Approved,7,No,
APP00172,C00172,2025-01-13,B006,RM012,Current,Individual,Medium,Completed,Rejected,2,No,
APP00173,C00173,2025-01-25,B005,RM010,Savings,Individual,Low,Completed,Approved,3,No,
APP00174,C00174,2025-12-08,B009,RM018,Savings,Individual,Low,Completed,Approved,8,No,
APP00175,C00175,2025-02-07,B003,RM007,Premium,Business,Medium,Completed,Approved,10,No,
APP00176,C00176,2025-05-13,B002,RM005,Savings,Individual,Medium,Completed,Approved,10,No,
APP00177,C00177,2025-02-11,B008,RM017,Current,Business,High,Completed,Pending,6,Yes,Enhanced Due Diligence
APP00178,C00178,2025-12-11,B006,RM012,Premium,Business,Medium,Completed,Approved,5,No,
APP00179,C00179,2025-09-29,B006,RM013,Current,Individual,Medium,Pending,Pending,13,No,
APP00180,C00180,2025-10-21,B002,RM005,Savings,Individual,Low,Completed,Approved,10,No,
APP00181,C00181,2025-07-27,B001,RM001,Premium,Individual,Medium,Completed,Pending,7,No,
APP00182,C00182,2025-02-01,B003,RM006,Business,Business,Medium,Completed,Approved,9,No,
APP00183,C00183,2025-11-18,B003,RM007,Premium,Individual,Low,Completed,Approved,7,No,
APP00184,C00184,2025-06-12,B006,RM012,Savings,Individual,Low,Completed,Approved,3,No,
APP00185,C00185,2025-09-29,B006,RM012,Savings,Individual,Medium,Completed,Approved,5,No,
APP00186,C00186,2025-02-11,B010,RM020,Savings,Individual,Medium,Completed,Approved,3,No,
APP00187,C00187,2025-09-04,B007,RM014,Savings,Individual,Medium,Completed,Approved,5,No,
APP00188,C00188,2025-01-15,B003,RM007,Current,Individual,Low,Completed,Approved,8,No,
APP00189,C00189,2025-11-08,B007,RM014,Savings,Individual,Medium,Completed,Approved,3,No,
APP00190,C00190,2025-07-31,B004,RM008,Savings,Individual,Medium,Pending,Pending,14,No,
APP00191,C00191,2025-05-21,B009,RM018,Current,Business,Medium,Completed,Approved,3,No,
APP00192,C00192,2025-10-20,B010,RM020,Current,Business,Medium,Completed,Rejected,3,No,
APP00193,C00193,2025-10-01,B006,RM012,Current,Individual,Low,Completed,Approved,9,No,
APP00194,C00194,2025-02-22,B008,RM016,Savings,Individual,Low,Completed,Approved,6,No,
APP00195,C00195,2025-11-06,B009,RM019,Current,Individual,Medium,Pending,Pending,19,No,
APP00196,C00196,2025-06-14,B008,RM017,Savings,Individual,Low,Completed,Approved,4,No,
APP00197,C00197,2025-11-11,B003,RM007,Premium,Individual,Low,Completed,Approved,10,No,
APP00198,C00198,2025-05-23,B008,RM017,Savings,Individual,Medium,Completed,Pending,18,No,
APP00199,C00199,2025-12-27,B002,RM004,Business,Business,Medium,Completed,Approved,3,No,
APP00200,C00200,2025-02-08,B005,RM010,Current,Individual,Low,Completed,Approved,8,No,
APP00201,C00201,2025-05-12,B002,RM004,Savings,Individual,Low,Completed,Approved,10,No,
APP00202,C00202,2025-09-13,B005,RM011,Savings,Individual,Low,Completed,Approved,7,No,
APP00203,C00203,2025-11-01,B002,RM005,Current,Individual,Low,Completed,Approved,8,No,
APP00204,C00204,2025-12-24,B007,RM014,Savings,Individual,Low,Pending,Pending,16,No,
APP00205,C00205,2025-09-29,B006,RM012,Current,Individual,Low,Completed,Approved,7,No,
APP00206,C00206,2025-10-23,B008,RM017,Business,Business,Medium,Completed,Approved,6,No,
APP00207,C00207,2025-07-19,B004,RM008,Savings,Individual,Low,Pending,Pending,15,No,
APP00208,C00208,2025-03-28,B006,RM013,Savings,Individual,Low,Completed,Approved,8,No,
APP00209,C00209,2025-07-22,B002,RM004,Current,Individual,Medium,Completed,Approved,10,No,
APP00210,C00210,2025-06-02,B001,RM001,Savings,Individual,Low,Completed,Approved,7,No,
APP00211,C00211,2025-06-26,B004,RM008,Business,Business,Medium,Completed,Pending,19,No,
APP00212,C00212,2025-04-27,B006,RM012,Savings,Individual,Low,Completed,Approved,5,No,
APP00213,C00213,2025-11-05,B008,RM016,Business,Business,Medium,Completed,Approved,7,No,
APP00214,C00214,2025-06-27,B010,RM021,Current,Business,Medium,Completed,Approved,6,No,
APP00215,C00215,2025-08-20,B010,RM020,Current,Individual,Low,Completed,Approved,5,No,
APP00216,C00216,2025-07-20,B006,RM013,Savings,Individual,Medium,Failed,Rejected,5,No,
APP00217,C00217,2025-01-07,B007,RM014,Premium,Business,Medium,Completed,Approved,7,No,
APP00218,C00218,2025-07-21,B008,RM017,Savings,Individual,Medium,Failed,Rejected,5,No,
APP00219,C00219,2025-08-09,B001,RM002,Savings,Individual,High,Completed,Rejected,14,Yes,Compliance Review
APP00220,C00220,2025-03-24,B003,RM006,Savings,Individual,Low,Completed,Approved,6,Yes,Enhanced Due Diligence
APP00221,C00221,2025-07-05,B003,RM007,Premium,Individual,Low,Completed,Approved,10,No,
APP00222,C00222,2025-12-25,B010,RM021,Current,Individual,Low,Completed,Approved,10,No,
APP00223,C00223,2025-03-13,B008,RM017,Premium,Individual,Low,Completed,Approved,4,No,
APP00224,C00224,2025-02-26,B009,RM018,Current,Business,High,Completed,Approved,10,No,
APP00225,C00225,2025-04-14,B002,RM004,Current,Individual,Medium,Completed,Approved,8,No,
APP00226,C00226,2025-06-30,B008,RM017,Savings,Individual,Medium,Completed,Approved,4,No,
APP00227,C00227,2025-01-02,B008,RM017,Savings,Individual,Low,Completed,Approved,5,Yes,Sanctions Screening
APP00228,C00228,2025-10-09,B002,RM005,Savings,Individual,Low,Completed,Approved,3,No,
APP00229,C00229,2025-08-12,B003,RM006,Current,Individual,Low,Completed,Approved,8,No,
APP00230,C00230,2025-04-18,B003,RM007,Savings,Individual,Low,Completed,Approved,7,No,
APP00231,C00231,2025-06-30,B005,RM011,Current,Business,High,Completed,Approved,7,No,
APP00232,C00232,2025-02-11,B003,RM006,Current,Individual,Low,Completed,Approved,10,No,
APP00233,C00233,2025-05-12,B006,RM013,Current,Business,High,Completed,Pending,11,Yes,Compliance Review
APP00234,C00234,2025-12-20,B005,RM010,Premium,Individual,Medium,Completed,Approved,9,No,
APP00235,C00235,2025-03-10,B005,RM010,Savings,Individual,Medium,Completed,Approved,10,No,
APP00236,C00236,2025-04-29,B001,RM002,Business,Business,Medium,Completed,Approved,4,No,
APP00237,C00237,2025-11-24,B006,RM013,Current,Individual,Low,Completed,Approved,5,No,
APP00238,C00238,2025-10-22,B009,RM019,Business,Business,Medium,Completed,Approved,10,No,
APP00239,C00239,2025-01-16,B005,RM010,Savings,Individual,Low,Pending,Pending,4,No,
APP00240,C00240,2025-08-01,B006,RM013,Current,Business,High,Completed,Approved,18,Yes,KYC Documentation
APP00241,C00241,2025-11-10,B001,RM001,Savings,Individual,Medium,Completed,Approved,6,No,
APP00242,C00242,2025-01-05,B001,RM002,Business,Business,Medium,Completed,Approved,6,No,
APP00243,C00243,2025-05-10,B002,RM004,Savings,Individual,Low,Completed,Approved,17,Yes,Enhanced Due Diligence
APP00244,C00244,2025-05-16,B010,RM021,Savings,Individual,Medium,Completed,Approved,14,Yes,Risk Assessment
APP00245,C00245,2025-05-29,B005,RM011,Savings,Individual,Medium,Completed,Approved,7,No,
APP00246,C00246,2025-12-02,B006,RM013,Savings,Individual,Medium,Completed,Approved,8,No,
APP00247,C00247,2025-12-21,B001,RM003,Current,Business,Medium,Completed,Approved,8,Yes,Enhanced Due Diligence
APP00248,C00248,2025-03-02,B009,RM019,Savings,Individual,Low,Completed,Approved,8,No,
APP00249,C00249,2025-11-12,B005,RM011,Premium,Individual,Medium,Completed,Approved,5,No,
APP00250,C00250,2025-03-04,B001,RM003,Current,Individual,Low,Completed,Approved,4,No,
APP00251,C00251,2025-12-24,B001,RM002,Savings,Individual,High,Completed,Approved,6,Yes,Risk Assessment
APP00252,C00252,2025-06-16,B010,RM021,Current,Individual,Medium,Completed,Rejected,7,No,
APP00253,C00253,2025-08-16,B001,RM003,Savings,Individual,Medium,Completed,Pending,6,No,
APP00254,C00254,2025-12-25,B007,RM014,Business,Business,Medium,Pending,Pending,10,No,
APP00255,C00255,2025-09-12,B001,RM003,Premium,Individual,Medium,Failed,Rejected,3,No,
APP00256,C00256,2025-06-24,B003,RM007,Savings,Individual,Low,Completed,Approved,2,No,
APP00257,C00257,2025-02-24,B005,RM011,Current,Business,High,Completed,Pending,15,No,
APP00258,C00258,2025-06-13,B005,RM010,Savings,Individual,High,Completed,Approved,9,No,
APP00259,C00259,2025-12-27,B005,RM010,Savings,Individual,Medium,Completed,Approved,5,No,
APP00260,C00260,2025-02-12,B003,RM006,Current,Individual,High,Failed,Rejected,4,No,
APP00261,C00261,2025-09-30,B004,RM008,Current,Individual,Low,Completed,Approved,7,No,
APP00262,C00262,2025-10-01,B010,RM020,Current,Business,Medium,Pending,Pending,17,No,
APP00263,C00263,2025-01-04,B002,RM004,Savings,Individual,Low,Completed,Approved,10,No,
APP00264,C00264,2025-08-10,B003,RM006,Savings,Individual,Low,Completed,Approved,4,No,
APP00265,C00265,2025-04-02,B005,RM010,Current,Individual,Medium,Completed,Approved,7,No,
APP00266,C00266,2025-12-21,B001,RM002,Current,Individual,Low,Completed,Approved,4,No,
APP00267,C00267,2025-01-24,B008,RM017,Premium,Individual,Low,Completed,Approved,9,No,
APP00268,C00268,2025-06-14,B005,RM011,Business,Business,Medium,Completed,Rejected,2,No,
APP00269,C00269,2025-02-24,B003,RM006,Savings,Individual,Medium,Completed,Rejected,8,No,
APP00270,C00270,2025-10-08,B005,RM011,Savings,Individual,Medium,Completed,Approved,9,No,
APP00271,C00271,2025-07-30,B003,RM007,Current,Individual,Medium,Failed,Rejected,5,No,
APP00272,C00272,2025-05-09,B002,RM004,Business,Business,Medium,Completed,Approved,8,No,
APP00273,C00273,2025-01-01,B008,RM017,Business,Business,Medium,Completed,Approved,10,No,
APP00274,C00274,2025-10-20,B004,RM009,Savings,Individual,Medium,Completed,Approved,3,No,
APP00275,C00275,2025-06-28,B005,RM011,Current,Individual,Medium,Completed,Approved,5,No,
APP00276,C00276,2025-04-14,B003,RM006,Savings,Individual,Low,Completed,Approved,2,No,
APP00277,C00277,2025-01-04,B004,RM008,Premium,Individual,Medium,Pending,Pending,7,No,
APP00278,C00278,2025-05-20,B006,RM012,Savings,Individual,Low,Completed,Approved,10,No,
APP00279,C00279,2025-11-22,B010,RM020,Business,Business,Medium,Completed,Approved,5,No,
APP00280,C00280,2025-01-04,B010,RM021,Savings,Individual,Low,Completed,Approved,3,No,
APP00281,C00281,2025-03-01,B008,RM016,Savings,Individual,Low,Completed,Approved,9,No,
APP00282,C00282,2025-10-23,B001,RM001,Current,Individual,Low,Pending,Pending,20,No,
APP00283,C00283,2025-03-06,B001,RM001,Current,Individual,Low,Completed,Approved,8,No,
APP00284,C00284,2025-01-25,B007,RM015,Business,Business,High,Pending,Pending,8,No,
APP00285,C00285,2025-04-19,B009,RM019,Business,Business,High,Completed,Approved,10,No,
APP00286,C00286,2025-12-13,B004,RM008,Savings,Individual,Low,Completed,Approved,10,No,
APP00287,C00287,2025-11-11,B004,RM009,Savings,Individual,Low,Completed,Approved,6,No,
APP00288,C00288,2025-05-01,B010,RM021,Savings,Individual,Medium,Failed,Rejected,5,No,
APP00289,C00289,2025-07-22,B001,RM003,Savings,Individual,Low,Completed,Approved,2,No,
APP00290,C00290,2025-11-27,B001,RM003,Savings,Individual,Medium,Completed,Approved,6,No,
APP00291,C00291,2025-05-22,B006,RM012,Savings,Individual,Low,Completed,Approved,6,No,
APP00292,C00292,2025-06-08,B001,RM002,Savings,Individual,Medium,Completed,Approved,8,No,
APP00293,C00293,2025-10-25,B008,RM017,Current,Business,Medium,Pending,Pending,6,No,
APP00294,C00294,2025-08-07,B007,RM015,Business,Business,Medium,Completed,Pending,14,No,
APP00295,C00295,2025-12-01,B005,RM011,Savings,Individual,Medium,Completed,Approved,3,No,
APP00296,C00296,2025-12-19,B009,RM018,Savings,Individual,Medium,Completed,Approved,5,No,
APP00297,C00297,2025-06-24,B006,RM013,Savings,Individual,Low,Completed,Approved,10,No,
APP00298,C00298,2025-06-18,B001,RM002,Savings,Individual,Low,Pending,Pending,19,No,
APP00299,C00299,2025-01-28,B006,RM012,Savings,Individual,Low,Completed,Approved,8,No,
APP00300,C00300,2025-07-06,B008,RM016,Premium,Business,Medium,Completed,Approved,5,No,
APP00301,C00301,2025-12-11,B007,RM014,Current,Individual,Medium,Completed,Rejected,6,No,
APP00302,C00302,2025-02-06,B002,RM004,Savings,Individual,Low,Completed,Rejected,3,No,
APP00303,C00303,2025-06-06,B010,RM021,Savings,Individual,Low,Completed,Pending,11,No,
APP00304,C00304,2025-01-30,B003,RM006,Current,Individual,Low,Failed,Rejected,7,No,
APP00305,C00305,2025-12-10,B006,RM012,Savings,Individual,Medium,Completed,Approved,8,No,
APP00306,C00306,2025-02-18,B006,RM013,Current,Individual,Medium,Pending,Pending,7,No,
APP00307,C00307,2025-06-11,B009,RM019,Premium,Individual,High,Completed,Approved,10,No,
APP00308,C00308,2025-10-01,B007,RM014,Current,Business,High,Completed,Approved,5,No,
APP00309,C00309,2025-12-31,B008,RM017,Business,Business,Medium,Completed,Approved,5,No,
APP00310,C00310,2025-07-29,B009,RM019,Current,Individual,Low,Completed,Approved,10,No,
APP00311,C00311,2025-06-20,B009,RM019,Savings,Individual,Low,Completed,Approved,7,Yes,Enhanced Due Diligence
APP00312,C00312,2025-03-12,B003,RM007,Savings,Individual,Low,Pending,Pending,13,No,
APP00313,C00313,2025-06-11,B006,RM013,Savings,Individual,Low,Completed,Approved,7,No,
APP00314,C00314,2025-03-02,B002,RM005,Savings,Individual,High,Completed,Approved,2,No,
APP00315,C00315,2025-04-07,B009,RM019,Business,Business,Medium,Completed,Pending,20,Yes,Enhanced Due Diligence
APP00316,C00316,2025-02-08,B006,RM012,Savings,Individual,Medium,Completed,Approved,2,No,
APP00317,C00317,2025-10-27,B004,RM009,Business,Business,Medium,Completed,Approved,9,No,
APP00318,C00318,2025-01-22,B005,RM010,Premium,Business,High,Pending,Pending,5,No,
APP00319,C00319,2025-01-19,B003,RM007,Savings,Individual,Low,Completed,Approved,5,No,
APP00320,C00320,2025-08-03,B010,RM021,Business,Business,Medium,Failed,Rejected,4,No,
APP00321,C00321,2025-07-04,B002,RM004,Current,Individual,Medium,Completed,Approved,3,No,
APP00322,C00322,2025-03-23,B010,RM020,Savings,Individual,Low,Completed,Approved,3,No,
APP00323,C00323,2025-11-22,B008,RM016,Business,Business,Medium,Completed,Approved,2,No,
APP00324,C00324,2025-08-03,B007,RM014,Savings,Individual,Medium,Completed,Approved,4,No,
APP00325,C00325,2025-03-28,B003,RM006,Savings,Individual,Low,Pending,Pending,18,No,
APP00326,C00326,2025-11-29,B005,RM011,Premium,Individual,Low,Completed,Approved,8,No,
APP00327,C00327,2025-06-01,B001,RM001,Current,Individual,Low,Completed,Approved,2,No,
APP00328,C00328,2025-05-12,B007,RM015,Premium,Individual,Low,Completed,Pending,15,No,
APP00329,C00329,2025-01-27,B007,RM015,Current,Individual,Low,Completed,Approved,8,No,
APP00330,C00330,2025-01-04,B007,RM014,Savings,Individual,Low,Completed,Approved,6,No,
APP00331,C00331,2025-04-21,B010,RM021,Current,Individual,Low,Completed,Approved,5,No,
APP00332,C00332,2025-10-23,B006,RM012,Savings,Individual,Medium,Completed,Approved,18,Yes,Risk Assessment
APP00333,C00333,2025-01-19,B004,RM009,Savings,Individual,Low,Completed,Approved,5,No,
APP00334,C00334,2025-07-24,B010,RM020,Current,Individual,Medium,Completed,Rejected,8,No,
APP00335,C00335,2025-03-14,B004,RM009,Savings,Individual,High,Failed,Rejected,5,No,
APP00336,C00336,2025-10-16,B008,RM016,Business,Business,High,Completed,Approved,2,No,
APP00337,C00337,2025-10-16,B007,RM014,Current,Individual,Medium,Completed,Approved,8,No,
APP00338,C00338,2025-02-23,B007,RM014,Current,Individual,Medium,Completed,Approved,9,No,
APP00339,C00339,2025-01-13,B007,RM014,Savings,Individual,Medium,Pending,Pending,3,No,
APP00340,C00340,2025-06-24,B002,RM005,Current,Individual,High,Completed,Approved,11,Yes,Enhanced Due Diligence
APP00341,C00341,2025-05-10,B007,RM014,Savings,Individual,High,Completed,Rejected,20,Yes,KYC Documentation
APP00342,C00342,2025-03-25,B009,RM018,Savings,Individual,Low,Pending,Pending,13,No,
APP00343,C00343,2025-04-04,B010,RM020,Savings,Individual,Medium,Completed,Approved,5,No,
APP00344,C00344,2025-12-18,B002,RM005,Savings,Individual,Medium,Completed,Approved,3,No,
APP00345,C00345,2025-11-02,B004,RM008,Business,Business,Medium,Completed,Approved,4,No,
APP00346,C00346,2025-02-27,B002,RM005,Savings,Individual,Low,Completed,Approved,3,No,
APP00347,C00347,2025-03-23,B004,RM008,Current,Business,High,Completed,Rejected,6,No,
APP00348,C00348,2025-03-06,B007,RM014,Premium,Individual,Low,Pending,Pending,17,No,
APP00349,C00349,2025-04-30,B004,RM008,Savings,Individual,Medium,Completed,Approved,9,No,
APP00350,C00350,2025-01-28,B002,RM004,Savings,Individual,Medium,Completed,Approved,10,No,
APP00351,C00351,2025-10-02,B005,RM010,Savings,Individual,Low,Pending,Pending,6,No,
APP00352,C00352,2025-10-08,B007,RM014,Business,Business,Medium,Pending,Pending,2,No,
APP00353,C00353,2025-07-24,B005,RM011,Current,Individual,Medium,Completed,Approved,2,No,
APP00354,C00354,2025-02-10,B006,RM013,Savings,Individual,Low,Failed,Rejected,3,No,
APP00355,C00355,2025-08-04,B008,RM016,Current,Individual,Low,Failed,Rejected,6,No,
APP00356,C00356,2025-01-28,B003,RM007,Current,Individual,Medium,Pending,Pending,9,No,
APP00357,C00357,2025-08-01,B004,RM008,Premium,Individual,Low,Completed,Approved,4,No,
APP00358,C00358,2025-05-19,B008,RM017,Business,Business,Medium,Completed,Approved,5,Yes,Sanctions Screening
APP00359,C00359,2025-11-28,B009,RM019,Savings,Individual,Low,Completed,Approved,4,No,
APP00360,C00360,2025-12-22,B002,RM004,Savings,Individual,Low,Completed,Rejected,3,No,
APP00361,C00361,2025-07-05,B008,RM016,Current,Individual,Low,Completed,Approved,6,No,
APP00362,C00362,2025-08-29,B001,RM001,Current,Individual,Low,Completed,Approved,9,No,
APP00363,C00363,2025-01-02,B004,RM008,Premium,Individual,Low,Completed,Approved,7,No,
APP00364,C00364,2025-09-03,B007,RM015,Current,Business,Medium,Completed,Approved,8,No,
APP00365,C00365,2025-02-14,B009,RM019,Current,Individual,Low,Completed,Approved,9,No,
APP00366,C00366,2025-03-20,B009,RM019,Savings,Individual,Low,Completed,Approved,4,No,
APP00367,C00367,2025-09-20,B005,RM010,Current,Business,High,Completed,Rejected,7,Yes,KYC Documentation
APP00368,C00368,2025-12-29,B007,RM014,Current,Individual,Medium,Completed,Approved,2,No,
APP00369,C00369,2025-01-01,B002,RM005,Savings,Individual,Low,Completed,Approved,10,No,
APP00370,C00370,2025-08-06,B010,RM020,Savings,Individual,Low,Completed,Approved,10,No,
APP00371,C00371,2025-09-21,B006,RM013,Current,Business,Medium,Completed,Approved,8,No,
APP00372,C00372,2025-07-13,B006,RM013,Current,Individual,Low,Completed,Approved,7,No,
APP00373,C00373,2025-11-22,B001,RM003,Current,Individual,Medium,Completed,Approved,3,No,
APP00374,C00374,2025-03-31,B008,RM016,Savings,Individual,High,Completed,Approved,7,No,
APP00375,C00375,2025-05-02,B005,RM010,Premium,Individual,Low,Failed,Rejected,7,No,
APP00376,C00376,2025-12-18,B007,RM015,Premium,Individual,Low,Completed,Approved,3,No,
APP00377,C00377,2025-10-23,B001,RM002,Current,Individual,Medium,Completed,Approved,6,No,
APP00378,C00378,2025-10-12,B006,RM013,Current,Individual,Low,Completed,Pending,8,No,
APP00379,C00379,2025-08-30,B002,RM005,Business,Business,Medium,Completed,Approved,8,No,
APP00380,C00380,2025-09-06,B003,RM007,Current,Business,Medium,Pending,Pending,4,No,
APP00381,C00381,2025-07-07,B003,RM007,Business,Business,Medium,Completed,Approved,2,No,
APP00382,C00382,2025-08-30,B008,RM017,Premium,Individual,Medium,Completed,Approved,18,Yes,Enhanced Due Diligence
APP00383,C00383,2025-10-08,B007,RM015,Current,Individual,Low,Completed,Approved,9,No,
APP00384,C00384,2025-12-25,B010,RM021,Savings,Individual,Medium,Completed,Approved,2,No,
APP00385,C00385,2025-06-17,B010,RM020,Premium,Individual,Low,Failed,Rejected,2,No,
APP00386,C00386,2025-01-18,B004,RM009,Current,Individual,Medium,Pending,Pending,19,No,
APP00387,C00387,2025-01-01,B001,RM001,Savings,Individual,Medium,Completed,Approved,9,No,
APP00388,C00388,2025-10-12,B009,RM018,Current,Business,Medium,Completed,Approved,16,Yes,Enhanced Due Diligence
APP00389,C00389,2025-01-25,B001,RM003,Savings,Individual,Medium,Completed,Approved,4,No,
APP00390,C00390,2025-12-18,B009,RM019,Savings,Individual,Medium,Completed,Approved,4,No,
APP00391,C00391,2025-01-17,B002,RM004,Savings,Individual,Low,Completed,Approved,9,No,
APP00392,C00392,2025-07-06,B002,RM005,Savings,Individual,Medium,Pending,Pending,20,No,
APP00393,C00393,2025-08-31,B007,RM014,Savings,Individual,Low,Completed,Approved,7,No,
APP00394,C00394,2025-11-24,B002,RM005,Current,Individual,Low,Completed,Approved,9,No,
APP00395,C00395,2025-06-08,B005,RM011,Premium,Individual,Low,Completed,Approved,8,No,
APP00396,C00396,2025-12-06,B001,RM002,Current,Individual,Low,Completed,Approved,4,No,
APP00397,C00397,2025-01-29,B002,RM004,Business,Business,High,Completed,Approved,5,No,
APP00398,C00398,2025-08-14,B002,RM004,Savings,Individual,Low,Completed,Approved,7,No,
APP00399,C00399,2025-02-17,B001,RM001,Savings,Individual,Medium,Pending,Pending,7,No,
APP00400,C00400,2025-05-03,B001,RM003,Savings,Individual,High,Completed,Approved,5,No,
APP00401,C00401,2025-08-16,B007,RM015,Business,Business,Medium,Completed,Approved,9,No,
APP00402,C00402,2025-07-14,B001,RM002,Savings,Individual,Low,Completed,Approved,2,No,
APP00403,C00403,2025-09-29,B005,RM011,Savings,Individual,Medium,Completed,Approved,9,No,
APP00404,C00404,2025-06-04,B005,RM010,Savings,Individual,Medium,Completed,Pending,14,Yes,KYC Documentation
APP00405,C00405,2025-11-12,B009,RM019,Premium,Individual,Medium,Completed,Approved,6,No,
APP00406,C00406,2025-10-29,B001,RM001,Savings,Individual,Low,Completed,Approved,7,No,
APP00407,C00407,2025-09-15,B004,RM009,Savings,Individual,Low,Completed,Approved,7,No,
APP00408,C00408,2025-08-16,B004,RM008,Current,Individual,Low,Completed,Approved,10,No,
APP00409,C00409,2025-08-12,B007,RM014,Current,Individual,Low,Completed,Approved,7,No,
APP00410,C00410,2025-03-16,B006,RM012,Savings,Individual,Low,Failed,Rejected,7,No,
APP00411,C00411,2025-10-30,B004,RM009,Savings,Individual,Low,Completed,Approved,2,No,
APP00412,C00412,2025-12-25,B007,RM015,Savings,Individual,Low,Completed,Approved,10,No,
APP00413,C00413,2025-05-09,B002,RM005,Savings,Individual,Medium,Completed,Approved,10,No,
APP00414,C00414,2025-12-09,B006,RM012,Current,Business,Medium,Failed,Rejected,4,No,
APP00415,C00415,2025-11-02,B005,RM011,Savings,Individual,Medium,Completed,Approved,8,No,
APP00416,C00416,2025-03-02,B008,RM017,Current,Individual,Low,Completed,Approved,9,No,
APP00417,C00417,2025-12-22,B004,RM009,Business,Business,High,Completed,Rejected,6,No,
APP00418,C00418,2025-01-05,B002,RM004,Current,Individual,Low,Pending,Pending,2,No,
APP00419,C00419,2025-03-21,B006,RM013,Business,Business,Medium,Completed,Approved,7,No,
APP00420,C00420,2025-11-12,B008,RM016,Savings,Individual,Low,Pending,Pending,16,No,
APP00421,C00421,2025-12-06,B008,RM017,Premium,Individual,Low,Pending,Pending,1,No,
APP00422,C00422,2025-06-21,B008,RM016,Savings,Individual,Medium,Pending,Pending,10,No,
APP00423,C00423,2025-10-07,B004,RM008,Current,Individual,Medium,Completed,Approved,9,No,
APP00424,C00424,2025-10-08,B006,RM012,Premium,Business,High,Pending,Pending,20,No,
APP00425,C00425,2025-03-14,B003,RM007,Savings,Individual,Low,Pending,Pending,10,No,
APP00426,C00426,2025-08-29,B009,RM019,Savings,Individual,High,Failed,Rejected,4,No,
APP00427,C00427,2025-11-08,B009,RM018,Savings,Individual,Low,Completed,Approved,2,No,
APP00428,C00428,2025-05-31,B003,RM007,Savings,Individual,Medium,Completed,Approved,3,No,
APP00429,C00429,2025-09-04,B006,RM013,Premium,Individual,Low,Completed,Approved,4,No,
APP00430,C00430,2025-02-11,B001,RM003,Savings,Individual,Low,Completed,Approved,7,No,
APP00431,C00431,2025-10-02,B010,RM020,Savings,Individual,Low,Completed,Approved,4,No,
APP00432,C00432,2025-08-05,B006,RM013,Premium,Business,High,Completed,Approved,10,No,
APP00433,C00433,2025-09-23,B006,RM012,Current,Individual,Medium,Completed,Rejected,6,No,
APP00434,C00434,2025-08-25,B003,RM006,Savings,Individual,Low,Pending,Pending,11,No,
APP00435,C00435,2025-05-31,B009,RM019,Current,Business,Medium,Completed,Pending,14,No,
APP00436,C00436,2025-02-05,B003,RM007,Business,Business,Medium,Completed,Approved,9,Yes,Compliance Review
APP00437,C00437,2025-10-25,B010,RM021,Current,Individual,High,Failed,Rejected,3,No,
APP00438,C00438,2025-08-01,B010,RM021,Business,Business,Medium,Failed,Rejected,2,No,
APP00439,C00439,2025-12-20,B006,RM013,Savings,Individual,Low,Completed,Approved,9,No,
APP00440,C00440,2025-06-20,B006,RM013,Current,Individual,Medium,Completed,Approved,11,Yes,Risk Assessment
APP00441,C00441,2025-05-09,B001,RM002,Savings,Individual,Medium,Completed,Approved,3,No,
APP00442,C00442,2025-03-20,B007,RM015,Premium,Individual,Low,Completed,Approved,6,No,
APP00443,C00443,2025-09-03,B003,RM007,Current,Individual,Medium,Completed,Approved,7,No,
APP00444,C00444,2025-07-28,B002,RM004,Savings,Individual,Medium,Completed,Rejected,5,No,
APP00445,C00445,2025-10-11,B002,RM004,Savings,Individual,Medium,Completed,Approved,5,No,
APP00446,C00446,2025-02-01,B010,RM020,Savings,Individual,Medium,Failed,Rejected,5,No,
APP00447,C00447,2025-01-15,B009,RM018,Savings,Individual,Medium,Completed,Approved,2,No,
APP00448,C00448,2025-06-11,B008,RM017,Savings,Individual,Low,Pending,Pending,4,No,
APP00449,C00449,2025-07-13,B008,RM016,Current,Individual,Medium,Completed,Approved,6,No,
APP00450,C00450,2025-05-04,B002,RM004,Premium,Individual,Low,Completed,Approved,4,No,
APP00451,C00451,2025-11-30,B003,RM007,Savings,Individual,Low,Completed,Approved,8,No,
APP00452,C00452,2025-11-22,B005,RM011,Business,Business,Medium,Completed,Approved,7,No,
APP00453,C00453,2025-08-03,B002,RM005,Current,Business,High,Completed,Approved,9,Yes,Risk Assessment
APP00454,C00454,2025-11-17,B007,RM014,Savings,Individual,Low,Completed,Approved,10,No,
APP00455,C00455,2025-04-06,B005,RM010,Current,Individual,Low,Completed,Approved,2,No,
APP00456,C00456,2025-07-22,B010,RM020,Current,Individual,Medium,Completed,Pending,16,No,
APP00457,C00457,2025-11-15,B003,RM007,Business,Business,High,Pending,Pending,11,No,
APP00458,C00458,2025-09-20,B004,RM009,Business,Business,High,Completed,Approved,14,Yes,KYC Documentation
APP00459,C00459,2025-02-10,B009,RM018,Savings,Individual,Medium,Completed,Rejected,10,Yes,Sanctions Screening
APP00460,C00460,2025-06-23,B009,RM018,Current,Business,Medium,Completed,Pending,17,No,
APP00461,C00461,2025-08-10,B002,RM005,Current,Individual,Medium,Completed,Approved,6,No,
APP00462,C00462,2025-07-19,B005,RM010,Premium,Individual,High,Completed,Approved,6,No,
APP00463,C00463,2025-03-31,B010,RM020,Savings,Individual,Low,Completed,Rejected,8,No,
APP00464,C00464,2025-09-30,B008,RM017,Current,Individual,Low,Failed,Rejected,5,No,
APP00465,C00465,2025-01-19,B008,RM016,Current,Business,Medium,Completed,Pending,12,Yes,Enhanced Due Diligence
APP00466,C00466,2025-12-12,B006,RM013,Premium,Individual,Low,Completed,Approved,9,No,
APP00467,C00467,2025-02-16,B007,RM014,Savings,Individual,Medium,Completed,Approved,4,No,
APP00468,C00468,2025-01-09,B005,RM010,Savings,Individual,Low,Completed,Approved,8,No,
APP00469,C00469,2025-05-31,B004,RM008,Premium,Individual,Low,Completed,Approved,9,No,
APP00470,C00470,2025-10-07,B004,RM008,Business,Business,Medium,Completed,Approved,7,No,
APP00471,C00471,2025-04-06,B008,RM016,Current,Individual,Low,Completed,Approved,2,No,
APP00472,C00472,2025-05-05,B005,RM011,Savings,Individual,Low,Completed,Approved,9,No,
APP00473,C00473,2025-10-15,B010,RM020,Business,Business,Medium,Completed,Rejected,7,No,
APP00474,C00474,2025-01-04,B009,RM018,Business,Business,High,Completed,Approved,5,No,
APP00475,C00475,2025-05-17,B003,RM006,Business,Business,High,Completed,Rejected,8,No,
APP00476,C00476,2025-11-22,B005,RM011,Current,Business,Medium,Completed,Approved,8,No,
APP00477,C00477,2025-03-30,B009,RM018,Business,Business,Medium,Completed,Approved,9,No,
APP00478,C00478,2025-09-13,B009,RM019,Premium,Individual,Medium,Completed,Approved,7,No,
APP00479,C00479,2025-04-20,B005,RM011,Savings,Individual,Low,Completed,Approved,5,No,
APP00480,C00480,2025-02-01,B004,RM009,Savings,Individual,Low,Pending,Pending,15,No,
APP00481,C00481,2025-04-23,B003,RM006,Business,Business,Medium,Completed,Approved,10,No,
APP00482,C00482,2025-06-26,B001,RM003,Premium,Individual,Medium,Completed,Pending,5,No,
APP00483,C00483,2025-06-09,B009,RM018,Current,Individual,Low,Completed,Approved,4,No,
APP00484,C00484,2025-06-19,B009,RM018,Current,Individual,Medium,Completed,Approved,5,No,
APP00485,C00485,2025-10-24,B003,RM006,Current,Individual,Low,Completed,Rejected,7,No,
APP00486,C00486,2025-01-20,B005,RM010,Business,Business,High,Completed,Approved,7,Yes,KYC Documentation
APP00487,C00487,2025-07-04,B008,RM016,Savings,Individual,Medium,Completed,Approved,6,No,
APP00488,C00488,2025-07-24,B009,RM018,Business,Business,High,Pending,Pending,15,No,
APP00489,C00489,2025-04-30,B003,RM006,Business,Business,High,Completed,Rejected,4,No,
APP00490,C00490,2025-07-14,B003,RM006,Current,Business,High,Completed,Rejected,6,No,
APP00491,C00491,2025-12-10,B003,RM007,Business,Business,Medium,Pending,Pending,9,No,
APP00492,C00492,2025-12-10,B003,RM006,Current,Individual,Low,Completed,Approved,4,No,
APP00493,C00493,2025-11-16,B007,RM015,Savings,Individual,Low,Completed,Approved,10,No,
APP00494,C00494,2025-11-05,B009,RM019,Premium,Individual,Medium,Completed,Pending,19,No,
APP00495,C00495,2025-01-15,B005,RM010,Savings,Individual,Medium,Completed,Pending,12,No,
APP00496,C00496,2025-12-13,B005,RM011,Savings,Individual,Low,Completed,Approved,6,No,
APP00497,C00497,2025-03-23,B006,RM013,Premium,Individual,High,Completed,Approved,15,Yes,KYC Documentation
APP00498,C00498,2025-04-16,B003,RM006,Savings,Individual,Low,Completed,Approved,5,No,
APP00499,C00499,2025-05-06,B001,RM003,Savings,Individual,Medium,Completed,Approved,20,Yes,Enhanced Due Diligence
APP00500,C00500,2025-02-16,B001,RM003,Current,Business,Medium,Pending,Pending,13,No,
APP00501,C00501,2025-03-15,B009,RM019,Savings,Individual,Low,Completed,Approved,2,No,
APP00502,C00502,2025-06-14,B002,RM005,Savings,Individual,Low,Pending,Pending,18,No,
APP00503,C00503,2025-02-08,B009,RM018,Savings,Individual,Medium,Completed,Pending,16,No,
APP00504,C00504,2025-04-22,B005,RM011,Savings,Individual,Low,Completed,Approved,7,No,
APP00505,C00505,2025-07-26,B008,RM016,Business,Business,Medium,Completed,Pending,20,Yes,Risk Assessment
APP00506,C00506,2025-03-26,B002,RM004,Savings,Individual,Low,Completed,Rejected,5,No,
APP00507,C00507,2025-07-07,B005,RM010,Savings,Individual,Medium,Completed,Approved,6,No,
APP00508,C00508,2025-06-30,B001,RM001,Savings,Individual,Low,Pending,Pending,11,No,
APP00509,C00509,2025-10-18,B001,RM002,Savings,Individual,Medium,Completed,Rejected,2,No,
APP00510,C00510,2025-06-25,B010,RM020,Business,Business,High,Completed,Approved,8,No,
APP00511,C00511,2025-03-10,B007,RM014,Business,Business,Medium,Completed,Approved,6,No,
APP00512,C00512,2025-09-21,B003,RM006,Current,Individual,Medium,Completed,Approved,3,No,
APP00513,C00513,2025-10-14,B008,RM016,Savings,Individual,Medium,Completed,Approved,7,No,
APP00514,C00514,2025-03-09,B003,RM007,Current,Individual,Medium,Completed,Approved,2,No,
APP00515,C00515,2025-08-21,B006,RM013,Business,Business,Medium,Pending,Pending,17,No,
APP00516,C00516,2025-11-27,B006,RM012,Current,Individual,Low,Failed,Rejected,3,No,
APP00517,C00517,2025-02-08,B006,RM012,Current,Individual,Low,Completed,Approved,4,No,
APP00518,C00518,2025-02-17,B001,RM001,Premium,Individual,Low,Completed,Approved,6,No,
APP00519,C00519,2025-06-13,B002,RM005,Current,Business,High,Completed,Approved,4,No,
APP00520,C00520,2025-08-31,B007,RM014,Savings,Individual,Low,Completed,Approved,9,No,
APP00521,C00521,2025-04-14,B008,RM016,Current,Business,Medium,Completed,Approved,6,No,
APP00522,C00522,2025-01-30,B009,RM018,Savings,Individual,Medium,Completed,Approved,5,No,
APP00523,C00523,2025-03-30,B008,RM016,Premium,Individual,Medium,Completed,Pending,14,Yes,Enhanced Due Diligence
APP00524,C00524,2025-05-27,B010,RM020,Savings,Individual,Medium,Completed,Approved,8,No,
APP00525,C00525,2025-04-30,B001,RM001,Savings,Individual,Medium,Completed,Approved,6,No,
APP00526,C00526,2025-02-16,B002,RM005,Savings,Individual,Medium,Completed,Approved,2,No,
APP00527,C00527,2025-07-05,B005,RM010,Current,Business,Medium,Completed,Approved,7,No,
APP00528,C00528,2025-10-26,B004,RM008,Savings,Individual,Medium,Completed,Approved,9,No,
APP00529,C00529,2025-11-08,B008,RM016,Savings,Individual,Medium,Pending,Pending,3,No,
APP00530,C00530,2025-03-11,B009,RM019,Savings,Individual,Low,Completed,Approved,7,No,
APP00531,C00531,2025-06-04,B010,RM021,Current,Business,High,Completed,Approved,7,Yes,Compliance Review
APP00532,C00532,2025-02-28,B009,RM019,Current,Individual,Medium,Completed,Rejected,3,No,
APP00533,C00533,2025-05-15,B005,RM011,Savings,Individual,High,Completed,Approved,5,No,
APP00534,C00534,2025-04-20,B005,RM010,Current,Business,High,Completed,Approved,4,No,
APP00535,C00535,2025-08-25,B010,RM020,Current,Individual,Low,Completed,Approved,5,No,
APP00536,C00536,2025-05-29,B003,RM007,Premium,Individual,Medium,Completed,Approved,5,Yes,Enhanced Due Diligence
APP00537,C00537,2025-03-26,B010,RM020,Current,Individual,Medium,Completed,Approved,10,No,
APP00538,C00538,2025-02-12,B001,RM002,Business,Business,High,Failed,Rejected,2,No,
APP00539,C00539,2025-02-17,B003,RM006,Savings,Individual,Low,Completed,Approved,4,No,
APP00540,C00540,2025-11-13,B006,RM012,Savings,Individual,Medium,Completed,Approved,10,No,
APP00541,C00541,2025-12-31,B009,RM019,Premium,Individual,Medium,Completed,Approved,7,No,
APP00542,C00542,2025-03-22,B007,RM015,Current,Individual,Low,Completed,Approved,2,No,
APP00543,C00543,2025-09-20,B005,RM010,Premium,Individual,Low,Completed,Approved,8,No,
APP00544,C00544,2025-10-15,B006,RM013,Current,Individual,High,Completed,Approved,4,No,
APP00545,C00545,2025-04-30,B002,RM004,Savings,Individual,Low,Completed,Approved,9,No,
APP00546,C00546,2025-01-28,B009,RM019,Business,Business,Medium,Failed,Rejected,7,No,
APP00547,C00547,2025-12-23,B003,RM006,Savings,Individual,Medium,Failed,Rejected,5,No,
APP00548,C00548,2025-02-13,B006,RM012,Savings,Individual,Medium,Completed,Approved,3,No,
APP00549,C00549,2025-11-13,B003,RM006,Savings,Individual,Medium,Completed,Approved,6,No,
APP00550,C00550,2025-01-19,B006,RM013,Premium,Individual,Low,Completed,Approved,5,No,
APP00551,C00551,2025-03-23,B001,RM001,Premium,Individual,Medium,Completed,Approved,6,No,
APP00552,C00552,2025-10-31,B001,RM003,Current,Individual,Low,Completed,Approved,13,Yes,KYC Documentation
APP00553,C00553,2025-09-23,B005,RM011,Business,Business,Medium,Completed,Approved,9,No,
APP00554,C00554,2025-08-21,B008,RM017,Business,Business,Medium,Completed,Approved,9,No,
APP00555,C00555,2025-03-19,B009,RM018,Savings,Individual,Low,Completed,Approved,5,No,
APP00556,C00556,2025-03-02,B007,RM014,Current,Individual,Medium,Completed,Approved,10,No,
APP00557,C00557,2025-02-09,B003,RM006,Current,Individual,High,Completed,Approved,2,No,
APP00558,C00558,2025-06-11,B009,RM019,Savings,Individual,Medium,Completed,Approved,2,No,
APP00559,C00559,2025-04-07,B007,RM015,Savings,Individual,Medium,Completed,Approved,5,No,
APP00560,C00560,2025-01-31,B010,RM020,Current,Individual,Low,Completed,Approved,7,No,
APP00561,C00561,2025-11-01,B005,RM010,Savings,Individual,Medium,Completed,Approved,8,No,
APP00562,C00562,2025-07-23,B008,RM016,Savings,Individual,Medium,Completed,Approved,5,No,
APP00563,C00563,2025-04-22,B005,RM010,Savings,Individual,Medium,Completed,Approved,15,Yes,KYC Documentation
APP00564,C00564,2025-09-25,B001,RM003,Current,Business,Medium,Completed,Approved,3,No,
APP00565,C00565,2025-05-21,B009,RM019,Business,Business,Medium,Completed,Approved,4,No,
APP00566,C00566,2025-04-21,B004,RM008,Current,Business,High,Completed,Pending,17,No,
APP00567,C00567,2025-06-22,B005,RM010,Business,Business,Medium,Pending,Pending,16,No,
APP00568,C00568,2025-05-31,B009,RM019,Premium,Individual,High,Completed,Approved,10,No,
APP00569,C00569,2025-04-09,B010,RM021,Savings,Individual,Low,Completed,Approved,7,No,
APP00570,C00570,2025-11-04,B010,RM020,Current,Business,Medium,Completed,Approved,4,No,
APP00571,C00571,2025-09-26,B010,RM021,Business,Business,High,Pending,Pending,11,No,
APP00572,C00572,2025-10-05,B004,RM008,Savings,Individual,Low,Completed,Approved,7,No,
APP00573,C00573,2025-05-21,B008,RM016,Savings,Individual,Medium,Completed,Approved,3,No,
APP00574,C00574,2025-10-22,B002,RM005,Savings,Individual,Medium,Failed,Rejected,2,No,
APP00575,C00575,2025-04-20,B002,RM005,Business,Business,High,Pending,Pending,17,No,
APP00576,C00576,2025-03-26,B010,RM020,Current,Individual,Medium,Completed,Approved,10,No,
APP00577,C00577,2025-04-16,B003,RM007,Current,Business,Medium,Completed,Approved,5,No,
APP00578,C00578,2025-03-16,B002,RM004,Savings,Individual,Medium,Failed,Rejected,6,No,
APP00579,C00579,2025-01-09,B003,RM007,Current,Individual,Low,Completed,Approved,9,No,
APP00580,C00580,2025-07-06,B006,RM013,Current,Individual,Low,Completed,Approved,6,No,
APP00581,C00581,2025-09-22,B004,RM009,Savings,Individual,Low,Completed,Approved,3,No,
APP00582,C00582,2025-07-21,B001,RM002,Premium,Business,High,Completed,Approved,8,No,
APP00583,C00583,2025-04-27,B005,RM011,Current,Individual,High,Completed,Rejected,6,No,
APP00584,C00584,2025-08-15,B002,RM005,Savings,Individual,Medium,Completed,Approved,14,Yes,Enhanced Due Diligence
APP00585,C00585,2025-01-03,B008,RM017,Current,Individual,Low,Completed,Approved,6,No,
APP00586,C00586,2025-02-10,B005,RM010,Savings,Individual,Low,Completed,Approved,6,No,
APP00587,C00587,2025-12-31,B006,RM013,Current,Individual,Low,Completed,Approved,8,No,
APP00588,C00588,2025-10-03,B007,RM014,Current,Individual,Medium,Completed,Approved,2,No,
APP00589,C00589,2025-04-12,B010,RM020,Savings,Individual,Low,Pending,Pending,3,No,
APP00590,C00590,2025-02-15,B010,RM020,Premium,Individual,Medium,Completed,Approved,2,No,
APP00591,C00591,2025-06-20,B010,RM020,Premium,Individual,Low,Completed,Approved,7,No,
APP00592,C00592,2025-05-13,B010,RM021,Business,Business,Medium,Completed,Rejected,5,No,
APP00593,C00593,2025-09-17,B002,RM004,Premium,Individual,Medium,Completed,Pending,12,No,
APP00594,C00594,2025-09-13,B007,RM014,Savings,Individual,Medium,Completed,Approved,5,No,
APP00595,C00595,2025-05-29,B009,RM018,Savings,Individual,Medium,Pending,Pending,9,No,
APP00596,C00596,2025-11-20,B007,RM015,Savings,Individual,Low,Completed,Approved,7,No,
APP00597,C00597,2025-12-12,B008,RM016,Savings,Individual,Medium,Completed,Approved,2,No,
APP00598,C00598,2025-02-14,B008,RM017,Savings,Individual,Low,Completed,Approved,4,No,
APP00599,C00599,2025-03-19,B004,RM008,Current,Business,Medium,Completed,Approved,17,Yes,Enhanced Due Diligence
APP00600,C00600,2025-10-28,B004,RM009,Savings,Individual,Low,Completed,Approved,3,No,
APP00601,C00601,2025-11-30,B005,RM010,Business,Business,High,Pending,Pending,15,No,
APP00602,C00602,2025-04-17,B007,RM014,Current,Business,High,Completed,Approved,2,No,
APP00603,C00603,2025-10-25,B008,RM016,Savings,Individual,Medium,Completed,Approved,5,No,
APP00604,C00604,2025-05-13,B002,RM005,Business,Business,Medium,Completed,Approved,8,No,
APP00605,C00605,2025-12-16,B006,RM013,Savings,Individual,Low,Pending,Pending,12,No,
APP00606,C00606,2025-01-17,B002,RM004,Savings,Individual,Medium,Completed,Approved,13,Yes,KYC Documentation
APP00607,C00607,2025-01-10,B010,RM021,Savings,Individual,Low,Completed,Approved,10,No,
APP00608,C00608,2025-05-20,B001,RM001,Savings,Individual,High,Completed,Approved,9,No,
APP00609,C00609,2025-01-18,B004,RM009,Premium,Individual,Low,Completed,Approved,7,No,
APP00610,C00610,2025-12-31,B006,RM013,Current,Individual,Medium,Completed,Approved,6,No,
APP00611,C00611,2025-04-03,B007,RM014,Current,Individual,Low,Completed,Approved,8,No,
APP00612,C00612,2025-08-08,B009,RM019,Premium,Individual,Low,Completed,Approved,9,No,
APP00613,C00613,2025-12-23,B007,RM015,Premium,Individual,Low,Completed,Approved,9,No,
APP00614,C00614,2025-06-25,B006,RM012,Current,Individual,Low,Completed,Pending,18,Yes,Enhanced Due Diligence
APP00615,C00615,2025-02-04,B005,RM010,Business,Business,High,Completed,Approved,9,No,
APP00616,C00616,2025-10-24,B008,RM016,Current,Individual,High,Completed,Pending,10,No,
APP00617,C00617,2025-04-30,B004,RM008,Savings,Individual,Low,Completed,Approved,5,No,
APP00618,C00618,2025-10-10,B005,RM011,Savings,Individual,Low,Completed,Approved,10,No,
APP00619,C00619,2025-11-07,B008,RM016,Savings,Individual,High,Completed,Pending,6,Yes,Compliance Review
APP00620,C00620,2025-01-28,B004,RM009,Premium,Individual,Medium,Completed,Approved,8,Yes,Sanctions Screening
APP00621,C00621,2025-03-06,B004,RM009,Savings,Individual,Low,Completed,Approved,7,No,
APP00622,C00622,2025-08-18,B010,RM021,Current,Individual,Low,Completed,Approved,2,No,
APP00623,C00623,2025-05-19,B008,RM017,Savings,Individual,Medium,Pending,Pending,19,No,
APP00624,C00624,2025-06-04,B010,RM020,Business,Business,Medium,Completed,Pending,14,Yes,Compliance Review
APP00625,C00625,2025-03-30,B003,RM006,Savings,Individual,Low,Completed,Approved,5,No,
APP00626,C00626,2025-06-10,B004,RM008,Business,Business,Medium,Completed,Approved,10,No,
APP00627,C00627,2025-04-14,B005,RM011,Savings,Individual,Low,Completed,Approved,9,No,
APP00628,C00628,2025-07-03,B006,RM012,Business,Business,Medium,Pending,Pending,16,No,
APP00629,C00629,2025-10-21,B004,RM008,Business,Business,High,Failed,Rejected,2,No,
APP00630,C00630,2025-12-04,B003,RM006,Premium,Individual,Low,Completed,Approved,7,No,
APP00631,C00631,2025-07-13,B009,RM019,Business,Business,High,Completed,Approved,3,No,
APP00632,C00632,2025-02-12,B007,RM014,Current,Individual,Medium,Completed,Pending,7,No,
APP00633,C00633,2025-09-26,B008,RM017,Savings,Individual,Low,Pending,Pending,15,No,
APP00634,C00634,2025-01-20,B001,RM003,Premium,Individual,Low,Completed,Approved,3,No,
APP00635,C00635,2025-01-02,B009,RM019,Savings,Individual,Medium,Completed,Approved,8,No,
APP00636,C00636,2025-03-03,B008,RM017,Current,Business,Medium,Completed,Approved,8,No,
APP00637,C00637,2025-12-31,B006,RM012,Premium,Individual,Medium,Completed,Rejected,8,No,
APP00638,C00638,2025-09-16,B006,RM013,Savings,Individual,Low,Completed,Approved,6,No,
APP00639,C00639,2025-03-30,B006,RM012,Savings,Individual,Low,Completed,Approved,5,No,
APP00640,C00640,2025-12-10,B004,RM009,Premium,Individual,Low,Completed,Approved,7,No,
APP00641,C00641,2025-12-30,B002,RM005,Savings,Individual,Low,Completed,Approved,9,No,
APP00642,C00642,2025-05-30,B002,RM005,Business,Business,Medium,Completed,Approved,9,No,
APP00643,C00643,2025-01-03,B005,RM011,Savings,Individual,Low,Completed,Approved,4,No,
APP00644,C00644,2025-06-24,B006,RM013,Savings,Individual,Medium,Completed,Approved,3,No,
APP00645,C00645,2025-11-29,B009,RM019,Savings,Individual,Low,Completed,Approved,4,No,
APP00646,C00646,2025-03-26,B009,RM019,Savings,Individual,Medium,Completed,Approved,8,No,
APP00647,C00647,2025-12-07,B006,RM012,Current,Business,Medium,Completed,Approved,8,No,
APP00648,C00648,2025-07-04,B006,RM012,Current,Individual,Medium,Pending,Pending,7,No,
APP00649,C00649,2025-10-09,B001,RM001,Premium,Individual,Low,Failed,Rejected,6,No,
APP00650,C00650,2025-11-28,B009,RM018,Savings,Individual,Low,Failed,Rejected,5,No,
APP00651,C00651,2025-02-02,B002,RM004,Current,Individual,Low,Completed,Approved,10,No,
APP00652,C00652,2025-03-10,B005,RM011,Savings,Individual,Medium,Failed,Rejected,7,No,
APP00653,C00653,2025-01-01,B008,RM017,Savings,Individual,Low,Completed,Rejected,5,No,
APP00654,C00654,2025-01-05,B001,RM002,Savings,Individual,Medium,Completed,Approved,2,No,
APP00655,C00655,2025-08-17,B004,RM009,Current,Business,High,Completed,Approved,6,Yes,Sanctions Screening
APP00656,C00656,2025-09-28,B006,RM012,Savings,Individual,Medium,Completed,Approved,8,No,
APP00657,C00657,2025-10-24,B002,RM004,Savings,Individual,Medium,Completed,Rejected,6,Yes,Risk Assessment
APP00658,C00658,2025-10-20,B002,RM004,Current,Individual,Medium,Failed,Rejected,6,No,
APP00659,C00659,2025-05-01,B008,RM017,Current,Individual,Low,Completed,Approved,8,No,
APP00660,C00660,2025-09-09,B005,RM011,Savings,Individual,Medium,Completed,Approved,4,No,
APP00661,C00661,2025-11-12,B005,RM011,Savings,Individual,Low,Completed,Approved,6,No,
APP00662,C00662,2025-12-11,B007,RM015,Premium,Individual,Low,Pending,Pending,11,No,
APP00663,C00663,2025-07-22,B001,RM001,Savings,Individual,Low,Completed,Approved,7,No,
APP00664,C00664,2025-12-13,B003,RM006,Savings,Individual,Low,Completed,Approved,10,No,
APP00665,C00665,2025-02-22,B009,RM018,Savings,Individual,Medium,Completed,Approved,7,No,
APP00666,C00666,2025-01-02,B008,RM016,Current,Individual,Medium,Pending,Pending,2,No,
APP00667,C00667,2025-04-10,B008,RM016,Savings,Individual,Low,Completed,Approved,2,No,
APP00668,C00668,2025-04-06,B008,RM016,Savings,Individual,Low,Completed,Approved,5,No,
APP00669,C00669,2025-01-30,B008,RM017,Business,Business,Medium,Completed,Approved,6,No,
APP00670,C00670,2025-06-26,B007,RM015,Business,Business,Medium,Completed,Pending,12,No,
APP00671,C00671,2025-05-04,B002,RM005,Current,Individual,Low,Completed,Approved,9,No,
APP00672,C00672,2025-05-13,B009,RM018,Business,Business,Medium,Completed,Pending,15,Yes,KYC Documentation
APP00673,C00673,2025-02-14,B002,RM004,Savings,Individual,Low,Completed,Approved,6,No,
APP00674,C00674,2025-08-27,B004,RM008,Business,Business,Medium,Completed,Approved,7,No,
APP00675,C00675,2025-12-29,B005,RM011,Savings,Individual,Medium,Completed,Approved,2,No,
APP00676,C00676,2025-02-01,B008,RM016,Premium,Individual,Low,Completed,Approved,5,No,
APP00677,C00677,2025-07-24,B006,RM012,Current,Individual,Medium,Completed,Approved,5,No,
APP00678,C00678,2025-04-10,B002,RM004,Current,Individual,Medium,Completed,Approved,6,No,
APP00679,C00679,2025-03-08,B004,RM008,Business,Business,Medium,Completed,Approved,4,No,
APP00680,C00680,2025-09-24,B002,RM004,Current,Individual,Medium,Completed,Approved,5,No,
APP00681,C00681,2025-09-12,B003,RM007,Premium,Individual,Low,Completed,Approved,5,No,
APP00682,C00682,2025-02-22,B006,RM012,Premium,Individual,Low,Completed,Approved,2,No,
APP00683,C00683,2025-01-04,B006,RM012,Current,Individual,Medium,Completed,Approved,5,No,
APP00684,C00684,2025-05-09,B008,RM016,Premium,Individual,Low,Pending,Pending,2,No,
APP00685,C00685,2025-04-15,B009,RM019,Premium,Business,Medium,Completed,Approved,12,Yes,Enhanced Due Diligence
APP00686,C00686,2025-04-11,B006,RM013,Premium,Business,Medium,Completed,Approved,10,No,
APP00687,C00687,2025-04-18,B010,RM021,Savings,Individual,Medium,Completed,Approved,3,No,
APP00688,C00688,2025-03-07,B004,RM008,Savings,Individual,Medium,Completed,Approved,2,No,
APP00689,C00689,2025-05-18,B002,RM004,Current,Individual,Low,Completed,Approved,7,No,
APP00690,C00690,2025-12-18,B005,RM010,Current,Individual,Low,Completed,Approved,8,No,
APP00691,C00691,2025-10-04,B007,RM015,Premium,Individual,Low,Completed,Approved,6,No,
APP00692,C00692,2025-07-09,B010,RM020,Business,Business,High,Pending,Pending,12,No,
APP00693,C00693,2025-06-07,B010,RM020,Savings,Individual,Low,Completed,Approved,7,No,
APP00694,C00694,2025-09-08,B008,RM016,Current,Individual,High,Completed,Approved,4,No,
APP00695,C00695,2025-08-11,B003,RM007,Savings,Individual,Low,Completed,Approved,9,No,
APP00696,C00696,2025-04-12,B009,RM019,Savings,Individual,Low,Completed,Approved,10,No,
APP00697,C00697,2025-09-29,B010,RM020,Current,Individual,Medium,Completed,Approved,4,No,
APP00698,C00698,2025-09-27,B006,RM013,Savings,Individual,Medium,Failed,Rejected,3,No,
APP00699,C00699,2025-11-22,B004,RM009,Business,Business,Medium,Completed,Pending,19,Yes,Sanctions Screening
APP00700,C00700,2025-12-13,B008,RM017,Savings,Individual,Low,Completed,Approved,3,No,
APP00701,C00701,2025-12-22,B002,RM005,Savings,Individual,Low,Completed,Approved,10,No,
APP00702,C00702,2025-07-11,B001,RM001,Premium,Individual,Medium,Completed,Approved,7,No,
APP00703,C00703,2025-07-05,B009,RM018,Savings,Individual,Low,Completed,Approved,4,No,
APP00704,C00704,2025-06-19,B003,RM007,Savings,Individual,Medium,Completed,Approved,10,No,
APP00705,C00705,2025-07-27,B005,RM011,Savings,Individual,Low,Completed,Approved,9,No,
APP00706,C00706,2025-04-25,B007,RM015,Current,Individual,Low,Failed,Rejected,5,No,
APP00707,C00707,2025-08-02,B007,RM015,Premium,Individual,Low,Completed,Approved,10,No,
APP00708,C00708,2025-08-08,B010,RM021,Business,Business,Medium,Completed,Approved,3,No,
APP00709,C00709,2025-01-01,B001,RM002,Current,Individual,Medium,Completed,Approved,9,No,
APP00710,C00710,2025-07-15,B006,RM012,Business,Business,Medium,Completed,Pending,17,Yes,KYC Documentation
APP00711,C00711,2025-05-04,B005,RM010,Savings,Individual,Low,Pending,Pending,15,No,
APP00712,C00712,2025-06-01,B004,RM009,Premium,Business,High,Completed,Approved,6,No,
APP00713,C00713,2025-11-11,B010,RM021,Current,Individual,Low,Completed,Approved,10,No,
APP00714,C00714,2025-10-16,B010,RM020,Savings,Individual,Low,Completed,Approved,7,No,
APP00715,C00715,2025-08-11,B004,RM008,Current,Individual,Low,Completed,Approved,9,No,
APP00716,C00716,2025-01-30,B003,RM007,Savings,Individual,High,Completed,Approved,3,No,
APP00717,C00717,2025-01-09,B002,RM005,Business,Business,Medium,Completed,Pending,11,No,
APP00718,C00718,2025-07-14,B007,RM014,Current,Individual,Medium,Completed,Approved,4,No,
APP00719,C00719,2025-06-29,B003,RM006,Savings,Individual,Low,Completed,Approved,4,No,
APP00720,C00720,2025-03-29,B004,RM008,Current,Individual,Low,Pending,Pending,7,No,
APP00721,C00721,2025-05-26,B008,RM016,Savings,Individual,Medium,Pending,Pending,15,No,
APP00722,C00722,2025-05-18,B004,RM008,Savings,Individual,Low,Completed,Approved,8,No,
APP00723,C00723,2025-01-03,B004,RM008,Savings,Individual,Medium,Completed,Approved,2,No,
APP00724,C00724,2025-06-04,B006,RM012,Premium,Individual,Medium,Completed,Approved,2,No,
APP00725,C00725,2025-08-15,B006,RM012,Current,Business,High,Completed,Approved,6,No,
APP00726,C00726,2025-06-05,B001,RM002,Savings,Individual,Medium,Pending,Pending,15,No,
APP00727,C00727,2025-10-13,B009,RM018,Premium,Individual,Low,Pending,Pending,7,No,
APP00728,C00728,2025-12-07,B001,RM001,Business,Business,Medium,Completed,Approved,6,No,
APP00729,C00729,2025-02-16,B010,RM021,Savings,Individual,Medium,Completed,Approved,2,No,
APP00730,C00730,2025-11-03,B002,RM004,Savings,Individual,Low,Completed,Approved,7,No,
APP00731,C00731,2025-11-23,B001,RM001,Savings,Individual,Low,Pending,Pending,4,No,
APP00732,C00732,2025-01-08,B006,RM012,Premium,Individual,Low,Completed,Approved,6,No,
APP00733,C00733,2025-08-03,B006,RM013,Savings,Individual,Medium,Completed,Approved,9,No,
APP00734,C00734,2025-04-20,B009,RM018,Current,Individual,Low,Completed,Approved,10,No,
APP00735,C00735,2025-01-30,B003,RM006,Premium,Individual,High,Completed,Rejected,4,No,
APP00736,C00736,2025-03-08,B008,RM017,Savings,Individual,Medium,Completed,Approved,8,No,
APP00737,C00737,2025-08-12,B001,RM003,Savings,Individual,Medium,Completed,Approved,9,No,
APP00738,C00738,2025-10-05,B004,RM008,Current,Individual,Low,Completed,Approved,3,No,
APP00739,C00739,2025-10-31,B009,RM019,Current,Individual,Low,Completed,Approved,9,No,
APP00740,C00740,2025-05-21,B006,RM013,Savings,Individual,Low,Completed,Approved,8,No,
APP00741,C00741,2025-09-18,B001,RM001,Savings,Individual,Medium,Completed,Approved,4,No,
APP00742,C00742,2025-06-15,B010,RM020,Current,Individual,Low,Completed,Approved,8,No,
APP00743,C00743,2025-05-24,B002,RM005,Current,Individual,High,Completed,Approved,6,No,
APP00744,C00744,2025-04-24,B002,RM004,Current,Individual,Medium,Completed,Approved,10,No,
APP00745,C00745,2025-07-27,B004,RM009,Savings,Individual,Low,Completed,Approved,3,No,
APP00746,C00746,2025-12-18,B010,RM020,Savings,Individual,Low,Completed,Pending,19,Yes,Enhanced Due Diligence
APP00747,C00747,2025-02-02,B006,RM013,Savings,Individual,High,Completed,Approved,6,No,
APP00748,C00748,2025-08-03,B010,RM021,Savings,Individual,Low,Completed,Approved,6,No,
APP00749,C00749,2025-10-28,B004,RM009,Savings,Individual,Medium,Completed,Approved,9,No,
APP00750,C00750,2025-05-22,B004,RM008,Business,Business,High,Completed,Approved,3,No,
APP00751,C00751,2025-08-07,B006,RM012,Savings,Individual,Low,Completed,Approved,2,No,
APP00752,C00752,2025-05-02,B003,RM006,Current,Individual,Low,Completed,Approved,7,No,
APP00753,C00753,2025-06-29,B003,RM007,Premium,Individual,Medium,Completed,Approved,3,No,
APP00754,C00754,2025-11-23,B007,RM015,Premium,Individual,Medium,Completed,Approved,6,No,
APP00755,C00755,2025-03-04,B010,RM021,Current,Individual,Low,Completed,Approved,7,No,
APP00756,C00756,2025-03-09,B001,RM001,Premium,Individual,Low,Completed,Approved,8,No,
APP00757,C00757,2025-01-01,B010,RM020,Business,Business,Medium,Completed,Approved,2,No,
APP00758,C00758,2025-01-14,B002,RM005,Current,Business,Medium,Completed,Approved,5,No,
APP00759,C00759,2025-09-23,B002,RM004,Business,Business,Medium,Completed,Pending,7,No,
APP00760,C00760,2025-04-05,B008,RM016,Savings,Individual,Low,Completed,Approved,3,No,
APP00761,C00761,2025-10-05,B002,RM005,Savings,Individual,Low,Completed,Approved,3,No,
APP00762,C00762,2025-11-03,B009,RM018,Savings,Individual,Low,Completed,Approved,5,No,
APP00763,C00763,2025-07-25,B001,RM003,Premium,Individual,Low,Completed,Approved,7,No,
APP00764,C00764,2025-06-22,B004,RM009,Current,Individual,Low,Completed,Approved,5,No,
APP00765,C00765,2025-10-23,B005,RM010,Current,Individual,Medium,Completed,Approved,9,No,
APP00766,C00766,2025-02-09,B009,RM019,Current,Individual,Low,Completed,Approved,4,No,
APP00767,C00767,2025-11-02,B005,RM011,Current,Individual,Low,Completed,Approved,10,No,
APP00768,C00768,2025-07-07,B001,RM001,Business,Business,Medium,Completed,Approved,8,No,
APP00769,C00769,2025-02-12,B008,RM016,Current,Individual,Medium,Completed,Approved,4,No,
APP00770,C00770,2025-02-08,B008,RM016,Savings,Individual,High,Completed,Approved,4,No,
APP00771,C00771,2025-01-22,B008,RM016,Savings,Individual,Low,Completed,Approved,6,No,
APP00772,C00772,2025-01-22,B003,RM007,Savings,Individual,Low,Completed,Approved,9,No,
APP00773,C00773,2025-12-13,B008,RM017,Business,Business,Medium,Completed,Approved,10,No,
APP00774,C00774,2025-10-12,B003,RM006,Current,Individual,Medium,Completed,Approved,10,No,
APP00775,C00775,2025-01-04,B005,RM011,Savings,Individual,Medium,Completed,Approved,4,No,
APP00776,C00776,2025-08-01,B007,RM015,Savings,Individual,High,Completed,Approved,5,No,
APP00777,C00777,2025-01-31,B006,RM013,Current,Individual,Low,Failed,Rejected,6,No,
APP00778,C00778,2025-07-09,B008,RM016,Current,Individual,Medium,Pending,Pending,14,No,
APP00779,C00779,2025-06-12,B007,RM015,Current,Individual,Low,Completed,Approved,10,No,
APP00780,C00780,2025-08-09,B001,RM002,Savings,Individual,Medium,Completed,Approved,3,No,
APP00781,C00781,2025-12-08,B008,RM017,Current,Individual,Medium,Completed,Approved,5,No,
APP00782,C00782,2025-12-14,B005,RM010,Savings,Individual,Medium,Completed,Approved,2,No,
APP00783,C00783,2025-04-04,B002,RM004,Current,Individual,Medium,Completed,Approved,9,No,
APP00784,C00784,2025-10-25,B009,RM019,Premium,Individual,Low,Completed,Approved,4,No,
APP00785,C00785,2025-04-24,B001,RM002,Savings,Individual,Low,Completed,Approved,8,No,
APP00786,C00786,2025-10-12,B007,RM015,Current,Individual,Low,Completed,Approved,3,No,
APP00787,C00787,2025-01-11,B006,RM012,Current,Individual,Medium,Pending,Pending,13,No,
APP00788,C00788,2025-11-21,B003,RM007,Savings,Individual,Medium,Completed,Approved,2,No,
APP00789,C00789,2025-05-28,B007,RM015,Business,Business,Medium,Completed,Approved,4,No,
APP00790,C00790,2025-01-26,B007,RM015,Current,Business,Medium,Pending,Pending,14,No,
APP00791,C00791,2025-01-04,B010,RM021,Business,Business,Medium,Completed,Approved,3,No,
APP00792,C00792,2025-12-19,B010,RM021,Business,Business,High,Pending,Pending,1,No,
APP00793,C00793,2025-05-10,B002,RM004,Savings,Individual,Low,Completed,Approved,2,No,
APP00794,C00794,2025-10-05,B002,RM005,Current,Individual,Medium,Completed,Approved,3,No,
APP00795,C00795,2025-05-12,B002,RM004,Current,Business,High,Completed,Pending,13,No,
APP00796,C00796,2025-08-06,B001,RM002,Premium,Individual,Low,Completed,Approved,7,No,
APP00797,C00797,2025-01-16,B005,RM010,Savings,Individual,High,Pending,Pending,1,No,
APP00798,C00798,2025-10-30,B001,RM001,Current,Individual,Medium,Completed,Approved,10,No,
APP00799,C00799,2025-01-18,B005,RM010,Current,Individual,Medium,Completed,Pending,13,No,
APP00800,C00800,2025-06-24,B005,RM011,Savings,Individual,Low,Completed,Approved,10,No,
APP00801,C00801,2025-06-28,B006,RM013,Current,Individual,Medium,Completed,Approved,13,Yes,Enhanced Due Diligence
APP00802,C00802,2025-02-10,B006,RM013,Current,Individual,Medium,Completed,Approved,6,No,
APP00803,C00803,2025-11-14,B007,RM014,Current,Business,High,Completed,Rejected,5,No,
APP00804,C00804,2025-08-09,B006,RM013,Savings,Individual,Medium,Completed,Approved,10,No,
APP00805,C00805,2025-05-28,B005,RM011,Savings,Individual,Low,Completed,Approved,7,No,
APP00806,C00806,2025-04-10,B008,RM016,Savings,Individual,Medium,Completed,Approved,6,No,
APP00807,C00807,2025-09-11,B006,RM013,Premium,Individual,Low,Completed,Approved,9,No,
APP00808,C00808,2025-05-31,B007,RM014,Current,Individual,Medium,Completed,Approved,2,No,
APP00809,C00809,2025-03-10,B005,RM010,Business,Business,High,Failed,Rejected,7,No,
APP00810,C00810,2025-07-18,B004,RM008,Current,Individual,Medium,Completed,Pending,7,No,
APP00811,C00811,2025-03-03,B002,RM004,Savings,Individual,Medium,Completed,Approved,10,No,
APP00812,C00812,2025-07-24,B005,RM011,Savings,Individual,Low,Completed,Approved,10,No,
APP00813,C00813,2025-03-07,B010,RM021,Current,Individual,Medium,Completed,Approved,8,No,
APP00814,C00814,2025-09-05,B010,RM020,Savings,Individual,Low,Completed,Approved,4,No,
APP00815,C00815,2025-09-12,B002,RM005,Business,Business,High,Completed,Approved,4,No,
APP00816,C00816,2025-02-02,B005,RM010,Savings,Individual,Medium,Pending,Pending,16,No,
APP00817,C00817,2025-03-09,B008,RM016,Premium,Individual,Low,Completed,Approved,4,No,
APP00818,C00818,2025-05-21,B009,RM019,Current,Individual,Low,Completed,Approved,8,No,
APP00819,C00819,2025-01-18,B002,RM004,Current,Individual,Low,Completed,Approved,6,No,
APP00820,C00820,2025-11-04,B001,RM002,Premium,Individual,Low,Completed,Approved,16,Yes,Enhanced Due Diligence
APP00821,C00821,2025-01-29,B009,RM018,Premium,Individual,Low,Completed,Approved,5,No,
APP00822,C00822,2025-06-19,B002,RM004,Business,Business,High,Completed,Pending,13,Yes,Risk Assessment
APP00823,C00823,2025-07-10,B009,RM019,Current,Individual,Low,Pending,Pending,1,No,
APP00824,C00824,2025-06-18,B006,RM013,Savings,Individual,Medium,Completed,Approved,4,No,
APP00825,C00825,2025-05-05,B001,RM001,Current,Business,Medium,Completed,Approved,2,No,
APP00826,C00826,2025-11-06,B002,RM004,Current,Individual,Low,Completed,Approved,6,No,
APP00827,C00827,2025-05-13,B004,RM009,Savings,Individual,High,Pending,Pending,8,No,
APP00828,C00828,2025-02-25,B008,RM016,Savings,Individual,High,Completed,Approved,3,No,
APP00829,C00829,2025-05-24,B009,RM019,Savings,Individual,Low,Pending,Pending,18,No,
APP00830,C00830,2025-09-06,B002,RM005,Business,Business,Medium,Completed,Pending,11,No,
APP00831,C00831,2025-12-15,B004,RM009,Premium,Individual,Medium,Pending,Pending,15,No,
APP00832,C00832,2025-09-04,B002,RM004,Premium,Individual,Medium,Completed,Approved,6,No,
APP00833,C00833,2025-01-24,B010,RM020,Savings,Individual,Medium,Completed,Approved,9,Yes,Enhanced Due Diligence
APP00834,C00834,2025-04-27,B010,RM020,Savings,Individual,High,Completed,Rejected,8,No,
APP00835,C00835,2025-12-15,B006,RM013,Current,Individual,Medium,Pending,Pending,17,No,
APP00836,C00836,2025-02-11,B008,RM016,Current,Individual,Medium,Completed,Rejected,8,No,
APP00837,C00837,2025-12-15,B007,RM015,Current,Business,Medium,Completed,Approved,8,No,
APP00838,C00838,2025-06-26,B010,RM020,Savings,Individual,Low,Failed,Rejected,6,No,
APP00839,C00839,2025-11-12,B005,RM010,Current,Individual,Low,Completed,Approved,7,No,
APP00840,C00840,2025-07-05,B010,RM020,Current,Individual,Medium,Completed,Approved,7,No,
APP00841,C00841,2025-03-07,B002,RM005,Savings,Individual,Low,Completed,Approved,10,No,
APP00842,C00842,2025-09-30,B008,RM016,Premium,Business,Medium,Completed,Rejected,8,No,
APP00843,C00843,2025-11-17,B008,RM017,Current,Individual,Low,Completed,Approved,4,No,
APP00844,C00844,2025-11-24,B007,RM014,Current,Individual,Low,Completed,Approved,9,No,
APP00845,C00845,2025-09-27,B009,RM019,Savings,Individual,Medium,Completed,Approved,7,No,
APP00846,C00846,2025-01-24,B008,RM016,Savings,Individual,Low,Failed,Rejected,4,No,
APP00847,C00847,2025-06-22,B004,RM009,Savings,Individual,Low,Completed,Approved,10,No,
APP00848,C00848,2025-08-30,B010,RM020,Premium,Individual,Low,Completed,Approved,9,No,
APP00849,C00849,2025-08-11,B003,RM007,Savings,Individual,Low,Completed,Approved,4,No,
APP00850,C00850,2025-10-04,B010,RM021,Savings,Individual,Low,Completed,Approved,10,No,
APP00851,C00851,2025-08-17,B004,RM008,Savings,Individual,Medium,Completed,Approved,9,No,
APP00852,C00852,2025-06-10,B004,RM009,Current,Individual,Medium,Completed,Approved,8,No,
APP00853,C00853,2025-10-12,B005,RM011,Current,Individual,Medium,Completed,Approved,4,No,
APP00854,C00854,2025-07-22,B010,RM020,Savings,Individual,Medium,Completed,Approved,6,No,
APP00855,C00855,2025-12-31,B008,RM016,Premium,Business,Medium,Pending,Pending,3,No,
APP00856,C00856,2025-05-12,B002,RM005,Savings,Individual,Medium,Completed,Approved,3,No,
APP00857,C00857,2025-01-08,B004,RM008,Current,Individual,Low,Completed,Approved,7,No,
APP00858,C00858,2025-03-14,B003,RM006,Savings,Individual,Medium,Completed,Approved,6,No,
APP00859,C00859,2025-06-30,B003,RM007,Premium,Individual,Medium,Completed,Pending,11,No,
APP00860,C00860,2025-02-05,B002,RM005,Current,Individual,Low,Completed,Approved,3,No,
APP00861,C00861,2025-12-16,B010,RM021,Business,Business,High,Pending,Pending,8,No,
APP00862,C00862,2025-04-27,B001,RM003,Current,Individual,Low,Completed,Approved,9,No,
APP00863,C00863,2025-03-26,B010,RM020,Business,Business,Medium,Completed,Approved,3,No,
APP00864,C00864,2025-01-13,B003,RM007,Current,Individual,Medium,Completed,Approved,6,No,
APP00865,C00865,2025-04-26,B004,RM008,Premium,Individual,Medium,Completed,Approved,10,No,
APP00866,C00866,2025-12-25,B006,RM013,Savings,Individual,Low,Completed,Approved,3,No,
APP00867,C00867,2025-09-29,B009,RM019,Current,Individual,Medium,Completed,Approved,17,Yes,Compliance Review
APP00868,C00868,2025-01-28,B002,RM005,Savings,Individual,High,Failed,Rejected,3,No,
APP00869,C00869,2025-03-01,B003,RM006,Savings,Individual,Low,Completed,Approved,6,No,
APP00870,C00870,2025-04-22,B009,RM018,Savings,Individual,High,Completed,Approved,4,No,
APP00871,C00871,2025-09-09,B004,RM008,Savings,Individual,Low,Pending,Pending,19,No,
APP00872,C00872,2025-01-24,B009,RM018,Savings,Individual,Medium,Failed,Rejected,3,No,
APP00873,C00873,2025-04-20,B008,RM016,Savings,Individual,Low,Completed,Approved,7,No,
APP00874,C00874,2025-05-16,B003,RM007,Business,Business,Medium,Completed,Approved,6,No,
APP00875,C00875,2025-08-19,B003,RM006,Business,Business,Medium,Completed,Approved,11,Yes,KYC Documentation
APP00876,C00876,2025-07-22,B003,RM006,Savings,Individual,Low,Completed,Approved,9,No,
APP00877,C00877,2025-05-11,B003,RM007,Savings,Individual,Low,Completed,Approved,18,Yes,KYC Documentation
APP00878,C00878,2025-06-30,B006,RM013,Current,Individual,High,Completed,Approved,17,Yes,Compliance Review
APP00879,C00879,2025-03-13,B008,RM017,Savings,Individual,Medium,Completed,Approved,3,No,
APP00880,C00880,2025-04-03,B008,RM017,Current,Business,High,Completed,Approved,5,No,
APP00881,C00881,2025-09-15,B005,RM010,Savings,Individual,Medium,Completed,Approved,10,No,
APP00882,C00882,2025-05-14,B004,RM008,Savings,Individual,Low,Completed,Approved,5,No,
APP00883,C00883,2025-11-03,B008,RM017,Savings,Individual,Low,Completed,Approved,7,No,
APP00884,C00884,2025-11-26,B010,RM020,Savings,Individual,Medium,Completed,Approved,2,No,
APP00885,C00885,2025-07-25,B007,RM014,Business,Business,High,Completed,Approved,6,No,
APP00886,C00886,2025-10-06,B009,RM019,Savings,Individual,Low,Completed,Approved,6,No,
APP00887,C00887,2025-12-01,B007,RM014,Current,Individual,Low,Pending,Pending,7,No,
APP00888,C00888,2025-06-24,B005,RM010,Business,Business,Medium,Completed,Approved,10,No,
APP00889,C00889,2025-02-16,B007,RM015,Business,Business,High,Completed,Approved,8,No,
APP00890,C00890,2025-06-29,B010,RM020,Savings,Individual,Medium,Completed,Approved,2,No,
APP00891,C00891,2025-07-19,B001,RM003,Business,Business,Medium,Completed,Approved,9,No,
APP00892,C00892,2025-12-29,B001,RM003,Current,Business,Medium,Completed,Approved,5,No,
APP00893,C00893,2025-07-12,B005,RM011,Savings,Individual,Medium,Completed,Approved,8,No,
APP00894,C00894,2025-06-23,B002,RM005,Savings,Individual,Low,Completed,Approved,10,No,
APP00895,C00895,2025-11-17,B008,RM016,Premium,Individual,Medium,Completed,Approved,3,No,
APP00896,C00896,2025-11-15,B003,RM007,Business,Business,High,Completed,Approved,3,No,
APP00897,C00897,2025-04-17,B006,RM013,Savings,Individual,Low,Completed,Approved,8,No,
APP00898,C00898,2025-06-22,B009,RM019,Savings,Individual,Medium,Completed,Approved,8,No,
APP00899,C00899,2025-09-24,B006,RM013,Current,Individual,Medium,Completed,Approved,7,No,
APP00900,C00900,2025-10-14,B003,RM007,Savings,Individual,Medium,Completed,Approved,3,No,
APP00901,C00901,2025-09-06,B003,RM007,Savings,Individual,Medium,Completed,Approved,5,No,
APP00902,C00902,2025-10-12,B009,RM018,Current,Individual,Low,Completed,Approved,6,No,
APP00903,C00903,2025-04-02,B002,RM005,Savings,Individual,High,Completed,Approved,5,No,
APP00904,C00904,2025-11-08,B008,RM016,Current,Business,Medium,Completed,Approved,8,No,
APP00905,C00905,2025-02-28,B004,RM008,Savings,Individual,Medium,Completed,Approved,7,Yes,Enhanced Due Diligence
APP00906,C00906,2025-04-25,B002,RM005,Business,Business,Medium,Completed,Approved,2,No,
APP00907,C00907,2025-06-07,B001,RM002,Current,Individual,Medium,Completed,Approved,6,No,
APP00908,C00908,2025-09-13,B005,RM010,Savings,Individual,Low,Completed,Approved,2,No,
APP00909,C00909,2025-02-14,B004,RM008,Current,Individual,Medium,Completed,Pending,8,No,
APP00910,C00910,2025-07-16,B005,RM011,Business,Business,Medium,Completed,Approved,9,No,
APP00911,C00911,2025-12-27,B010,RM021,Savings,Individual,Low,Completed,Approved,3,No,
APP00912,C00912,2025-06-25,B001,RM003,Savings,Individual,Medium,Failed,Rejected,5,No,
APP00913,C00913,2025-04-25,B008,RM016,Savings,Individual,Medium,Completed,Approved,8,No,
APP00914,C00914,2025-08-25,B009,RM018,Premium,Business,Medium,Completed,Approved,2,No,
APP00915,C00915,2025-10-27,B008,RM016,Savings,Individual,Medium,Completed,Approved,5,No,
APP00916,C00916,2025-08-23,B007,RM015,Savings,Individual,Low,Completed,Approved,2,No,
APP00917,C00917,2025-07-06,B007,RM015,Savings,Individual,Low,Completed,Approved,4,No,
APP00918,C00918,2025-05-17,B001,RM002,Premium,Business,Medium,Pending,Pending,20,No,
APP00919,C00919,2025-08-29,B003,RM006,Current,Individual,Low,Completed,Approved,7,No,
APP00920,C00920,2025-12-16,B002,RM005,Premium,Individual,High,Completed,Pending,20,Yes,Risk Assessment
APP00921,C00921,2025-08-28,B004,RM008,Current,Business,Medium,Completed,Rejected,8,Yes,KYC Documentation
APP00922,C00922,2025-08-27,B007,RM014,Current,Individual,Medium,Completed,Approved,8,No,
APP00923,C00923,2025-01-03,B008,RM017,Savings,Individual,Low,Completed,Approved,8,No,
APP00924,C00924,2025-09-18,B002,RM005,Savings,Individual,Medium,Completed,Approved,10,No,
APP00925,C00925,2025-08-04,B002,RM004,Savings,Individual,Medium,Completed,Approved,15,Yes,Risk Assessment
APP00926,C00926,2025-12-11,B008,RM016,Current,Individual,Low,Completed,Approved,8,No,
APP00927,C00927,2025-09-03,B001,RM003,Savings,Individual,High,Pending,Pending,19,No,
APP00928,C00928,2025-05-31,B008,RM017,Business,Business,Medium,Completed,Pending,18,No,
APP00929,C00929,2025-05-21,B007,RM015,Premium,Individual,Low,Completed,Approved,5,No,
APP00930,C00930,2025-03-18,B009,RM018,Current,Individual,Low,Completed,Approved,7,No,
APP00931,C00931,2025-11-01,B008,RM017,Savings,Individual,Low,Completed,Approved,7,No,
APP00932,C00932,2025-09-23,B001,RM001,Current,Business,Medium,Completed,Approved,6,No,
APP00933,C00933,2025-10-26,B006,RM012,Current,Individual,Medium,Completed,Approved,7,No,
APP00934,C00934,2025-07-01,B004,RM008,Savings,Individual,Medium,Pending,Pending,8,No,
APP00935,C00935,2025-05-21,B003,RM006,Premium,Individual,Low,Completed,Approved,2,No,
APP00936,C00936,2025-11-23,B005,RM011,Current,Individual,Medium,Completed,Approved,19,Yes,KYC Documentation
APP00937,C00937,2025-09-11,B010,RM021,Savings,Individual,Low,Completed,Approved,6,No,
APP00938,C00938,2025-12-14,B006,RM012,Business,Business,Medium,Completed,Approved,5,No,
APP00939,C00939,2025-11-25,B002,RM004,Savings,Individual,High,Completed,Approved,9,No,
APP00940,C00940,2025-06-28,B002,RM005,Savings,Individual,Low,Completed,Approved,9,No,
APP00941,C00941,2025-09-26,B009,RM019,Business,Business,Medium,Completed,Approved,10,No,
APP00942,C00942,2025-07-10,B009,RM019,Savings,Individual,Low,Pending,Pending,19,No,
APP00943,C00943,2025-04-07,B003,RM006,Savings,Individual,Medium,Completed,Approved,8,No,
APP00944,C00944,2025-06-05,B008,RM016,Savings,Individual,Medium,Failed,Rejected,6,No,
APP00945,C00945,2025-01-22,B010,RM020,Current,Business,High,Completed,Pending,20,No,
APP00946,C00946,2025-04-24,B005,RM011,Savings,Individual,Low,Completed,Approved,6,No,
APP00947,C00947,2025-02-14,B005,RM011,Current,Individual,Medium,Completed,Approved,4,No,
APP00948,C00948,2025-12-28,B004,RM009,Savings,Individual,Low,Completed,Approved,9,Yes,Enhanced Due Diligence
APP00949,C00949,2025-07-28,B001,RM002,Current,Individual,Low,Completed,Approved,8,No,
APP00950,C00950,2025-04-16,B001,RM001,Current,Individual,Low,Completed,Approved,6,No,
APP00951,C00951,2025-11-28,B002,RM004,Savings,Individual,Low,Completed,Rejected,5,No,
APP00952,C00952,2025-08-10,B003,RM007,Business,Business,High,Completed,Approved,9,Yes,Compliance Review
APP00953,C00953,2025-09-06,B009,RM019,Savings,Individual,Medium,Completed,Approved,6,No,
APP00954,C00954,2025-02-27,B010,RM020,Current,Individual,Low,Completed,Approved,6,No,
APP00955,C00955,2025-02-05,B004,RM009,Savings,Individual,Low,Completed,Approved,9,No,
APP00956,C00956,2025-08-12,B002,RM005,Savings,Individual,Low,Completed,Approved,7,No,
APP00957,C00957,2025-02-28,B006,RM013,Premium,Individual,High,Completed,Approved,9,No,
APP00958,C00958,2025-09-01,B001,RM002,Savings,Individual,Medium,Completed,Approved,5,No,
APP00959,C00959,2025-01-12,B006,RM012,Business,Business,Medium,Completed,Approved,7,No,
APP00960,C00960,2025-08-17,B007,RM015,Savings,Individual,Medium,Pending,Pending,12,No,
APP00961,C00961,2025-05-19,B008,RM017,Savings,Individual,High,Completed,Approved,7,No,
APP00962,C00962,2025-01-12,B002,RM004,Current,Individual,Low,Pending,Pending,12,No,
APP00963,C00963,2025-12-09,B002,RM004,Current,Individual,High,Completed,Approved,2,No,
APP00964,C00964,2025-04-06,B006,RM013,Current,Individual,Medium,Completed,Approved,20,Yes,KYC Documentation
APP00965,C00965,2025-06-21,B003,RM006,Savings,Individual,Low,Completed,Approved,10,No,
APP00966,C00966,2025-12-15,B009,RM018,Savings,Individual,Low,Pending,Pending,6,No,
APP00967,C00967,2025-11-04,B006,RM013,Current,Business,High,Completed,Approved,3,No,
APP00968,C00968,2025-04-22,B005,RM011,Current,Individual,Medium,Completed,Approved,6,No,
APP00969,C00969,2025-07-06,B004,RM009,Premium,Individual,Medium,Completed,Rejected,7,No,
APP00970,C00970,2025-02-22,B002,RM004,Current,Business,Medium,Completed,Pending,12,No,
APP00971,C00971,2025-09-13,B005,RM010,Savings,Individual,Medium,Completed,Approved,10,No,
APP00972,C00972,2025-01-06,B007,RM014,Savings,Individual,Low,Completed,Approved,8,No,
APP00973,C00973,2025-11-25,B005,RM011,Current,Business,Medium,Completed,Approved,6,No,
APP00974,C00974,2025-01-21,B005,RM010,Current,Individual,High,Completed,Approved,10,No,
APP00975,C00975,2025-12-15,B004,RM009,Savings,Individual,Medium,Completed,Approved,10,No,
APP00976,C00976,2025-04-11,B006,RM012,Savings,Individual,Low,Completed,Approved,7,No,
APP00977,C00977,2025-08-25,B002,RM005,Current,Individual,Low,Completed,Approved,6,No,
APP00978,C00978,2025-12-20,B010,RM020,Premium,Individual,High,Completed,Rejected,6,No,
APP00979,C00979,2025-03-08,B007,RM015,Current,Individual,Low,Completed,Approved,5,No,
APP00980,C00980,2025-03-02,B008,RM017,Savings,Individual,Low,Pending,Pending,18,No,
APP00981,C00981,2025-09-17,B005,RM011,Current,Business,Medium,Completed,Approved,6,No,
APP00982,C00982,2025-05-06,B005,RM010,Current,Individual,Medium,Completed,Approved,15,Yes,KYC Documentation
APP00983,C00983,2025-11-16,B006,RM013,Savings,Individual,High,Completed,Approved,6,No,
APP00984,C00984,2025-01-22,B008,RM017,Business,Business,High,Completed,Rejected,7,No,
APP00985,C00985,2025-10-28,B008,RM017,Savings,Individual,Low,Completed,Approved,2,No,
APP00986,C00986,2025-08-25,B009,RM018,Savings,Individual,High,Completed,Approved,7,No,
APP00987,C00987,2025-03-21,B005,RM011,Savings,Individual,Low,Completed,Approved,7,No,
APP00988,C00988,2025-03-23,B004,RM008,Business,Business,High,Completed,Approved,4,No,
APP00989,C00989,2025-11-07,B002,RM005,Business,Business,Medium,Pending,Pending,20,No,
APP00990,C00990,2025-07-25,B002,RM004,Savings,Individual,Low,Completed,Pending,10,No,
APP00991,C00991,2025-05-06,B008,RM016,Savings,Individual,Medium,Completed,Approved,2,No,
APP00992,C00992,2025-05-06,B010,RM021,Savings,Individual,Low,Completed,Approved,7,No,
APP00993,C00993,2025-05-21,B004,RM009,Premium,Individual,Medium,Completed,Approved,9,No,
APP00994,C00994,2025-04-17,B010,RM020,Business,Business,Medium,Pending,Pending,1,No,
APP00995,C00995,2025-03-02,B003,RM006,Savings,Individual,Medium,Completed,Approved,5,No,
APP00996,C00996,2025-02-17,B007,RM014,Savings,Individual,Low,Completed,Approved,6,No,
APP00997,C00997,2025-03-07,B002,RM004,Current,Business,Medium,Completed,Approved,2,No,
APP00998,C00998,2025-12-21,B007,RM014,Savings,Individual,Medium,Pending,Pending,17,No,
APP00999,C00999,2025-03-06,B001,RM002,Savings,Individual,Low,Completed,Approved,3,No,
APP01000,C01000,2025-12-21,B009,RM018,Premium,Individual,Low,Completed,Pending,16,No,
APP01001,C01001,2025-06-02,B005,RM011,Savings,Individual,High,Completed,Approved,10,No,
APP01002,C01002,2025-07-03,B002,RM004,Savings,Individual,Low,Completed,Approved,5,No,
APP01003,C01003,2025-10-28,B010,RM021,Current,Individual,Low,Completed,Approved,7,No,
APP01004,C01004,2025-11-23,B007,RM014,Savings,Individual,Medium,Completed,Approved,7,No,
APP01005,C01005,2025-02-13,B008,RM016,Current,Individual,Medium,Completed,Approved,5,No,
APP01006,C01006,2025-09-21,B010,RM020,Business,Business,Medium,Pending,Pending,14,No,
APP01007,C01007,2025-05-21,B001,RM001,Business,Business,Medium,Pending,Pending,19,No,
APP01008,C01008,2025-07-01,B010,RM021,Current,Individual,Low,Pending,Pending,4,No,
APP01009,C01009,2025-09-16,B004,RM009,Savings,Individual,Low,Completed,Approved,9,No,
APP01010,C01010,2025-12-18,B003,RM006,Current,Business,Medium,Completed,Approved,3,No,
APP01011,C01011,2025-06-22,B008,RM016,Savings,Individual,Low,Pending,Pending,19,No,
APP01012,C01012,2025-01-22,B008,RM017,Current,Individual,Low,Completed,Approved,8,No,
APP01013,C01013,2025-11-14,B007,RM014,Savings,Individual,Medium,Completed,Approved,9,No,
APP01014,C01014,2025-07-18,B010,RM021,Premium,Individual,Medium,Completed,Approved,6,No,
APP01015,C01015,2025-09-20,B010,RM021,Savings,Individual,Low,Completed,Approved,7,No,
APP01016,C01016,2025-01-16,B007,RM015,Current,Business,Medium,Completed,Approved,18,Yes,Enhanced Due Diligence
APP01017,C01017,2025-12-31,B010,RM021,Premium,Individual,Low,Completed,Approved,9,No,
APP01018,C01018,2025-07-31,B006,RM012,Savings,Individual,Low,Completed,Approved,5,No,
APP01019,C01019,2025-07-08,B008,RM016,Premium,Individual,Medium,Pending,Pending,17,No,
APP01020,C01020,2025-09-19,B006,RM013,Premium,Business,High,Completed,Approved,9,Yes,Risk Assessment
APP01021,C01021,2025-12-06,B008,RM017,Savings,Individual,Low,Completed,Approved,9,No,
APP01022,C01022,2025-08-20,B008,RM016,Current,Individual,High,Completed,Approved,4,No,
APP01023,C01023,2025-07-09,B003,RM007,Savings,Individual,Low,Completed,Approved,10,No,
APP01024,C01024,2025-08-18,B002,RM005,Current,Business,Medium,Completed,Approved,5,No,
APP01025,C01025,2025-09-05,B001,RM001,Premium,Individual,Medium,Completed,Approved,2,No,
APP01026,C01026,2025-12-30,B001,RM003,Current,Individual,Low,Completed,Approved,6,No,
APP01027,C01027,2025-10-08,B002,RM004,Current,Individual,Medium,Completed,Approved,9,No,
APP01028,C01028,2025-05-16,B003,RM007,Premium,Individual,Medium,Pending,Pending,4,No,
APP01029,C01029,2025-08-12,B006,RM013,Current,Individual,Low,Completed,Approved,8,No,
APP01030,C01030,2025-12-04,B001,RM003,Business,Business,Medium,Pending,Pending,4,No,
APP01031,C01031,2025-03-20,B006,RM013,Business,Business,Medium,Completed,Approved,2,No,
APP01032,C01032,2025-03-28,B007,RM015,Savings,Individual,Medium,Completed,Approved,2,No,
APP01033,C01033,2025-07-12,B009,RM018,Premium,Individual,High,Completed,Rejected,3,No,
APP01034,C01034,2025-09-09,B002,RM005,Current,Individual,Low,Completed,Approved,3,No,
APP01035,C01035,2025-05-25,B001,RM001,Savings,Individual,Medium,Completed,Approved,5,No,
APP01036,C01036,2025-05-22,B009,RM019,Business,Business,Medium,Completed,Approved,2,No,
APP01037,C01037,2025-01-29,B006,RM013,Premium,Individual,Medium,Completed,Approved,5,No,
APP01038,C01038,2025-05-29,B004,RM008,Current,Individual,Medium,Completed,Approved,7,No,
APP01039,C01039,2025-08-11,B007,RM014,Premium,Individual,Medium,Completed,Approved,10,No,
APP01040,C01040,2025-12-06,B003,RM007,Business,Business,High,Completed,Rejected,7,No,
APP01041,C01041,2025-09-05,B006,RM013,Business,Business,Medium,Completed,Approved,10,No,
APP01042,C01042,2025-01-28,B005,RM011,Current,Individual,Low,Completed,Approved,2,No,
APP01043,C01043,2025-06-04,B009,RM018,Current,Individual,Low,Failed,Rejected,7,No,
APP01044,C01044,2025-10-25,B001,RM001,Savings,Individual,Medium,Completed,Approved,2,No,
APP01045,C01045,2025-05-31,B009,RM019,Current,Individual,High,Completed,Approved,7,No,
APP01046,C01046,2025-12-15,B009,RM018,Current,Individual,Medium,Completed,Approved,9,No,
APP01047,C01047,2025-10-26,B002,RM005,Current,Individual,Low,Completed,Approved,2,No,
APP01048,C01048,2025-11-12,B008,RM016,Savings,Individual,Medium,Completed,Approved,8,No,
APP01049,C01049,2025-01-19,B007,RM014,Current,Individual,Low,Completed,Approved,10,No,
APP01050,C01050,2025-10-07,B007,RM015,Current,Individual,High,Completed,Rejected,2,No,
APP01051,C01051,2025-07-08,B009,RM018,Savings,Individual,Medium,Completed,Approved,3,No,
APP01052,C01052,2025-02-17,B002,RM004,Premium,Individual,Low,Completed,Approved,4,No,
APP01053,C01053,2025-07-27,B003,RM006,Business,Business,Medium,Completed,Approved,12,Yes,Risk Assessment
APP01054,C01054,2025-12-29,B010,RM020,Savings,Individual,Low,Completed,Approved,2,No,
APP01055,C01055,2025-04-05,B008,RM017,Savings,Individual,Medium,Pending,Pending,8,No,
APP01056,C01056,2025-10-06,B010,RM021,Savings,Individual,Low,Completed,Approved,3,No,
APP01057,C01057,2025-10-14,B003,RM007,Current,Business,High,Completed,Pending,19,Yes,Enhanced Due Diligence
APP01058,C01058,2025-09-24,B006,RM012,Current,Individual,Low,Completed,Approved,8,No,
APP01059,C01059,2025-07-26,B009,RM018,Savings,Individual,Low,Completed,Approved,4,No,
APP01060,C01060,2025-01-05,B001,RM002,Current,Business,High,Completed,Approved,4,No,
APP01061,C01061,2025-05-31,B002,RM005,Current,Individual,Medium,Completed,Approved,9,No,
APP01062,C01062,2025-05-23,B004,RM008,Business,Business,Medium,Completed,Approved,2,No,
APP01063,C01063,2025-05-12,B001,RM002,Premium,Individual,Low,Completed,Approved,4,No,
APP01064,C01064,2025-09-11,B010,RM021,Savings,Individual,Medium,Completed,Approved,7,No,
APP01065,C01065,2025-09-23,B001,RM003,Savings,Individual,Low,Completed,Approved,6,No,
APP01066,C01066,2025-05-20,B003,RM006,Savings,Individual,Low,Completed,Approved,9,No,
APP01067,C01067,2025-12-06,B006,RM012,Current,Individual,Low,Completed,Approved,5,No,
APP01068,C01068,2025-10-19,B006,RM013,Savings,Individual,Low,Completed,Approved,7,No,
APP01069,C01069,2025-06-19,B010,RM021,Savings,Individual,Medium,Completed,Approved,5,No,
APP01070,C01070,2025-11-11,B009,RM019,Savings,Individual,Low,Completed,Approved,2,No,
APP01071,C01071,2025-10-12,B009,RM018,Premium,Individual,Low,Pending,Pending,13,No,
APP01072,C01072,2025-05-18,B002,RM005,Savings,Individual,Medium,Completed,Approved,10,No,
APP01073,C01073,2025-02-02,B004,RM008,Savings,Individual,Low,Pending,Pending,4,No,
APP01074,C01074,2025-12-05,B008,RM017,Business,Business,Medium,Failed,Rejected,3,No,
APP01075,C01075,2025-03-13,B007,RM015,Savings,Individual,Low,Completed,Approved,4,No,
APP01076,C01076,2025-05-17,B009,RM019,Business,Business,Medium,Completed,Approved,2,No,
APP01077,C01077,2025-04-26,B005,RM011,Current,Individual,Medium,Completed,Approved,6,No,
APP01078,C01078,2025-01-28,B005,RM011,Premium,Individual,High,Failed,Rejected,7,No,
APP01079,C01079,2025-12-31,B010,RM020,Savings,Individual,Low,Completed,Approved,6,No,
APP01080,C01080,2025-12-28,B001,RM003,Current,Individual,Low,Pending,Pending,17,No,
APP01081,C01081,2025-06-17,B002,RM004,Current,Individual,Medium,Completed,Pending,15,No,
APP01082,C01082,2025-06-17,B007,RM014,Current,Individual,Low,Completed,Approved,7,No,
APP01083,C01083,2025-12-12,B004,RM009,Savings,Individual,Low,Completed,Approved,7,No,
APP01084,C01084,2025-08-24,B004,RM009,Current,Individual,Low,Completed,Approved,7,No,
APP01085,C01085,2025-06-22,B006,RM012,Business,Business,High,Completed,Rejected,7,No,
APP01086,C01086,2025-09-03,B007,RM014,Savings,Individual,Low,Completed,Approved,6,No,
APP01087,C01087,2025-04-20,B010,RM021,Business,Business,Medium,Failed,Rejected,3,No,
APP01088,C01088,2025-03-26,B005,RM011,Savings,Individual,Low,Completed,Approved,8,No,
APP01089,C01089,2025-07-01,B009,RM018,Business,Business,High,Completed,Approved,2,No,
APP01090,C01090,2025-02-01,B001,RM002,Premium,Individual,Medium,Completed,Rejected,18,Yes,Risk Assessment
APP01091,C01091,2025-08-15,B001,RM003,Savings,Individual,Low,Completed,Approved,4,No,
APP01092,C01092,2025-01-26,B004,RM008,Savings,Individual,Low,Completed,Approved,10,No,
APP01093,C01093,2025-06-27,B002,RM004,Premium,Individual,Medium,Completed,Approved,8,No,
APP01094,C01094,2025-07-11,B001,RM003,Savings,Individual,Low,Completed,Approved,10,No,
APP01095,C01095,2025-06-13,B006,RM012,Savings,Individual,Low,Completed,Approved,5,No,
APP01096,C01096,2025-04-06,B010,RM020,Premium,Business,High,Pending,Pending,19,No,
APP01097,C01097,2025-09-14,B001,RM002,Savings,Individual,Low,Pending,Pending,16,No,
APP01098,C01098,2025-08-05,B001,RM003,Savings,Individual,Medium,Completed,Approved,9,No,
APP01099,C01099,2025-12-10,B007,RM015,Current,Individual,Low,Completed,Approved,4,No,
APP01100,C01100,2025-04-17,B008,RM016,Current,Individual,Medium,Completed,Approved,7,Yes,KYC Documentation
APP01101,C01101,2025-09-09,B001,RM003,Savings,Individual,High,Completed,Approved,3,No,
APP01102,C01102,2025-09-28,B010,RM020,Savings,Individual,Low,Completed,Approved,6,No,
APP01103,C01103,2025-10-25,B010,RM021,Business,Business,Medium,Completed,Approved,2,No,
APP01104,C01104,2025-06-20,B009,RM019,Savings,Individual,Medium,Pending,Pending,16,No,
APP01105,C01105,2025-01-10,B005,RM011,Current,Individual,Low,Completed,Approved,3,No,
APP01106,C01106,2025-02-27,B001,RM001,Current,Individual,Medium,Completed,Pending,11,No,
APP01107,C01107,2025-01-23,B004,RM008,Savings,Individual,Low,Completed,Approved,9,No,
APP01108,C01108,2025-07-07,B008,RM017,Business,Business,Medium,Completed,Approved,9,Yes,Enhanced Due Diligence
APP01109,C01109,2025-03-13,B003,RM006,Current,Individual,Low,Completed,Approved,7,No,
APP01110,C01110,2025-04-13,B004,RM009,Savings,Individual,Low,Completed,Rejected,3,No,
APP01111,C01111,2025-03-21,B006,RM012,Current,Individual,Medium,Completed,Approved,9,No,
APP01112,C01112,2025-05-25,B001,RM002,Savings,Individual,Low,Completed,Approved,8,No,
APP01113,C01113,2025-06-29,B001,RM002,Premium,Individual,Low,Completed,Rejected,17,Yes,Enhanced Due Diligence
APP01114,C01114,2025-02-14,B009,RM018,Current,Individual,Low,Pending,Pending,12,No,
APP01115,C01115,2025-06-23,B003,RM006,Premium,Individual,Low,Completed,Approved,9,No,
APP01116,C01116,2025-06-16,B006,RM012,Savings,Individual,Low,Completed,Approved,4,No,
APP01117,C01117,2025-01-28,B002,RM004,Premium,Individual,High,Completed,Rejected,7,No,
APP01118,C01118,2025-01-30,B006,RM013,Savings,Individual,Medium,Completed,Approved,2,No,
APP01119,C01119,2025-07-02,B009,RM019,Current,Individual,Low,Pending,Pending,14,No,
APP01120,C01120,2025-10-09,B009,RM019,Current,Individual,Medium,Completed,Approved,9,No,
APP01121,C01121,2025-02-08,B010,RM020,Current,Business,High,Completed,Approved,10,No,
APP01122,C01122,2025-02-16,B003,RM007,Savings,Individual,Medium,Pending,Pending,15,No,
APP01123,C01123,2025-12-19,B010,RM020,Savings,Individual,Medium,Completed,Rejected,4,No,
APP01124,C01124,2025-04-07,B005,RM011,Premium,Individual,Low,Completed,Approved,5,No,
APP01125,C01125,2025-01-09,B002,RM005,Business,Business,Medium,Completed,Approved,7,No,
APP01126,C01126,2025-02-11,B007,RM014,Savings,Individual,Low,Pending,Pending,14,No,
APP01127,C01127,2025-06-19,B003,RM007,Savings,Individual,Low,Completed,Approved,6,No,
APP01128,C01128,2025-04-07,B009,RM019,Savings,Individual,Low,Completed,Approved,2,No,
APP01129,C01129,2025-03-17,B009,RM019,Savings,Individual,Low,Completed,Approved,10,No,
APP01130,C01130,2025-06-21,B005,RM011,Current,Individual,Medium,Completed,Approved,2,No,
APP01131,C01131,2025-03-15,B005,RM011,Current,Individual,Medium,Completed,Approved,3,No,
APP01132,C01132,2025-06-15,B001,RM001,Premium,Individual,Medium,Completed,Approved,7,No,
APP01133,C01133,2025-02-20,B004,RM008,Savings,Individual,Low,Completed,Approved,7,No,
APP01134,C01134,2025-05-07,B002,RM004,Current,Individual,Medium,Completed,Approved,2,No,
APP01135,C01135,2025-06-11,B009,RM019,Business,Business,Medium,Completed,Approved,5,No,
APP01136,C01136,2025-08-27,B006,RM013,Premium,Individual,Low,Completed,Pending,14,Yes,Sanctions Screening
APP01137,C01137,2025-03-03,B005,RM011,Current,Individual,Medium,Completed,Approved,9,No,
APP01138,C01138,2025-01-17,B006,RM012,Savings,Individual,High,Completed,Approved,5,Yes,Risk Assessment
APP01139,C01139,2025-05-19,B004,RM008,Premium,Individual,High,Completed,Approved,10,Yes,Enhanced Due Diligence
APP01140,C01140,2025-10-10,B005,RM010,Savings,Individual,Medium,Pending,Pending,8,No,
APP01141,C01141,2025-04-19,B001,RM001,Current,Individual,Medium,Pending,Pending,19,No,
APP01142,C01142,2025-08-29,B008,RM017,Savings,Individual,Low,Completed,Approved,7,No,
APP01143,C01143,2025-07-14,B003,RM007,Savings,Individual,High,Completed,Approved,7,No,
APP01144,C01144,2025-01-19,B007,RM014,Savings,Individual,Low,Completed,Pending,12,No,
APP01145,C01145,2025-12-19,B008,RM017,Current,Individual,Low,Completed,Approved,3,No,
APP01146,C01146,2025-01-30,B006,RM012,Current,Individual,Low,Completed,Approved,3,No,
APP01147,C01147,2025-07-13,B008,RM016,Business,Business,Medium,Completed,Approved,3,No,
APP01148,C01148,2025-09-07,B003,RM007,Current,Individual,Medium,Completed,Approved,9,No,
APP01149,C01149,2025-01-15,B003,RM006,Savings,Individual,Medium,Completed,Approved,6,No,
APP01150,C01150,2025-01-23,B005,RM010,Savings,Individual,Medium,Completed,Approved,6,No,
APP01151,C01151,2025-07-01,B009,RM018,Premium,Individual,Medium,Completed,Approved,5,No,
APP01152,C01152,2025-07-08,B007,RM015,Business,Business,High,Completed,Rejected,5,No,
APP01153,C01153,2025-07-08,B008,RM016,Savings,Individual,Medium,Completed,Approved,2,No,
APP01154,C01154,2025-08-29,B003,RM007,Savings,Individual,Low,Completed,Approved,4,No,
APP01155,C01155,2025-08-19,B008,RM017,Savings,Individual,Medium,Completed,Approved,2,No,
APP01156,C01156,2025-03-07,B003,RM007,Current,Individual,Medium,Failed,Rejected,7,No,
APP01157,C01157,2025-12-03,B005,RM010,Current,Individual,Low,Completed,Pending,8,No,
APP01158,C01158,2025-10-15,B008,RM017,Premium,Individual,Low,Completed,Approved,3,No,
APP01159,C01159,2025-01-14,B001,RM002,Savings,Individual,Low,Failed,Rejected,3,No,
APP01160,C01160,2025-08-12,B004,RM009,Premium,Individual,Low,Completed,Approved,6,No,
APP01161,C01161,2025-10-20,B002,RM004,Savings,Individual,Low,Completed,Approved,2,No,
APP01162,C01162,2025-01-26,B003,RM006,Current,Business,Medium,Pending,Pending,5,No,
APP01163,C01163,2025-09-13,B004,RM009,Current,Individual,Low,Completed,Approved,7,No,
APP01164,C01164,2025-12-09,B001,RM001,Savings,Individual,Low,Completed,Approved,9,No,
APP01165,C01165,2025-09-11,B005,RM011,Savings,Individual,Medium,Completed,Rejected,19,Yes,Risk Assessment
APP01166,C01166,2025-03-10,B008,RM017,Savings,Individual,Medium,Completed,Pending,8,No,
APP01167,C01167,2025-02-23,B002,RM004,Current,Individual,Low,Completed,Approved,8,No,
APP01168,C01168,2025-06-06,B006,RM012,Savings,Individual,Medium,Completed,Approved,7,No,
APP01169,C01169,2025-11-01,B004,RM008,Savings,Individual,Low,Completed,Approved,3,No,
APP01170,C01170,2025-10-31,B004,RM009,Current,Individual,Low,Completed,Approved,3,No,
APP01171,C01171,2025-04-15,B004,RM008,Savings,Individual,Low,Completed,Approved,9,No,
APP01172,C01172,2025-05-25,B006,RM013,Premium,Individual,Low,Completed,Approved,7,No,
APP01173,C01173,2025-01-23,B005,RM011,Savings,Individual,High,Completed,Approved,6,No,
APP01174,C01174,2025-09-26,B004,RM008,Savings,Individual,Medium,Completed,Approved,3,No,
APP01175,C01175,2025-10-10,B001,RM002,Savings,Individual,Low,Completed,Approved,6,No,
APP01176,C01176,2025-09-18,B004,RM009,Business,Business,High,Completed,Approved,5,No,
APP01177,C01177,2025-07-11,B008,RM017,Savings,Individual,Low,Pending,Pending,20,No,
APP01178,C01178,2025-11-15,B010,RM021,Current,Individual,Low,Completed,Approved,6,No,
APP01179,C01179,2025-04-21,B006,RM012,Current,Business,Medium,Completed,Approved,9,No,
APP01180,C01180,2025-03-05,B003,RM006,Current,Individual,Low,Completed,Approved,3,No,
APP01181,C01181,2025-11-10,B010,RM021,Current,Individual,Medium,Completed,Pending,18,No,
APP01182,C01182,2025-11-24,B007,RM014,Savings,Individual,Low,Completed,Approved,3,No,
APP01183,C01183,2025-10-23,B001,RM003,Savings,Individual,Medium,Completed,Approved,5,No,
APP01184,C01184,2025-04-18,B007,RM015,Business,Business,High,Completed,Approved,3,No,
APP01185,C01185,2025-05-06,B002,RM004,Savings,Individual,Medium,Completed,Approved,7,No,
APP01186,C01186,2025-11-25,B006,RM012,Business,Business,Medium,Completed,Approved,20,Yes,Risk Assessment
APP01187,C01187,2025-07-11,B004,RM009,Current,Individual,Medium,Completed,Approved,8,No,
APP01188,C01188,2025-12-20,B005,RM010,Current,Individual,Medium,Completed,Approved,10,No,
APP01189,C01189,2025-09-09,B003,RM007,Current,Individual,Medium,Completed,Approved,10,No,
APP01190,C01190,2025-03-22,B002,RM004,Savings,Individual,Medium,Completed,Approved,6,No,
APP01191,C01191,2025-07-08,B005,RM010,Current,Business,Medium,Completed,Rejected,8,No,
APP01192,C01192,2025-03-07,B002,RM004,Business,Business,High,Completed,Approved,19,Yes,KYC Documentation
APP01193,C01193,2025-09-19,B007,RM014,Savings,Individual,Low,Completed,Approved,5,No,
APP01194,C01194,2025-10-18,B007,RM014,Savings,Individual,Medium,Completed,Approved,9,No,
APP01195,C01195,2025-07-11,B003,RM006,Savings,Individual,Low,Completed,Approved,7,No,
APP01196,C01196,2025-09-04,B004,RM009,Current,Individual,Low,Completed,Approved,3,No,
APP01197,C01197,2025-08-23,B008,RM017,Premium,Individual,High,Completed,Approved,14,Yes,Enhanced Due Diligence
APP01198,C01198,2025-04-19,B007,RM015,Business,Business,Medium,Completed,Approved,10,No,
APP01199,C01199,2025-12-23,B002,RM005,Savings,Individual,Low,Completed,Approved,2,No,
APP01200,C01200,2025-10-28,B002,RM004,Current,Individual,High,Completed,Approved,6,No,
APP01201,C01201,2025-09-21,B008,RM016,Premium,Individual,Medium,Completed,Approved,7,No,
APP01202,C01202,2025-08-19,B006,RM012,Current,Individual,Low,Completed,Approved,6,No,
APP01203,C01203,2025-04-11,B006,RM012,Current,Business,High,Completed,Approved,19,Yes,Sanctions Screening
APP01204,C01204,2025-01-03,B009,RM018,Savings,Individual,Low,Completed,Approved,8,No,
APP01205,C01205,2025-10-21,B008,RM016,Business,Business,Medium,Completed,Pending,13,No,
APP01206,C01206,2025-05-17,B001,RM001,Premium,Individual,Medium,Completed,Pending,5,Yes,Risk Assessment
APP01207,C01207,2025-06-03,B010,RM020,Savings,Individual,Medium,Completed,Approved,9,No,
APP01208,C01208,2025-05-14,B008,RM017,Savings,Individual,High,Completed,Pending,9,No,
APP01209,C01209,2025-02-28,B003,RM007,Business,Business,Medium,Pending,Pending,1,No,
APP01210,C01210,2025-02-24,B002,RM005,Business,Business,Medium,Pending,Pending,3,No,
APP01211,C01211,2025-09-16,B002,RM005,Business,Business,High,Completed,Approved,3,No,
APP01212,C01212,2025-04-20,B002,RM005,Current,Individual,Low,Pending,Pending,19,No,
APP01213,C01213,2025-05-06,B004,RM008,Premium,Individual,Medium,Completed,Approved,10,No,
APP01214,C01214,2025-06-07,B009,RM019,Savings,Individual,Low,Completed,Approved,3,No,
APP01215,C01215,2025-06-16,B010,RM020,Premium,Individual,High,Completed,Rejected,19,Yes,Enhanced Due Diligence
APP01216,C01216,2025-07-09,B007,RM014,Current,Individual,Medium,Completed,Approved,8,No,
APP01217,C01217,2025-05-27,B004,RM009,Savings,Individual,Medium,Pending,Pending,6,No,
APP01218,C01218,2025-07-16,B010,RM021,Current,Business,High,Completed,Approved,7,No,
APP01219,C01219,2025-05-26,B006,RM012,Current,Individual,High,Completed,Approved,8,Yes,Compliance Review
APP01220,C01220,2025-04-29,B007,RM015,Current,Individual,Low,Completed,Approved,4,No,
APP01221,C01221,2025-03-15,B008,RM016,Current,Individual,Low,Completed,Approved,3,No,
APP01222,C01222,2025-08-16,B002,RM005,Current,Individual,Low,Completed,Approved,8,No,
APP01223,C01223,2025-02-01,B005,RM011,Current,Business,Medium,Pending,Pending,20,No,
APP01224,C01224,2025-06-24,B004,RM009,Business,Business,High,Pending,Pending,9,No,
APP01225,C01225,2025-08-30,B003,RM007,Business,Business,High,Completed,Approved,2,No,
APP01226,C01226,2025-05-08,B001,RM002,Premium,Individual,Low,Pending,Pending,17,No,
APP01227,C01227,2025-02-09,B009,RM019,Current,Individual,Low,Completed,Approved,3,No,
APP01228,C01228,2025-07-20,B010,RM021,Savings,Individual,Low,Completed,Approved,3,No,
APP01229,C01229,2025-04-01,B008,RM017,Current,Business,Medium,Completed,Approved,3,No,
APP01230,C01230,2025-09-07,B001,RM002,Current,Individual,Low,Completed,Approved,7,No,
APP01231,C01231,2025-08-12,B003,RM007,Savings,Individual,High,Completed,Approved,7,No,
APP01232,C01232,2025-05-19,B006,RM013,Savings,Individual,Low,Completed,Approved,8,No,
APP01233,C01233,2025-07-04,B007,RM015,Savings,Individual,Low,Completed,Pending,7,Yes,Sanctions Screening
APP01234,C01234,2025-06-18,B002,RM004,Current,Individual,Medium,Pending,Pending,11,No,
APP01235,C01235,2025-10-10,B001,RM002,Current,Business,Medium,Completed,Approved,7,No,
APP01236,C01236,2025-08-31,B010,RM020,Savings,Individual,Medium,Completed,Approved,4,No,
APP01237,C01237,2025-06-05,B007,RM015,Savings,Individual,Low,Completed,Approved,3,No,
APP01238,C01238,2025-11-26,B001,RM003,Savings,Individual,Medium,Completed,Approved,6,No,
APP01239,C01239,2025-09-15,B010,RM020,Savings,Individual,Medium,Completed,Approved,3,No,
APP01240,C01240,2025-04-21,B003,RM006,Premium,Individual,Medium,Completed,Approved,8,No,
APP01241,C01241,2025-10-23,B004,RM008,Savings,Individual,Low,Completed,Approved,4,No,
APP01242,C01242,2025-07-31,B005,RM010,Savings,Individual,Low,Completed,Approved,10,Yes,Enhanced Due Diligence
APP01243,C01243,2025-12-30,B009,RM019,Business,Business,Medium,Completed,Pending,9,No,
APP01244,C01244,2025-01-27,B006,RM012,Current,Individual,Low,Completed,Approved,6,No,
APP01245,C01245,2025-08-12,B005,RM010,Savings,Individual,Low,Completed,Pending,17,No,
APP01246,C01246,2025-07-26,B010,RM020,Business,Business,Medium,Completed,Approved,10,No,
APP01247,C01247,2025-03-17,B005,RM010,Savings,Individual,Low,Completed,Approved,5,No,
APP01248,C01248,2025-12-05,B004,RM009,Savings,Individual,Low,Completed,Approved,3,No,
APP01249,C01249,2025-08-02,B003,RM007,Current,Individual,Low,Completed,Approved,3,No,
APP01250,C01250,2025-06-10,B005,RM011,Premium,Business,Medium,Completed,Approved,5,Yes,Enhanced Due Diligence
APP01251,C01251,2025-02-18,B006,RM013,Savings,Individual,Low,Completed,Approved,4,No,
APP01252,C01252,2025-04-22,B004,RM008,Savings,Individual,Medium,Completed,Approved,4,No,
APP01253,C01253,2025-05-01,B005,RM011,Business,Business,High,Completed,Rejected,2,No,
APP01254,C01254,2025-03-06,B005,RM011,Business,Business,Medium,Completed,Approved,6,No,
APP01255,C01255,2025-07-22,B003,RM007,Savings,Individual,Medium,Completed,Approved,5,No,
APP01256,C01256,2025-03-22,B007,RM014,Business,Business,High,Completed,Approved,13,Yes,Enhanced Due Diligence
APP01257,C01257,2025-03-23,B003,RM007,Current,Individual,Low,Completed,Approved,9,No,
APP01258,C01258,2025-08-31,B004,RM009,Premium,Individual,Low,Completed,Approved,5,No,
APP01259,C01259,2025-11-30,B009,RM018,Premium,Individual,Medium,Failed,Rejected,7,No,
APP01260,C01260,2025-12-05,B005,RM011,Savings,Individual,Medium,Completed,Approved,8,No,
APP01261,C01261,2025-12-29,B002,RM005,Savings,Individual,Low,Completed,Approved,10,No,
APP01262,C01262,2025-12-25,B001,RM002,Premium,Individual,Medium,Pending,Pending,16,No,
APP01263,C01263,2025-09-07,B009,RM018,Savings,Individual,High,Pending,Pending,3,No,
APP01264,C01264,2025-01-21,B006,RM013,Current,Individual,Medium,Completed,Approved,2,No,
APP01265,C01265,2025-01-11,B008,RM016,Current,Business,Medium,Completed,Approved,7,No,
APP01266,C01266,2025-02-07,B003,RM007,Savings,Individual,Low,Completed,Approved,9,No,
APP01267,C01267,2025-03-16,B006,RM012,Savings,Individual,High,Completed,Rejected,4,No,
APP01268,C01268,2025-05-22,B005,RM011,Savings,Individual,Medium,Completed,Pending,18,No,
APP01269,C01269,2025-12-08,B009,RM019,Premium,Individual,Medium,Failed,Rejected,6,No,
APP01270,C01270,2025-12-10,B008,RM016,Business,Business,Medium,Completed,Rejected,5,No,
APP01271,C01271,2025-12-30,B007,RM015,Savings,Individual,Low,Completed,Approved,4,No,
APP01272,C01272,2025-04-23,B001,RM002,Savings,Individual,Medium,Completed,Approved,10,No,
APP01273,C01273,2025-10-23,B003,RM006,Savings,Individual,Low,Completed,Approved,4,No,
APP01274,C01274,2025-08-24,B003,RM006,Current,Business,Medium,Completed,Approved,2,No,
APP01275,C01275,2025-05-21,B003,RM007,Savings,Individual,Low,Completed,Approved,9,No,
APP01276,C01276,2025-11-30,B005,RM011,Current,Individual,High,Completed,Approved,5,No,
APP01277,C01277,2025-02-06,B007,RM014,Savings,Individual,Medium,Completed,Approved,4,No,
APP01278,C01278,2025-12-12,B001,RM001,Savings,Individual,High,Completed,Approved,19,Yes,Enhanced Due Diligence
APP01279,C01279,2025-01-30,B007,RM014,Savings,Individual,Medium,Completed,Rejected,7,No,
APP01280,C01280,2025-01-02,B004,RM008,Savings,Individual,Medium,Completed,Approved,10,No,
APP01281,C01281,2025-06-02,B004,RM009,Current,Individual,Medium,Completed,Approved,8,No,
APP01282,C01282,2025-04-12,B009,RM019,Current,Business,Medium,Completed,Approved,8,No,
APP01283,C01283,2025-03-06,B001,RM003,Savings,Individual,Low,Completed,Pending,15,No,
APP01284,C01284,2025-10-24,B001,RM002,Business,Business,Medium,Completed,Approved,10,No,
APP01285,C01285,2025-05-24,B001,RM001,Savings,Individual,Medium,Completed,Approved,7,No,
APP01286,C01286,2025-10-26,B007,RM014,Savings,Individual,High,Completed,Pending,11,Yes,Risk Assessment
APP01287,C01287,2025-12-29,B004,RM009,Savings,Individual,Low,Completed,Approved,6,No,
APP01288,C01288,2025-02-19,B006,RM012,Savings,Individual,Low,Completed,Approved,3,No,
APP01289,C01289,2025-12-27,B006,RM012,Current,Individual,Low,Pending,Pending,4,No,
APP01290,C01290,2025-01-14,B005,RM011,Business,Business,Medium,Completed,Approved,5,No,
APP01291,C01291,2025-08-08,B001,RM003,Current,Individual,Medium,Completed,Approved,2,No,
APP01292,C01292,2025-06-21,B002,RM005,Business,Business,Medium,Completed,Approved,9,No,
APP01293,C01293,2025-03-14,B004,RM008,Current,Business,High,Completed,Approved,9,No,
APP01294,C01294,2025-09-15,B009,RM019,Current,Individual,Low,Completed,Pending,6,No,
APP01295,C01295,2025-12-30,B008,RM016,Business,Business,Medium,Completed,Approved,5,No,
APP01296,C01296,2025-11-21,B003,RM007,Current,Individual,Medium,Completed,Approved,9,No,
APP01297,C01297,2025-02-02,B009,RM019,Current,Individual,Low,Pending,Pending,17,No,
APP01298,C01298,2025-11-15,B007,RM015,Business,Business,Medium,Completed,Approved,6,No,
APP01299,C01299,2025-12-12,B001,RM003,Current,Individual,Low,Completed,Approved,4,No,
APP01300,C01300,2025-03-03,B005,RM011,Savings,Individual,Low,Completed,Approved,8,No,
APP01301,C01301,2025-05-06,B005,RM010,Savings,Individual,Low,Completed,Approved,3,No,
APP01302,C01302,2025-02-14,B002,RM005,Premium,Individual,Low,Completed,Approved,3,No,
APP01303,C01303,2025-01-09,B009,RM018,Savings,Individual,High,Failed,Rejected,6,No,
APP01304,C01304,2025-07-26,B001,RM001,Savings,Individual,Low,Completed,Approved,7,No,
APP01305,C01305,2025-10-25,B010,RM021,Savings,Individual,Medium,Pending,Pending,1,No,
APP01306,C01306,2025-01-14,B009,RM019,Premium,Individual,Medium,Completed,Approved,2,No,
APP01307,C01307,2025-05-05,B007,RM014,Business,Business,Medium,Completed,Pending,7,No,
APP01308,C01308,2025-12-13,B008,RM017,Savings,Individual,Medium,Completed,Approved,9,Yes,Enhanced Due Diligence
APP01309,C01309,2025-06-05,B003,RM006,Current,Individual,High,Completed,Approved,9,No,
APP01310,C01310,2025-01-24,B004,RM009,Current,Individual,Low,Completed,Approved,8,No,
APP01311,C01311,2025-11-21,B009,RM019,Premium,Individual,Low,Completed,Approved,5,No,
APP01312,C01312,2025-04-05,B001,RM001,Savings,Individual,Low,Completed,Approved,9,No,
APP01313,C01313,2025-01-06,B010,RM020,Business,Business,Medium,Completed,Rejected,11,Yes,Enhanced Due Diligence
APP01314,C01314,2025-11-26,B002,RM005,Savings,Individual,High,Completed,Approved,5,No,
APP01315,C01315,2025-06-07,B008,RM016,Current,Individual,Low,Completed,Approved,3,No,
APP01316,C01316,2025-01-24,B002,RM005,Savings,Individual,Medium,Completed,Approved,3,No,
APP01317,C01317,2025-01-07,B001,RM003,Savings,Individual,High,Completed,Approved,15,Yes,Enhanced Due Diligence
APP01318,C01318,2025-07-07,B007,RM015,Savings,Individual,Medium,Completed,Approved,4,No,
APP01319,C01319,2025-01-25,B004,RM008,Business,Business,High,Completed,Rejected,7,No,
APP01320,C01320,2025-12-15,B002,RM004,Current,Business,Medium,Completed,Rejected,5,No,
APP01321,C01321,2025-12-21,B003,RM006,Current,Individual,Medium,Completed,Approved,3,No,
APP01322,C01322,2025-12-30,B008,RM016,Premium,Individual,Low,Completed,Approved,10,No,
APP01323,C01323,2025-10-26,B003,RM007,Current,Individual,High,Completed,Rejected,8,No,
APP01324,C01324,2025-08-21,B007,RM014,Current,Individual,Low,Completed,Approved,7,No,
APP01325,C01325,2025-02-02,B006,RM012,Savings,Individual,Low,Completed,Approved,4,No,
APP01326,C01326,2025-04-20,B004,RM009,Current,Individual,Medium,Completed,Pending,12,Yes,Compliance Review
APP01327,C01327,2025-11-11,B007,RM014,Savings,Individual,Medium,Completed,Approved,6,No,
APP01328,C01328,2025-09-17,B001,RM002,Current,Individual,Low,Completed,Approved,13,Yes,KYC Documentation
APP01329,C01329,2025-06-13,B002,RM004,Business,Business,Medium,Completed,Pending,7,No,
APP01330,C01330,2025-11-27,B009,RM019,Business,Business,Medium,Completed,Approved,6,No,
APP01331,C01331,2025-02-28,B003,RM006,Savings,Individual,Low,Completed,Approved,8,No,
APP01332,C01332,2025-06-09,B010,RM020,Savings,Individual,Low,Completed,Approved,8,Yes,Sanctions Screening
APP01333,C01333,2025-06-28,B004,RM008,Savings,Individual,Low,Pending,Pending,11,No,
APP01334,C01334,2025-09-19,B003,RM006,Current,Individual,Medium,Completed,Approved,10,No,
APP01335,C01335,2025-11-23,B001,RM003,Savings,Individual,Medium,Completed,Approved,2,No,
APP01336,C01336,2025-07-05,B003,RM007,Current,Individual,Low,Pending,Pending,10,No,
APP01337,C01337,2025-11-04,B010,RM020,Current,Individual,Medium,Completed,Approved,3,No,
APP01338,C01338,2025-12-12,B007,RM015,Savings,Individual,Low,Completed,Pending,12,No,
APP01339,C01339,2025-09-22,B009,RM019,Savings,Individual,Medium,Completed,Approved,4,No,
APP01340,C01340,2025-01-28,B007,RM015,Business,Business,High,Completed,Approved,7,No,
APP01341,C01341,2025-04-11,B002,RM005,Savings,Individual,Low,Completed,Approved,7,No,
APP01342,C01342,2025-07-03,B002,RM005,Savings,Individual,Low,Completed,Approved,5,No,
APP01343,C01343,2025-12-11,B001,RM001,Current,Individual,Medium,Completed,Approved,2,No,
APP01344,C01344,2025-08-19,B001,RM002,Premium,Individual,Low,Completed,Approved,8,No,
APP01345,C01345,2025-08-22,B009,RM018,Current,Individual,Medium,Completed,Approved,10,No,
APP01346,C01346,2025-10-28,B007,RM015,Current,Individual,Low,Pending,Pending,6,No,
APP01347,C01347,2025-11-26,B008,RM016,Savings,Individual,Medium,Completed,Rejected,8,No,
APP01348,C01348,2025-02-24,B002,RM004,Business,Business,Medium,Completed,Approved,9,Yes,Enhanced Due Diligence
APP01349,C01349,2025-12-14,B009,RM019,Current,Individual,Low,Completed,Approved,6,No,
APP01350,C01350,2025-09-11,B003,RM006,Premium,Business,Medium,Completed,Approved,10,Yes,Enhanced Due Diligence
APP01351,C01351,2025-06-01,B007,RM014,Savings,Individual,Medium,Completed,Approved,9,No,
APP01352,C01352,2025-10-03,B002,RM005,Current,Individual,High,Completed,Approved,2,No,
APP01353,C01353,2025-12-22,B003,RM007,Savings,Individual,Low,Failed,Rejected,6,No,
APP01354,C01354,2025-08-07,B008,RM016,Savings,Individual,Low,Completed,Approved,6,No,
APP01355,C01355,2025-03-18,B003,RM006,Current,Business,High,Failed,Rejected,3,No,
APP01356,C01356,2025-05-30,B010,RM021,Current,Business,Medium,Completed,Approved,6,No,
APP01357,C01357,2025-10-16,B009,RM019,Savings,Individual,Medium,Completed,Approved,2,No,
APP01358,C01358,2025-03-02,B004,RM008,Current,Individual,Medium,Completed,Approved,5,No,
APP01359,C01359,2025-03-22,B010,RM020,Business,Business,Medium,Completed,Approved,6,No,
APP01360,C01360,2025-04-25,B008,RM017,Business,Business,Medium,Completed,Approved,14,Yes,Enhanced Due Diligence
APP01361,C01361,2025-07-12,B007,RM014,Savings,Individual,Medium,Completed,Approved,9,No,
APP01362,C01362,2025-12-03,B008,RM016,Premium,Individual,Low,Pending,Pending,20,No,
APP01363,C01363,2025-12-14,B010,RM020,Savings,Individual,Low,Completed,Approved,6,No,
APP01364,C01364,2025-04-27,B007,RM014,Premium,Business,Medium,Completed,Approved,9,Yes,KYC Documentation
APP01365,C01365,2025-05-14,B002,RM004,Savings,Individual,Medium,Completed,Approved,2,No,
APP01366,C01366,2025-05-25,B005,RM010,Premium,Individual,Low,Completed,Approved,5,No,
APP01367,C01367,2025-01-31,B005,RM011,Business,Business,High,Completed,Rejected,3,No,
APP01368,C01368,2025-03-11,B007,RM015,Current,Individual,Low,Completed,Approved,8,No,
APP01369,C01369,2025-07-10,B004,RM009,Business,Business,High,Completed,Approved,7,No,
APP01370,C01370,2025-11-01,B006,RM013,Current,Individual,Medium,Completed,Approved,5,No,
APP01371,C01371,2025-05-19,B007,RM014,Premium,Individual,Low,Completed,Approved,4,No,
APP01372,C01372,2025-07-01,B010,RM021,Premium,Individual,Medium,Pending,Pending,16,No,
APP01373,C01373,2025-06-01,B010,RM021,Current,Individual,Medium,Completed,Rejected,7,No,
APP01374,C01374,2025-06-19,B006,RM013,Current,Individual,Low,Completed,Approved,4,No,
APP01375,C01375,2025-04-16,B008,RM017,Current,Individual,Medium,Completed,Approved,3,No,
APP01376,C01376,2025-02-28,B002,RM004,Savings,Individual,Medium,Completed,Approved,4,No,
APP01377,C01377,2025-01-15,B005,RM011,Savings,Individual,Low,Completed,Approved,8,No,
APP01378,C01378,2025-11-29,B002,RM005,Premium,Individual,Medium,Completed,Approved,9,Yes,Enhanced Due Diligence
APP01379,C01379,2025-04-01,B009,RM018,Savings,Individual,Medium,Completed,Approved,8,No,
APP01380,C01380,2025-08-13,B004,RM009,Current,Individual,Medium,Completed,Approved,7,No,
APP01381,C01381,2025-04-13,B006,RM012,Premium,Individual,High,Completed,Approved,8,No,
APP01382,C01382,2025-03-03,B004,RM008,Savings,Individual,Low,Completed,Pending,15,No,
APP01383,C01383,2025-12-09,B007,RM015,Current,Individual,Medium,Completed,Approved,6,No,
APP01384,C01384,2025-03-14,B006,RM013,Savings,Individual,Low,Completed,Approved,7,No,
APP01385,C01385,2025-06-11,B007,RM015,Business,Business,Medium,Completed,Rejected,4,No,
APP01386,C01386,2025-10-02,B010,RM021,Savings,Individual,Low,Failed,Rejected,5,No,
APP01387,C01387,2025-09-29,B003,RM007,Savings,Individual,Low,Completed,Approved,10,No,
APP01388,C01388,2025-02-24,B007,RM015,Savings,Individual,Medium,Completed,Approved,6,No,
APP01389,C01389,2025-01-17,B002,RM005,Premium,Individual,Low,Completed,Approved,10,No,
APP01390,C01390,2025-07-09,B002,RM005,Savings,Individual,Medium,Completed,Approved,5,No,
APP01391,C01391,2025-12-09,B003,RM007,Current,Individual,Medium,Completed,Approved,4,No,
APP01392,C01392,2025-09-18,B007,RM015,Current,Individual,Medium,Completed,Pending,20,No,
APP01393,C01393,2025-06-11,B010,RM021,Current,Individual,Low,Completed,Approved,3,No,
APP01394,C01394,2025-10-27,B002,RM004,Savings,Individual,Medium,Completed,Approved,5,No,
APP01395,C01395,2025-07-04,B001,RM001,Savings,Individual,Medium,Completed,Approved,4,No,
APP01396,C01396,2025-07-03,B008,RM017,Savings,Individual,Low,Completed,Approved,9,No,
APP01397,C01397,2025-09-05,B002,RM004,Current,Individual,High,Completed,Approved,8,No,
APP01398,C01398,2025-05-16,B009,RM018,Business,Business,Medium,Completed,Approved,6,No,
APP01399,C01399,2025-01-28,B003,RM007,Savings,Individual,Low,Completed,Pending,9,Yes,Sanctions Screening
APP01400,C01400,2025-07-19,B002,RM005,Business,Business,Medium,Completed,Rejected,7,No,
APP01401,C01401,2025-08-23,B009,RM019,Savings,Individual,Low,Completed,Approved,9,No,
APP01402,C01402,2025-10-31,B004,RM009,Savings,Individual,Low,Completed,Rejected,4,No,
APP01403,C01403,2025-11-30,B010,RM021,Premium,Individual,Low,Pending,Pending,13,No,
APP01404,C01404,2025-01-11,B010,RM020,Savings,Individual,Medium,Completed,Approved,6,No,
APP01405,C01405,2025-01-13,B006,RM013,Savings,Individual,Low,Completed,Approved,7,No,
APP01406,C01406,2025-04-12,B009,RM018,Business,Business,Medium,Completed,Approved,6,Yes,Risk Assessment
APP01407,C01407,2025-10-21,B003,RM007,Savings,Individual,Low,Completed,Rejected,3,No,
APP01408,C01408,2025-03-14,B003,RM006,Savings,Individual,Low,Completed,Approved,9,No,
APP01409,C01409,2025-10-16,B006,RM013,Savings,Individual,Medium,Completed,Approved,3,No,
APP01410,C01410,2025-12-28,B005,RM010,Savings,Individual,Low,Completed,Approved,2,No,
APP01411,C01411,2025-04-22,B007,RM014,Current,Individual,Medium,Completed,Approved,14,Yes,Risk Assessment
APP01412,C01412,2025-05-07,B005,RM011,Current,Business,Medium,Completed,Pending,13,No,
APP01413,C01413,2025-05-17,B001,RM003,Current,Individual,Low,Pending,Pending,15,No,
APP01414,C01414,2025-10-13,B007,RM015,Premium,Individual,Low,Completed,Approved,8,No,
APP01415,C01415,2025-02-16,B008,RM016,Business,Business,Medium,Completed,Pending,18,No,
APP01416,C01416,2025-05-15,B007,RM014,Business,Business,High,Completed,Approved,7,No,
APP01417,C01417,2025-12-31,B008,RM017,Savings,Individual,Medium,Completed,Approved,3,No,
APP01418,C01418,2025-03-30,B002,RM004,Current,Business,High,Completed,Approved,14,Yes,Enhanced Due Diligence
APP01419,C01419,2025-12-15,B007,RM014,Premium,Individual,Medium,Completed,Approved,3,No,
APP01420,C01420,2025-09-28,B001,RM001,Current,Individual,Medium,Completed,Pending,13,No,
APP01421,C01421,2025-01-13,B005,RM010,Business,Business,Medium,Completed,Approved,4,No,
APP01422,C01422,2025-09-01,B003,RM006,Savings,Individual,Low,Completed,Approved,6,No,
APP01423,C01423,2025-12-30,B007,RM014,Current,Individual,Medium,Completed,Rejected,4,No,
APP01424,C01424,2025-07-19,B005,RM010,Current,Individual,Medium,Completed,Approved,10,No,
APP01425,C01425,2025-07-13,B006,RM013,Current,Individual,Low,Completed,Approved,2,No,
APP01426,C01426,2025-06-29,B002,RM004,Current,Business,Medium,Completed,Approved,9,Yes,Compliance Review
APP01427,C01427,2025-09-30,B007,RM015,Current,Business,Medium,Completed,Approved,6,No,
APP01428,C01428,2025-12-14,B006,RM013,Current,Individual,Low,Completed,Approved,10,No,
APP01429,C01429,2025-03-11,B003,RM007,Business,Business,Medium,Completed,Approved,9,No,
APP01430,C01430,2025-05-20,B007,RM014,Current,Business,Medium,Completed,Approved,6,No,
APP01431,C01431,2025-04-22,B002,RM005,Premium,Individual,Low,Pending,Pending,8,No,
APP01432,C01432,2025-11-24,B005,RM011,Savings,Individual,Medium,Failed,Rejected,5,No,
APP01433,C01433,2025-04-10,B006,RM013,Savings,Individual,Medium,Completed,Approved,5,No,
APP01434,C01434,2025-11-08,B006,RM012,Savings,Individual,Low,Completed,Approved,7,No,
APP01435,C01435,2025-03-03,B003,RM006,Savings,Individual,Low,Completed,Approved,9,No,
APP01436,C01436,2025-03-26,B004,RM008,Savings,Individual,Low,Completed,Approved,6,No,
APP01437,C01437,2025-12-23,B002,RM005,Savings,Individual,Low,Completed,Approved,8,No,
APP01438,C01438,2025-06-25,B005,RM011,Savings,Individual,Low,Completed,Approved,7,No,
APP01439,C01439,2025-09-01,B001,RM001,Savings,Individual,Low,Completed,Approved,2,No,
APP01440,C01440,2025-10-14,B003,RM007,Premium,Individual,Medium,Completed,Approved,5,No,
APP01441,C01441,2025-01-16,B008,RM016,Savings,Individual,Low,Completed,Approved,9,No,
APP01442,C01442,2025-11-15,B001,RM002,Savings,Individual,Medium,Completed,Approved,5,No,
APP01443,C01443,2025-02-23,B001,RM001,Premium,Individual,Low,Failed,Rejected,6,No,
APP01444,C01444,2025-09-01,B002,RM004,Savings,Individual,Medium,Failed,Rejected,4,No,
APP01445,C01445,2025-02-13,B005,RM010,Current,Individual,High,Completed,Approved,4,No,
APP01446,C01446,2025-12-17,B009,RM019,Savings,Individual,Low,Completed,Rejected,6,No,
APP01447,C01447,2025-11-24,B009,RM019,Business,Business,Medium,Completed,Approved,8,No,
APP01448,C01448,2025-10-06,B006,RM012,Savings,Individual,High,Completed,Approved,9,Yes,Enhanced Due Diligence
APP01449,C01449,2025-03-30,B004,RM008,Savings,Individual,Medium,Completed,Approved,4,No,
APP01450,C01450,2025-03-04,B009,RM019,Premium,Individual,Medium,Completed,Rejected,4,No,
APP01451,C01451,2025-04-03,B005,RM011,Savings,Individual,Low,Completed,Approved,8,No,
APP01452,C01452,2025-01-20,B008,RM016,Current,Individual,Low,Completed,Approved,10,No,
APP01453,C01453,2025-08-26,B003,RM006,Business,Business,Medium,Pending,Pending,4,No,
APP01454,C01454,2025-08-24,B008,RM017,Current,Individual,Low,Completed,Approved,4,No,
APP01455,C01455,2025-04-11,B002,RM004,Savings,Individual,Medium,Completed,Approved,2,No,
APP01456,C01456,2025-08-11,B005,RM011,Savings,Individual,Low,Pending,Pending,20,No,
APP01457,C01457,2025-05-25,B004,RM009,Current,Individual,Low,Pending,Pending,15,No,
APP01458,C01458,2025-06-22,B007,RM014,Savings,Individual,Low,Completed,Approved,3,No,
APP01459,C01459,2025-04-24,B003,RM006,Premium,Individual,Low,Pending,Pending,2,No,
APP01460,C01460,2025-08-16,B005,RM011,Savings,Individual,Medium,Completed,Approved,7,No,
APP01461,C01461,2025-09-22,B008,RM017,Savings,Individual,Medium,Completed,Approved,10,No,
APP01462,C01462,2025-06-23,B006,RM013,Savings,Individual,Medium,Pending,Pending,1,No,
APP01463,C01463,2025-10-28,B007,RM014,Business,Business,Medium,Completed,Approved,2,No,
APP01464,C01464,2025-06-01,B005,RM010,Savings,Individual,Low,Completed,Approved,5,No,
APP01465,C01465,2025-07-20,B001,RM002,Premium,Individual,Medium,Completed,Approved,9,No,
APP01466,C01466,2025-04-02,B009,RM018,Business,Business,High,Completed,Approved,3,No,
APP01467,C01467,2025-05-28,B006,RM013,Current,Business,Medium,Completed,Approved,12,Yes,KYC Documentation
APP01468,C01468,2025-11-30,B010,RM020,Premium,Individual,Low,Completed,Approved,2,No,
APP01469,C01469,2025-12-16,B008,RM017,Savings,Individual,Low,Pending,Pending,9,No,
APP01470,C01470,2025-07-25,B001,RM002,Savings,Individual,Low,Completed,Approved,5,No,
APP01471,C01471,2025-06-01,B009,RM018,Savings,Individual,Medium,Completed,Approved,6,No,
APP01472,C01472,2025-02-24,B002,RM004,Savings,Individual,Low,Completed,Pending,17,No,
APP01473,C01473,2025-08-18,B008,RM017,Savings,Individual,Medium,Completed,Approved,18,Yes,Sanctions Screening
APP01474,C01474,2025-10-16,B004,RM009,Savings,Individual,Medium,Completed,Pending,16,No,
APP01475,C01475,2025-09-30,B002,RM005,Savings,Individual,Low,Completed,Approved,3,No,
APP01476,C01476,2025-01-28,B007,RM014,Current,Individual,Low,Completed,Approved,4,No,
APP01477,C01477,2025-08-08,B001,RM002,Savings,Individual,Medium,Completed,Pending,12,Yes,KYC Documentation
APP01478,C01478,2025-12-01,B003,RM006,Premium,Individual,Low,Completed,Approved,5,No,
APP01479,C01479,2025-08-21,B009,RM018,Premium,Business,Medium,Completed,Approved,11,Yes,Enhanced Due Diligence
APP01480,C01480,2025-02-26,B006,RM013,Savings,Individual,Medium,Completed,Approved,10,No,
APP01481,C01481,2025-03-17,B005,RM011,Savings,Individual,Medium,Pending,Pending,9,No,
APP01482,C01482,2025-05-07,B003,RM006,Premium,Individual,Medium,Failed,Rejected,5,No,
APP01483,C01483,2025-10-07,B010,RM020,Savings,Individual,Medium,Completed,Approved,9,No,
APP01484,C01484,2025-11-18,B003,RM007,Savings,Individual,High,Completed,Approved,10,No,
APP01485,C01485,2025-08-17,B004,RM009,Savings,Individual,Low,Completed,Approved,8,No,
APP01486,C01486,2025-12-23,B002,RM004,Business,Business,High,Pending,Pending,5,No,
APP01487,C01487,2025-01-26,B001,RM002,Savings,Individual,Low,Completed,Pending,12,No,
APP01488,C01488,2025-12-09,B004,RM009,Premium,Individual,Medium,Failed,Rejected,7,No,
APP01489,C01489,2025-03-23,B009,RM019,Savings,Individual,Low,Completed,Approved,9,No,
APP01490,C01490,2025-03-02,B001,RM001,Savings,Individual,Medium,Completed,Approved,4,No,
APP01491,C01491,2025-02-07,B009,RM019,Savings,Individual,Medium,Completed,Approved,7,No,
APP01492,C01492,2025-08-23,B009,RM019,Savings,Individual,Low,Completed,Approved,3,No,
APP01493,C01493,2025-07-08,B002,RM004,Business,Business,Medium,Completed,Approved,8,No,
APP01494,C01494,2025-07-14,B006,RM013,Savings,Individual,Low,Completed,Approved,2,No,
APP01495,C01495,2025-06-20,B003,RM006,Savings,Individual,Low,Pending,Pending,18,No,
APP01496,C01496,2025-04-19,B007,RM014,Premium,Individual,Low,Completed,Approved,5,No,
APP01497,C01497,2025-01-16,B005,RM011,Savings,Individual,High,Completed,Approved,5,No,
APP01498,C01498,2025-11-23,B003,RM007,Savings,Individual,Medium,Completed,Approved,10,No,
APP01499,C01499,2025-06-15,B010,RM020,Savings,Individual,Low,Completed,Approved,9,No,
APP01500,C01500,2025-08-14,B010,RM020,Premium,Individual,High,Completed,Approved,6,Yes,KYC Documentation
APP01501,C01501,2025-08-07,B001,RM001,Premium,Individual,Low,Completed,Pending,8,No,
APP01502,C01502,2025-05-23,B004,RM009,Savings,Individual,Low,Completed,Approved,2,No,
APP01503,C01503,2025-05-23,B007,RM015,Current,Business,Medium,Completed,Approved,20,Yes,Compliance Review
APP01504,C01504,2025-06-08,B003,RM007,Savings,Individual,Low,Pending,Pending,10,No,
APP01505,C01505,2025-04-11,B006,RM013,Savings,Individual,Low,Completed,Approved,8,No,
APP01506,C01506,2025-05-03,B004,RM009,Savings,Individual,Medium,Completed,Approved,3,No,
APP01507,C01507,2025-07-03,B001,RM002,Current,Individual,High,Pending,Pending,16,No,
APP01508,C01508,2025-06-04,B006,RM013,Savings,Individual,Low,Completed,Approved,7,No,
APP01509,C01509,2025-09-14,B002,RM004,Savings,Individual,Low,Completed,Approved,10,No,
APP01510,C01510,2025-09-13,B006,RM013,Savings,Individual,Medium,Completed,Approved,7,No,
APP01511,C01511,2025-04-30,B009,RM019,Savings,Individual,Medium,Completed,Approved,10,No,
APP01512,C01512,2025-09-14,B010,RM020,Savings,Individual,Low,Completed,Approved,4,No,
APP01513,C01513,2025-02-12,B004,RM009,Savings,Individual,Medium,Completed,Approved,10,No,
APP01514,C01514,2025-03-23,B008,RM016,Premium,Individual,Medium,Completed,Approved,9,No,
APP01515,C01515,2025-12-24,B002,RM005,Current,Individual,Low,Completed,Pending,5,No,
APP01516,C01516,2025-05-29,B001,RM002,Premium,Individual,Low,Completed,Approved,7,No,
APP01517,C01517,2025-08-03,B009,RM019,Savings,Individual,Low,Completed,Approved,6,No,
APP01518,C01518,2025-02-26,B010,RM020,Premium,Business,High,Completed,Approved,8,No,
APP01519,C01519,2025-01-04,B001,RM003,Premium,Individual,Medium,Completed,Approved,5,No,
APP01520,C01520,2025-10-23,B008,RM016,Premium,Individual,High,Completed,Approved,14,Yes,Risk Assessment
APP01521,C01521,2025-07-09,B004,RM008,Savings,Individual,Low,Completed,Approved,9,No,
APP01522,C01522,2025-07-24,B004,RM008,Premium,Business,Medium,Pending,Pending,16,No,
APP01523,C01523,2025-08-10,B010,RM021,Savings,Individual,Medium,Completed,Approved,8,No,
APP01524,C01524,2025-01-24,B001,RM003,Current,Individual,Low,Completed,Approved,7,No,
APP01525,C01525,2025-11-25,B007,RM014,Current,Individual,Medium,Completed,Approved,7,No,
APP01526,C01526,2025-04-05,B008,RM016,Current,Individual,High,Completed,Approved,10,No,
APP01527,C01527,2025-09-23,B003,RM006,Savings,Individual,Medium,Completed,Approved,9,No,
APP01528,C01528,2025-03-15,B008,RM016,Savings,Individual,Low,Completed,Approved,4,No,
APP01529,C01529,2025-01-03,B005,RM011,Premium,Individual,High,Completed,Approved,2,No,
APP01530,C01530,2025-08-01,B006,RM012,Current,Individual,Medium,Pending,Pending,6,No,
APP01531,C01531,2025-11-01,B006,RM013,Savings,Individual,Low,Completed,Approved,10,No,
APP01532,C01532,2025-08-10,B006,RM013,Savings,Individual,Low,Completed,Approved,9,No,
APP01533,C01533,2025-03-13,B010,RM020,Business,Business,High,Completed,Approved,2,No,
APP01534,C01534,2025-05-06,B010,RM021,Premium,Individual,Low,Completed,Approved,2,No,
APP01535,C01535,2025-04-10,B006,RM012,Business,Business,Medium,Completed,Rejected,8,No,
APP01536,C01536,2025-05-03,B002,RM004,Savings,Individual,High,Completed,Pending,8,Yes,Enhanced Due Diligence
APP01537,C01537,2025-09-18,B009,RM019,Business,Business,Medium,Completed,Approved,15,Yes,KYC Documentation
APP01538,C01538,2025-06-25,B009,RM018,Current,Individual,Low,Completed,Approved,6,No,
APP01539,C01539,2025-07-02,B004,RM008,Savings,Individual,Low,Completed,Approved,6,No,
APP01540,C01540,2025-04-09,B007,RM015,Current,Individual,Medium,Completed,Approved,9,No,
APP01541,C01541,2025-12-29,B008,RM017,Current,Individual,Medium,Failed,Rejected,3,No,
APP01542,C01542,2025-06-12,B007,RM014,Premium,Individual,Low,Completed,Approved,10,No,
APP01543,C01543,2025-04-13,B007,RM015,Savings,Individual,Low,Completed,Approved,5,No,
APP01544,C01544,2025-06-18,B001,RM002,Premium,Individual,Medium,Completed,Approved,8,No,
APP01545,C01545,2025-05-07,B001,RM001,Current,Individual,Low,Completed,Approved,7,No,
APP01546,C01546,2025-12-30,B007,RM014,Savings,Individual,Medium,Pending,Pending,18,No,
APP01547,C01547,2025-08-12,B006,RM012,Current,Individual,Low,Completed,Approved,4,No,
APP01548,C01548,2025-06-17,B008,RM016,Savings,Individual,High,Failed,Rejected,5,No,
APP01549,C01549,2025-01-24,B003,RM007,Current,Individual,Medium,Completed,Approved,3,No,
APP01550,C01550,2025-08-10,B010,RM021,Savings,Individual,Low,Completed,Pending,14,No,
APP01551,C01551,2025-11-21,B005,RM011,Savings,Individual,Medium,Completed,Approved,5,No,
APP01552,C01552,2025-07-21,B009,RM018,Savings,Individual,Low,Completed,Approved,4,No,
APP01553,C01553,2025-08-09,B004,RM008,Premium,Individual,Low,Completed,Approved,9,No,
APP01554,C01554,2025-04-08,B002,RM005,Savings,Individual,Low,Completed,Approved,2,No,
APP01555,C01555,2025-02-16,B010,RM021,Savings,Individual,Medium,Completed,Approved,20,Yes,Risk Assessment
APP01556,C01556,2025-02-09,B009,RM019,Savings,Individual,Medium,Completed,Approved,15,Yes,Risk Assessment
APP01557,C01557,2025-12-13,B008,RM017,Savings,Individual,Low,Pending,Pending,1,No,
APP01558,C01558,2025-04-07,B003,RM007,Savings,Individual,Medium,Completed,Approved,4,No,
APP01559,C01559,2025-03-05,B005,RM010,Savings,Individual,Medium,Completed,Approved,2,No,
APP01560,C01560,2025-11-21,B002,RM004,Current,Business,High,Completed,Pending,10,No,
APP01561,C01561,2025-06-06,B009,RM019,Savings,Individual,Low,Completed,Approved,4,No,
APP01562,C01562,2025-03-19,B009,RM018,Savings,Individual,High,Completed,Approved,5,No,
APP01563,C01563,2025-11-20,B004,RM009,Premium,Individual,Medium,Completed,Rejected,4,No,
APP01564,C01564,2025-01-19,B003,RM007,Savings,Individual,Low,Completed,Approved,8,No,
APP01565,C01565,2025-03-07,B004,RM008,Premium,Individual,Medium,Completed,Approved,6,No,
APP01566,C01566,2025-01-08,B005,RM011,Current,Individual,Low,Completed,Approved,10,No,
APP01567,C01567,2025-05-26,B003,RM006,Savings,Individual,Low,Completed,Approved,4,No,
APP01568,C01568,2025-05-25,B010,RM020,Business,Business,Medium,Completed,Pending,6,No,
APP01569,C01569,2025-09-07,B005,RM010,Premium,Individual,Medium,Completed,Approved,11,Yes,Compliance Review
APP01570,C01570,2025-05-07,B006,RM012,Business,Business,Medium,Pending,Pending,17,No,
APP01571,C01571,2025-01-28,B008,RM017,Current,Individual,Low,Completed,Approved,9,No,
APP01572,C01572,2025-01-13,B007,RM014,Savings,Individual,Medium,Completed,Approved,5,No,
APP01573,C01573,2025-02-14,B007,RM015,Savings,Individual,Medium,Completed,Approved,3,No,
APP01574,C01574,2025-12-09,B005,RM011,Savings,Individual,Medium,Completed,Approved,5,No,
APP01575,C01575,2025-03-08,B010,RM021,Savings,Individual,Medium,Completed,Approved,5,No,
APP01576,C01576,2025-09-08,B006,RM012,Current,Individual,Low,Completed,Approved,3,No,
APP01577,C01577,2025-08-13,B004,RM009,Savings,Individual,Low,Completed,Pending,15,No,
APP01578,C01578,2025-06-14,B006,RM012,Business,Business,High,Completed,Approved,3,No,
APP01579,C01579,2025-04-03,B009,RM018,Savings,Individual,Low,Pending,Pending,14,No,
APP01580,C01580,2025-08-08,B004,RM008,Savings,Individual,Low,Completed,Approved,5,No,
APP01581,C01581,2025-10-23,B005,RM011,Current,Individual,Low,Completed,Approved,9,No,
APP01582,C01582,2025-12-29,B009,RM019,Savings,Individual,Medium,Completed,Approved,2,No,
APP01583,C01583,2025-11-25,B010,RM020,Current,Business,Medium,Completed,Approved,5,No,
APP01584,C01584,2025-11-22,B002,RM005,Savings,Individual,Low,Completed,Approved,10,No,
APP01585,C01585,2025-11-10,B007,RM015,Business,Business,Medium,Completed,Approved,6,No,
APP01586,C01586,2025-08-17,B008,RM017,Savings,Individual,Low,Completed,Approved,3,No,
APP01587,C01587,2025-03-09,B001,RM001,Savings,Individual,Medium,Completed,Approved,9,No,
APP01588,C01588,2025-02-27,B003,RM007,Savings,Individual,Low,Completed,Rejected,4,No,
APP01589,C01589,2025-11-03,B010,RM021,Business,Business,High,Completed,Approved,9,No,
APP01590,C01590,2025-12-08,B004,RM008,Savings,Individual,Medium,Pending,Pending,10,No,
APP01591,C01591,2025-04-03,B010,RM020,Current,Individual,Low,Completed,Approved,4,No,
APP01592,C01592,2025-04-01,B009,RM019,Current,Individual,Medium,Completed,Approved,7,No,
APP01593,C01593,2025-11-03,B002,RM004,Current,Individual,Low,Completed,Approved,13,Yes,Enhanced Due Diligence
APP01594,C01594,2025-04-08,B003,RM006,Savings,Individual,Medium,Completed,Approved,6,No,
APP01595,C01595,2025-05-09,B009,RM019,Savings,Individual,Low,Completed,Approved,8,No,
APP01596,C01596,2025-10-29,B005,RM010,Savings,Individual,Low,Completed,Approved,2,No,
APP01597,C01597,2025-11-20,B010,RM020,Business,Business,High,Completed,Approved,9,No,
APP01598,C01598,2025-07-23,B006,RM012,Current,Individual,High,Completed,Approved,10,No,
APP01599,C01599,2025-01-25,B003,RM006,Premium,Individual,Medium,Pending,Pending,17,No,
APP01600,C01600,2025-08-17,B002,RM005,Savings,Individual,Low,Pending,Pending,11,No,
APP01601,C01601,2025-12-09,B001,RM001,Savings,Individual,Low,Completed,Approved,5,No,
APP01602,C01602,2025-10-04,B001,RM001,Current,Individual,Low,Completed,Approved,2,No,
APP01603,C01603,2025-01-31,B010,RM020,Current,Individual,Low,Completed,Pending,15,No,
APP01604,C01604,2025-09-21,B003,RM007,Current,Business,Medium,Completed,Pending,19,No,
APP01605,C01605,2025-06-19,B010,RM020,Savings,Individual,Medium,Completed,Approved,9,No,
APP01606,C01606,2025-03-26,B010,RM021,Current,Individual,High,Completed,Approved,2,No,
APP01607,C01607,2025-05-04,B002,RM005,Current,Business,High,Completed,Approved,5,No,
APP01608,C01608,2025-04-05,B001,RM003,Savings,Individual,Medium,Completed,Approved,8,No,
APP01609,C01609,2025-09-28,B002,RM005,Savings,Individual,Low,Completed,Approved,6,No,
APP01610,C01610,2025-07-30,B006,RM012,Savings,Individual,Medium,Completed,Approved,9,No,
APP01611,C01611,2025-04-15,B003,RM006,Premium,Individual,Medium,Completed,Approved,10,No,
APP01612,C01612,2025-07-07,B007,RM014,Current,Individual,Medium,Completed,Rejected,5,No,
APP01613,C01613,2025-10-19,B007,RM015,Current,Individual,Low,Completed,Approved,7,No,
APP01614,C01614,2025-10-24,B001,RM003,Savings,Individual,Low,Completed,Approved,5,No,
APP01615,C01615,2025-12-28,B006,RM012,Savings,Individual,Low,Completed,Approved,8,No,
APP01616,C01616,2025-05-20,B007,RM014,Current,Individual,Medium,Completed,Approved,4,No,
APP01617,C01617,2025-04-05,B001,RM002,Current,Business,High,Failed,Rejected,3,No,
APP01618,C01618,2025-06-16,B009,RM018,Business,Business,Medium,Completed,Approved,7,No,
APP01619,C01619,2025-04-12,B003,RM006,Current,Individual,Low,Completed,Approved,8,No,
APP01620,C01620,2025-01-24,B002,RM005,Current,Individual,Low,Completed,Pending,14,No,
APP01621,C01621,2025-04-20,B006,RM012,Current,Individual,Low,Completed,Approved,10,No,
APP01622,C01622,2025-02-09,B007,RM014,Savings,Individual,High,Completed,Approved,10,No,
APP01623,C01623,2025-03-15,B003,RM006,Business,Business,High,Completed,Approved,4,No,
APP01624,C01624,2025-06-09,B007,RM015,Current,Individual,Medium,Pending,Pending,7,No,
APP01625,C01625,2025-11-07,B002,RM005,Savings,Individual,Medium,Completed,Approved,3,No,
APP01626,C01626,2025-12-11,B002,RM004,Premium,Individual,Low,Completed,Approved,4,No,
APP01627,C01627,2025-10-13,B004,RM008,Current,Individual,Medium,Completed,Approved,7,No,
APP01628,C01628,2025-04-12,B004,RM008,Savings,Individual,Medium,Completed,Approved,5,No,
APP01629,C01629,2025-12-04,B003,RM006,Current,Individual,Low,Failed,Rejected,4,No,
APP01630,C01630,2025-09-13,B005,RM011,Premium,Individual,Low,Completed,Approved,9,No,
APP01631,C01631,2025-09-16,B009,RM019,Current,Individual,Low,Completed,Approved,8,No,
APP01632,C01632,2025-07-13,B007,RM014,Business,Business,High,Completed,Approved,2,No,
APP01633,C01633,2025-12-15,B005,RM010,Savings,Individual,High,Failed,Rejected,7,No,
APP01634,C01634,2025-06-08,B005,RM011,Savings,Individual,Medium,Completed,Approved,7,No,
APP01635,C01635,2025-01-09,B003,RM007,Current,Individual,Low,Completed,Approved,8,No,
APP01636,C01636,2025-03-26,B002,RM004,Premium,Individual,Low,Completed,Approved,4,No,
APP01637,C01637,2025-04-18,B002,RM004,Savings,Individual,Low,Completed,Approved,4,No,
APP01638,C01638,2025-09-07,B008,RM016,Business,Business,High,Completed,Approved,8,No,
APP01639,C01639,2025-10-04,B006,RM012,Savings,Individual,Low,Completed,Approved,2,No,
APP01640,C01640,2025-12-16,B009,RM019,Premium,Individual,Medium,Completed,Approved,5,No,
APP01641,C01641,2025-05-10,B009,RM019,Savings,Individual,Low,Completed,Pending,18,No,
APP01642,C01642,2025-07-23,B003,RM006,Business,Business,High,Completed,Rejected,4,No,
APP01643,C01643,2025-11-03,B006,RM013,Savings,Individual,Medium,Completed,Approved,8,No,
APP01644,C01644,2025-09-20,B005,RM010,Savings,Individual,Low,Completed,Approved,10,No,
APP01645,C01645,2025-12-23,B009,RM018,Current,Individual,Low,Completed,Pending,10,No,
APP01646,C01646,2025-05-20,B004,RM008,Savings,Individual,Low,Failed,Rejected,6,No,
APP01647,C01647,2025-05-11,B003,RM007,Current,Individual,Low,Pending,Pending,8,No,
APP01648,C01648,2025-12-15,B007,RM014,Premium,Individual,Medium,Pending,Pending,20,No,
APP01649,C01649,2025-07-04,B003,RM007,Savings,Individual,Medium,Completed,Approved,7,No,
APP01650,C01650,2025-08-02,B002,RM004,Current,Individual,Medium,Completed,Approved,2,No,
APP01651,C01651,2025-10-15,B007,RM014,Savings,Individual,Low,Failed,Rejected,3,No,
APP01652,C01652,2025-12-23,B005,RM010,Current,Individual,Low,Completed,Approved,10,No,
APP01653,C01653,2025-01-15,B002,RM004,Savings,Individual,Low,Completed,Approved,9,No,
APP01654,C01654,2025-08-04,B009,RM018,Business,Business,Medium,Completed,Approved,5,No,
APP01655,C01655,2025-09-10,B007,RM014,Savings,Individual,Low,Pending,Pending,20,No,
APP01656,C01656,2025-05-07,B006,RM012,Savings,Individual,Medium,Completed,Approved,3,No,
APP01657,C01657,2025-12-11,B007,RM014,Premium,Business,Medium,Pending,Pending,6,No,
APP01658,C01658,2025-01-15,B010,RM021,Savings,Individual,Low,Completed,Approved,7,No,
APP01659,C01659,2025-04-03,B008,RM017,Business,Business,Medium,Completed,Approved,3,No,
APP01660,C01660,2025-07-06,B005,RM010,Savings,Individual,Low,Completed,Approved,8,No,
APP01661,C01661,2025-11-23,B001,RM002,Savings,Individual,Low,Completed,Approved,2,No,
APP01662,C01662,2025-10-31,B002,RM004,Savings,Individual,Low,Completed,Approved,4,No,
APP01663,C01663,2025-05-06,B010,RM020,Savings,Individual,Low,Completed,Approved,4,No,
APP01664,C01664,2025-01-18,B006,RM013,Business,Business,Medium,Completed,Approved,2,No,
APP01665,C01665,2025-05-06,B009,RM018,Current,Individual,Low,Completed,Approved,7,No,
APP01666,C01666,2025-07-24,B005,RM010,Savings,Individual,Low,Pending,Pending,1,No,
APP01667,C01667,2025-01-04,B010,RM020,Premium,Individual,Medium,Completed,Approved,3,No,
APP01668,C01668,2025-08-26,B001,RM002,Current,Business,Medium,Completed,Pending,11,No,
APP01669,C01669,2025-03-31,B003,RM006,Savings,Individual,Medium,Pending,Pending,10,No,
APP01670,C01670,2025-09-29,B007,RM014,Current,Individual,Low,Completed,Approved,10,No,
APP01671,C01671,2025-09-04,B006,RM013,Savings,Individual,Medium,Completed,Approved,9,No,
APP01672,C01672,2025-06-05,B010,RM021,Savings,Individual,Low,Completed,Approved,2,No,
APP01673,C01673,2025-12-20,B001,RM001,Savings,Individual,Medium,Completed,Pending,10,Yes,KYC Documentation
APP01674,C01674,2025-01-17,B004,RM009,Savings,Individual,Medium,Pending,Pending,2,No,
APP01675,C01675,2025-01-24,B002,RM005,Savings,Individual,Medium,Completed,Approved,10,No,
APP01676,C01676,2025-01-05,B006,RM012,Savings,Individual,Low,Pending,Pending,18,No,
APP01677,C01677,2025-04-14,B007,RM014,Savings,Individual,Low,Completed,Approved,4,No,
APP01678,C01678,2025-04-15,B004,RM009,Business,Business,Medium,Completed,Approved,2,No,
APP01679,C01679,2025-07-11,B007,RM015,Premium,Business,Medium,Pending,Pending,7,No,
APP01680,C01680,2025-04-02,B007,RM015,Premium,Individual,Medium,Completed,Approved,16,Yes,Enhanced Due Diligence
APP01681,C01681,2025-04-06,B002,RM004,Savings,Individual,Medium,Completed,Approved,2,No,
APP01682,C01682,2025-03-25,B009,RM018,Current,Business,Medium,Completed,Rejected,16,Yes,KYC Documentation
APP01683,C01683,2025-05-29,B003,RM007,Savings,Individual,Medium,Completed,Approved,4,No,
APP01684,C01684,2025-07-17,B002,RM005,Current,Individual,Medium,Completed,Approved,7,Yes,Risk Assessment
APP01685,C01685,2025-07-25,B004,RM009,Savings,Individual,Low,Completed,Approved,9,No,
APP01686,C01686,2025-10-02,B001,RM001,Current,Individual,Medium,Completed,Approved,4,No,
APP01687,C01687,2025-06-13,B001,RM001,Current,Individual,High,Completed,Pending,13,Yes,KYC Documentation
APP01688,C01688,2025-03-28,B003,RM007,Savings,Individual,Low,Completed,Approved,4,No,
APP01689,C01689,2025-01-21,B006,RM012,Premium,Individual,Medium,Completed,Approved,7,No,
APP01690,C01690,2025-04-17,B010,RM021,Savings,Individual,Low,Completed,Approved,5,Yes,Compliance Review
APP01691,C01691,2025-07-04,B010,RM021,Business,Business,Medium,Completed,Approved,7,Yes,Sanctions Screening
APP01692,C01692,2025-02-01,B001,RM002,Business,Business,High,Completed,Approved,15,Yes,KYC Documentation
APP01693,C01693,2025-01-02,B002,RM005,Premium,Individual,Medium,Completed,Approved,6,No,
APP01694,C01694,2025-07-31,B009,RM019,Business,Business,High,Failed,Rejected,5,No,
APP01695,C01695,2025-02-01,B001,RM001,Savings,Individual,Low,Completed,Approved,9,No,
APP01696,C01696,2025-11-09,B003,RM006,Savings,Individual,Low,Completed,Approved,5,No,
APP01697,C01697,2025-01-13,B006,RM012,Current,Individual,Low,Completed,Approved,2,No,
APP01698,C01698,2025-06-23,B002,RM005,Business,Business,Medium,Pending,Pending,8,No,
APP01699,C01699,2025-06-14,B008,RM017,Current,Business,Medium,Completed,Approved,4,No,
APP01700,C01700,2025-08-15,B003,RM006,Current,Individual,Medium,Completed,Rejected,3,No,
APP01701,C01701,2025-03-12,B003,RM007,Savings,Individual,Low,Completed,Approved,10,No,
APP01702,C01702,2025-05-01,B003,RM007,Savings,Individual,Medium,Completed,Approved,4,No,
APP01703,C01703,2025-02-02,B005,RM010,Savings,Individual,Low,Completed,Approved,5,No,
APP01704,C01704,2025-07-16,B007,RM014,Current,Individual,High,Completed,Rejected,6,Yes,Sanctions Screening
APP01705,C01705,2025-07-06,B006,RM013,Savings,Individual,High,Completed,Approved,3,No,
APP01706,C01706,2025-02-03,B008,RM017,Premium,Individual,Medium,Completed,Approved,9,No,
APP01707,C01707,2025-02-09,B010,RM021,Savings,Individual,Low,Completed,Approved,6,No,
APP01708,C01708,2025-10-04,B001,RM001,Savings,Individual,Medium,Completed,Approved,8,No,
APP01709,C01709,2025-09-19,B006,RM013,Current,Business,High,Completed,Approved,3,No,
APP01710,C01710,2025-03-25,B009,RM018,Savings,Individual,Low,Pending,Pending,9,No,
APP01711,C01711,2025-01-29,B004,RM009,Savings,Individual,Medium,Completed,Approved,6,No,
APP01712,C01712,2025-10-06,B003,RM007,Savings,Individual,Medium,Completed,Approved,10,No,
APP01713,C01713,2025-03-03,B002,RM004,Business,Business,Medium,Completed,Approved,6,No,
APP01714,C01714,2025-06-21,B008,RM016,Current,Individual,Low,Completed,Approved,9,No,
APP01715,C01715,2025-08-13,B008,RM016,Savings,Individual,Low,Completed,Approved,4,No,
APP01716,C01716,2025-05-18,B001,RM002,Current,Individual,Low,Completed,Approved,2,No,
APP01717,C01717,2025-10-18,B010,RM020,Current,Individual,Low,Completed,Approved,7,No,
APP01718,C01718,2025-02-08,B003,RM007,Current,Individual,Low,Pending,Pending,16,No,
APP01719,C01719,2025-08-27,B006,RM012,Savings,Individual,Low,Completed,Approved,11,Yes,Compliance Review
APP01720,C01720,2025-10-12,B003,RM006,Savings,Individual,Medium,Completed,Approved,5,No,
APP01721,C01721,2025-06-06,B007,RM014,Savings,Individual,Low,Completed,Approved,4,No,
APP01722,C01722,2025-06-15,B002,RM005,Current,Individual,Low,Pending,Pending,5,No,
APP01723,C01723,2025-01-31,B005,RM010,Current,Individual,Low,Completed,Approved,4,No,
APP01724,C01724,2025-09-30,B003,RM006,Savings,Individual,Low,Completed,Approved,5,No,
APP01725,C01725,2025-07-04,B007,RM015,Premium,Individual,Medium,Completed,Rejected,3,No,
APP01726,C01726,2025-11-14,B006,RM012,Savings,Individual,Low,Completed,Approved,7,No,
APP01727,C01727,2025-12-25,B007,RM015,Current,Individual,Low,Completed,Approved,6,No,
APP01728,C01728,2025-01-16,B001,RM002,Premium,Business,High,Pending,Pending,20,No,
APP01729,C01729,2025-05-05,B007,RM015,Current,Individual,Low,Completed,Approved,10,No,
APP01730,C01730,2025-06-07,B005,RM010,Current,Individual,Medium,Completed,Approved,4,No,
APP01731,C01731,2025-12-13,B001,RM001,Premium,Individual,Medium,Completed,Approved,8,No,
APP01732,C01732,2025-12-13,B001,RM002,Premium,Individual,Medium,Completed,Approved,10,No,
APP01733,C01733,2025-10-11,B008,RM017,Savings,Individual,Low,Completed,Approved,4,No,
APP01734,C01734,2025-08-31,B003,RM007,Current,Business,High,Completed,Rejected,8,No,
APP01735,C01735,2025-05-01,B005,RM011,Savings,Individual,Medium,Pending,Pending,1,No,
APP01736,C01736,2025-07-19,B006,RM013,Current,Individual,Low,Completed,Approved,8,No,
APP01737,C01737,2025-04-10,B008,RM017,Business,Business,Medium,Completed,Approved,4,No,
APP01738,C01738,2025-02-17,B001,RM003,Savings,Individual,Medium,Completed,Approved,7,No,
APP01739,C01739,2025-04-01,B001,RM001,Current,Individual,Medium,Failed,Rejected,5,No,
APP01740,C01740,2025-04-19,B006,RM012,Premium,Individual,Medium,Completed,Approved,8,No,
APP01741,C01741,2025-04-04,B009,RM018,Current,Individual,Medium,Pending,Pending,7,No,
APP01742,C01742,2025-07-06,B004,RM008,Current,Individual,Low,Completed,Approved,7,No,
APP01743,C01743,2025-03-02,B003,RM006,Savings,Individual,Medium,Completed,Pending,11,No,
APP01744,C01744,2025-05-19,B007,RM014,Savings,Individual,Medium,Pending,Pending,5,No,
APP01745,C01745,2025-02-13,B007,RM014,Savings,Individual,Low,Completed,Approved,6,No,
APP01746,C01746,2025-05-31,B004,RM008,Savings,Individual,Medium,Failed,Rejected,4,No,
APP01747,C01747,2025-09-02,B004,RM008,Business,Business,High,Completed,Rejected,14,Yes,Risk Assessment
APP01748,C01748,2025-04-02,B002,RM004,Current,Individual,Low,Completed,Approved,10,No,
APP01749,C01749,2025-02-26,B007,RM014,Business,Business,Medium,Pending,Pending,3,No,
APP01750,C01750,2025-03-24,B008,RM017,Savings,Individual,High,Completed,Pending,13,Yes,Compliance Review
APP01751,C01751,2025-09-09,B004,RM008,Current,Business,High,Completed,Pending,17,Yes,Enhanced Due Diligence
APP01752,C01752,2025-05-28,B002,RM005,Current,Individual,Medium,Completed,Approved,9,No,
APP01753,C01753,2025-03-30,B004,RM009,Current,Business,Medium,Completed,Approved,10,No,
APP01754,C01754,2025-09-11,B004,RM009,Current,Business,Medium,Completed,Approved,7,No,
APP01755,C01755,2025-05-03,B008,RM016,Business,Business,Medium,Pending,Pending,2,No,
APP01756,C01756,2025-08-26,B002,RM004,Savings,Individual,High,Completed,Approved,7,Yes,KYC Documentation
APP01757,C01757,2025-09-28,B007,RM014,Premium,Business,Medium,Completed,Pending,10,No,
APP01758,C01758,2025-12-18,B003,RM006,Savings,Individual,Medium,Pending,Pending,2,No,
APP01759,C01759,2025-06-23,B004,RM009,Current,Individual,Low,Pending,Pending,18,No,
APP01760,C01760,2025-03-29,B009,RM019,Savings,Individual,Low,Completed,Rejected,2,No,
APP01761,C01761,2025-09-15,B003,RM006,Premium,Individual,Low,Completed,Pending,12,No,
APP01762,C01762,2025-09-02,B006,RM013,Premium,Individual,Low,Completed,Pending,10,No,
APP01763,C01763,2025-06-07,B007,RM014,Savings,Individual,Medium,Completed,Approved,7,Yes,Risk Assessment
APP01764,C01764,2025-05-18,B006,RM013,Savings,Individual,Low,Completed,Approved,17,Yes,KYC Documentation
APP01765,C01765,2025-02-28,B009,RM019,Savings,Individual,Low,Completed,Approved,8,No,
APP01766,C01766,2025-05-05,B005,RM010,Savings,Individual,Medium,Completed,Approved,4,No,
APP01767,C01767,2025-02-02,B010,RM020,Savings,Individual,Medium,Completed,Pending,6,No,
APP01768,C01768,2025-07-17,B002,RM005,Savings,Individual,Low,Completed,Approved,6,No,
APP01769,C01769,2025-08-13,B005,RM010,Savings,Individual,Low,Completed,Approved,4,No,
APP01770,C01770,2025-06-13,B005,RM011,Savings,Individual,High,Completed,Approved,8,No,
APP01771,C01771,2025-01-23,B001,RM003,Current,Business,Medium,Completed,Approved,9,No,
APP01772,C01772,2025-03-26,B001,RM002,Current,Business,High,Completed,Approved,10,No,
APP01773,C01773,2025-04-27,B008,RM017,Savings,Individual,Low,Completed,Approved,10,No,
APP01774,C01774,2025-07-20,B008,RM017,Current,Business,Medium,Pending,Pending,9,No,
APP01775,C01775,2025-12-26,B009,RM018,Current,Individual,Medium,Completed,Approved,9,No,
APP01776,C01776,2025-11-13,B009,RM018,Current,Individual,Low,Completed,Approved,9,No,
APP01777,C01777,2025-09-16,B007,RM014,Savings,Individual,Medium,Pending,Pending,6,No,
APP01778,C01778,2025-01-17,B002,RM004,Premium,Individual,Medium,Pending,Pending,3,No,
APP01779,C01779,2025-05-27,B002,RM005,Savings,Individual,Medium,Completed,Approved,8,No,
APP01780,C01780,2025-01-08,B004,RM009,Savings,Individual,Medium,Completed,Approved,5,No,
APP01781,C01781,2025-12-28,B009,RM018,Current,Individual,Medium,Pending,Pending,14,No,
APP01782,C01782,2025-02-04,B003,RM007,Current,Individual,High,Completed,Approved,10,No,
APP01783,C01783,2025-12-27,B003,RM007,Premium,Individual,Low,Pending,Pending,11,No,
APP01784,C01784,2025-11-03,B007,RM014,Business,Business,High,Completed,Approved,7,No,
APP01785,C01785,2025-12-04,B005,RM010,Savings,Individual,Medium,Completed,Pending,20,No,
APP01786,C01786,2025-12-26,B010,RM020,Savings,Individual,Medium,Completed,Approved,2,No,
APP01787,C01787,2025-06-24,B004,RM008,Current,Individual,Medium,Completed,Approved,10,No,
APP01788,C01788,2025-04-17,B002,RM005,Savings,Individual,Medium,Completed,Approved,3,No,
APP01789,C01789,2025-01-21,B010,RM020,Business,Business,High,Completed,Pending,8,Yes,Enhanced Due Diligence
APP01790,C01790,2025-06-12,B002,RM004,Current,Individual,Low,Completed,Approved,2,No,
APP01791,C01791,2025-05-02,B005,RM010,Savings,Individual,Medium,Completed,Approved,4,No,
APP01792,C01792,2025-09-29,B006,RM013,Premium,Individual,Medium,Completed,Approved,8,No,
APP01793,C01793,2025-08-06,B008,RM017,Current,Business,Medium,Completed,Approved,7,No,
APP01794,C01794,2025-06-07,B002,RM004,Current,Individual,Low,Completed,Approved,9,No,
APP01795,C01795,2025-06-17,B008,RM017,Current,Business,Medium,Pending,Pending,6,No,
APP01796,C01796,2025-02-14,B005,RM011,Business,Business,High,Completed,Approved,4,No,
APP01797,C01797,2025-12-06,B002,RM005,Premium,Individual,Low,Completed,Approved,3,No,
APP01798,C01798,2025-09-27,B005,RM010,Business,Business,Medium,Completed,Approved,7,No,
APP01799,C01799,2025-10-26,B007,RM015,Business,Business,High,Completed,Rejected,6,No,
APP01800,C01800,2025-11-21,B002,RM005,Savings,Individual,Medium,Completed,Approved,4,No,
APP01801,C01801,2025-05-22,B007,RM015,Current,Individual,Medium,Completed,Approved,7,No,
APP01802,C01802,2025-01-20,B009,RM018,Premium,Individual,Medium,Completed,Approved,7,No,
APP01803,C01803,2025-06-15,B001,RM003,Current,Business,Medium,Completed,Approved,6,No,
APP01804,C01804,2025-10-14,B001,RM002,Savings,Individual,Medium,Completed,Approved,4,No,
APP01805,C01805,2025-06-19,B005,RM011,Savings,Individual,High,Completed,Approved,14,Yes,KYC Documentation
APP01806,C01806,2025-08-03,B009,RM019,Current,Individual,Low,Completed,Approved,3,No,
APP01807,C01807,2025-12-04,B008,RM017,Current,Individual,Low,Completed,Approved,4,No,
APP01808,C01808,2025-09-03,B002,RM005,Savings,Individual,Low,Completed,Approved,6,No,
APP01809,C01809,2025-10-16,B008,RM016,Current,Individual,Low,Completed,Approved,4,No,
APP01810,C01810,2025-04-18,B002,RM004,Premium,Individual,Low,Completed,Approved,2,No,
APP01811,C01811,2025-03-14,B003,RM006,Savings,Individual,Medium,Completed,Approved,6,No,
APP01812,C01812,2025-01-20,B007,RM014,Current,Individual,Medium,Completed,Approved,7,Yes,Enhanced Due Diligence
APP01813,C01813,2025-06-25,B005,RM011,Savings,Individual,Low,Completed,Approved,4,No,
APP01814,C01814,2025-08-01,B009,RM018,Savings,Individual,Low,Completed,Approved,5,No,
APP01815,C01815,2025-12-22,B004,RM009,Current,Individual,High,Completed,Approved,20,Yes,Compliance Review
APP01816,C01816,2025-07-12,B010,RM020,Savings,Individual,Medium,Completed,Approved,8,No,
APP01817,C01817,2025-02-06,B003,RM006,Premium,Business,Medium,Completed,Approved,2,No,
APP01818,C01818,2025-05-19,B006,RM013,Current,Individual,Medium,Completed,Approved,5,No,
APP01819,C01819,2025-04-15,B003,RM007,Savings,Individual,Low,Completed,Approved,9,No,
APP01820,C01820,2025-09-27,B002,RM004,Current,Business,Medium,Completed,Approved,8,No,
APP01821,C01821,2025-06-28,B009,RM018,Savings,Individual,Low,Failed,Rejected,3,No,
APP01822,C01822,2025-12-04,B007,RM015,Current,Individual,Medium,Completed,Approved,3,No,
APP01823,C01823,2025-09-04,B006,RM012,Business,Business,High,Completed,Approved,5,No,
APP01824,C01824,2025-04-14,B005,RM011,Business,Business,High,Failed,Rejected,7,No,
APP01825,C01825,2025-12-13,B003,RM006,Savings,Individual,Medium,Completed,Approved,6,No,
APP01826,C01826,2025-02-14,B009,RM018,Savings,Individual,Medium,Completed,Approved,8,No,
APP01827,C01827,2025-01-28,B010,RM020,Savings,Individual,Low,Completed,Approved,5,No,
APP01828,C01828,2025-02-14,B003,RM007,Current,Individual,Low,Completed,Approved,4,No,
APP01829,C01829,2025-12-17,B008,RM017,Current,Individual,Low,Pending,Pending,2,No,
APP01830,C01830,2025-10-25,B007,RM014,Current,Individual,Medium,Completed,Approved,8,No,
APP01831,C01831,2025-09-13,B003,RM006,Savings,Individual,Low,Pending,Pending,15,No,
APP01832,C01832,2025-08-21,B006,RM012,Savings,Individual,Low,Completed,Approved,9,No,
APP01833,C01833,2025-07-13,B010,RM020,Savings,Individual,Low,Completed,Approved,2,No,
APP01834,C01834,2025-04-17,B009,RM019,Business,Business,Medium,Completed,Approved,7,No,
APP01835,C01835,2025-12-23,B003,RM006,Current,Individual,Medium,Completed,Approved,3,No,
APP01836,C01836,2025-02-25,B003,RM006,Premium,Individual,Low,Pending,Pending,5,No,
APP01837,C01837,2025-07-15,B008,RM017,Savings,Individual,Medium,Completed,Approved,5,No,
APP01838,C01838,2025-01-26,B005,RM011,Current,Individual,Low,Completed,Approved,5,No,
APP01839,C01839,2025-04-07,B010,RM020,Premium,Individual,Low,Completed,Approved,3,No,
APP01840,C01840,2025-06-09,B007,RM015,Premium,Business,Medium,Failed,Rejected,6,No,
APP01841,C01841,2025-06-11,B004,RM009,Business,Business,Medium,Completed,Approved,4,No,
APP01842,C01842,2025-07-12,B010,RM021,Premium,Individual,Medium,Completed,Approved,8,No,
APP01843,C01843,2025-01-08,B010,RM021,Business,Business,Medium,Completed,Approved,3,No,
APP01844,C01844,2025-06-02,B004,RM009,Savings,Individual,Low,Completed,Approved,3,No,
APP01845,C01845,2025-08-04,B008,RM017,Business,Business,Medium,Failed,Rejected,6,No,
APP01846,C01846,2025-05-06,B005,RM010,Savings,Individual,Medium,Completed,Approved,9,No,
APP01847,C01847,2025-05-08,B010,RM021,Premium,Individual,Low,Completed,Approved,7,No,
APP01848,C01848,2025-09-02,B001,RM002,Business,Business,Medium,Pending,Pending,12,No,
APP01849,C01849,2025-03-27,B007,RM015,Premium,Business,Medium,Completed,Approved,16,Yes,Risk Assessment
APP01850,C01850,2025-09-17,B004,RM008,Current,Individual,Low,Completed,Approved,4,No,
APP01851,C01851,2025-07-11,B004,RM008,Savings,Individual,Low,Completed,Approved,10,No,
APP01852,C01852,2025-11-05,B005,RM010,Savings,Individual,Low,Pending,Pending,19,No,
APP01853,C01853,2025-12-09,B004,RM009,Premium,Business,High,Pending,Pending,19,No,
APP01854,C01854,2025-06-03,B005,RM010,Business,Business,Medium,Completed,Approved,7,No,
APP01855,C01855,2025-11-16,B005,RM010,Savings,Individual,High,Completed,Approved,6,No,
APP01856,C01856,2025-06-10,B008,RM017,Savings,Individual,High,Pending,Pending,13,No,
APP01857,C01857,2025-12-03,B004,RM008,Current,Individual,Low,Failed,Rejected,4,No,
APP01858,C01858,2025-08-10,B003,RM006,Savings,Individual,Low,Completed,Approved,2,No,
APP01859,C01859,2025-01-16,B010,RM021,Savings,Individual,Low,Completed,Approved,4,No,
APP01860,C01860,2025-09-27,B008,RM017,Premium,Individual,Medium,Completed,Approved,9,No,
APP01861,C01861,2025-01-05,B007,RM015,Savings,Individual,Low,Completed,Approved,9,No,
APP01862,C01862,2025-11-03,B003,RM007,Savings,Individual,Low,Completed,Approved,6,No,
APP01863,C01863,2025-07-12,B004,RM009,Current,Individual,Low,Completed,Approved,12,Yes,Compliance Review
APP01864,C01864,2025-08-05,B003,RM006,Savings,Individual,Medium,Completed,Pending,6,No,
APP01865,C01865,2025-03-07,B009,RM018,Savings,Individual,High,Pending,Pending,1,No,
APP01866,C01866,2025-01-30,B008,RM017,Current,Individual,Low,Completed,Approved,9,No,
APP01867,C01867,2025-12-31,B006,RM012,Business,Business,Medium,Completed,Approved,8,No,
APP01868,C01868,2025-01-22,B006,RM013,Savings,Individual,Medium,Completed,Approved,6,No,
APP01869,C01869,2025-01-07,B001,RM002,Savings,Individual,Low,Completed,Approved,3,No,
APP01870,C01870,2025-07-17,B008,RM016,Current,Individual,Low,Pending,Pending,12,No,
APP01871,C01871,2025-09-04,B008,RM017,Savings,Individual,Medium,Completed,Approved,4,No,
APP01872,C01872,2025-09-15,B004,RM009,Savings,Individual,Medium,Completed,Approved,4,No,
APP01873,C01873,2025-10-15,B006,RM012,Premium,Individual,Medium,Completed,Pending,15,No,
APP01874,C01874,2025-02-16,B009,RM019,Savings,Individual,Medium,Failed,Rejected,7,No,
APP01875,C01875,2025-01-27,B007,RM014,Business,Business,High,Completed,Approved,10,No,
APP01876,C01876,2025-02-05,B007,RM014,Savings,Individual,Low,Completed,Approved,7,No,
APP01877,C01877,2025-07-06,B010,RM020,Current,Individual,Medium,Completed,Approved,8,No,
APP01878,C01878,2025-08-01,B007,RM014,Business,Business,Medium,Completed,Approved,2,No,
APP01879,C01879,2025-10-17,B010,RM020,Premium,Individual,High,Completed,Approved,6,No,
APP01880,C01880,2025-07-28,B007,RM014,Current,Individual,High,Completed,Rejected,4,No,
APP01881,C01881,2025-03-03,B005,RM010,Business,Business,High,Completed,Pending,12,Yes,Compliance Review
APP01882,C01882,2025-04-17,B003,RM007,Current,Individual,Medium,Completed,Approved,4,No,
APP01883,C01883,2025-05-14,B010,RM020,Current,Individual,Medium,Pending,Pending,3,No,
APP01884,C01884,2025-09-19,B001,RM003,Current,Individual,Low,Completed,Approved,4,No,
APP01885,C01885,2025-02-11,B004,RM008,Savings,Individual,Low,Pending,Pending,14,No,
APP01886,C01886,2025-10-18,B008,RM017,Business,Business,High,Completed,Approved,8,No,
APP01887,C01887,2025-10-24,B003,RM006,Savings,Individual,Medium,Completed,Approved,10,No,
APP01888,C01888,2025-11-18,B005,RM011,Current,Individual,Low,Completed,Approved,8,No,
APP01889,C01889,2025-04-25,B008,RM016,Current,Business,Medium,Completed,Approved,6,No,
APP01890,C01890,2025-12-29,B001,RM002,Savings,Individual,Low,Completed,Approved,4,No,
APP01891,C01891,2025-04-03,B001,RM002,Current,Individual,Low,Completed,Approved,8,No,
APP01892,C01892,2025-05-09,B002,RM004,Premium,Business,High,Completed,Approved,20,Yes,Enhanced Due Diligence
APP01893,C01893,2025-05-25,B004,RM008,Savings,Individual,High,Completed,Pending,8,No,
APP01894,C01894,2025-09-07,B008,RM017,Savings,Individual,High,Completed,Pending,7,No,
APP01895,C01895,2025-10-20,B009,RM018,Savings,Individual,Low,Completed,Approved,2,No,
APP01896,C01896,2025-09-26,B001,RM002,Business,Business,High,Completed,Pending,5,No,
APP01897,C01897,2025-08-04,B008,RM016,Savings,Individual,Low,Completed,Approved,5,No,
APP01898,C01898,2025-06-28,B005,RM011,Savings,Individual,Low,Completed,Approved,9,No,
APP01899,C01899,2025-08-21,B007,RM014,Current,Individual,Low,Completed,Approved,10,No,
APP01900,C01900,2025-06-08,B006,RM013,Savings,Individual,Low,Completed,Approved,5,Yes,Enhanced Due Diligence
APP01901,C01901,2025-12-30,B002,RM005,Savings,Individual,Low,Completed,Approved,5,No,
APP01902,C01902,2025-01-10,B002,RM005,Business,Business,Medium,Completed,Approved,10,Yes,Risk Assessment
APP01903,C01903,2025-12-30,B002,RM004,Current,Individual,Medium,Completed,Rejected,3,No,
APP01904,C01904,2025-06-16,B008,RM016,Savings,Individual,Medium,Completed,Approved,8,No,
APP01905,C01905,2025-02-11,B003,RM006,Current,Business,Medium,Completed,Approved,2,No,
APP01906,C01906,2025-05-05,B001,RM001,Business,Business,High,Pending,Pending,18,No,
APP01907,C01907,2025-01-02,B004,RM009,Savings,Individual,Low,Completed,Approved,7,No,
APP01908,C01908,2025-09-16,B005,RM011,Current,Business,Medium,Completed,Approved,3,No,
APP01909,C01909,2025-10-15,B003,RM006,Savings,Individual,Low,Completed,Pending,7,No,
APP01910,C01910,2025-12-30,B002,RM004,Current,Individual,Medium,Completed,Approved,3,No,
APP01911,C01911,2025-08-27,B010,RM021,Savings,Individual,Medium,Completed,Approved,5,No,
APP01912,C01912,2025-11-23,B004,RM009,Savings,Individual,Medium,Completed,Approved,6,No,
APP01913,C01913,2025-09-03,B001,RM001,Savings,Individual,Low,Completed,Approved,8,No,
APP01914,C01914,2025-06-17,B008,RM017,Savings,Individual,Medium,Completed,Approved,5,No,
APP01915,C01915,2025-12-17,B006,RM013,Business,Business,High,Completed,Pending,13,Yes,Enhanced Due Diligence
APP01916,C01916,2025-01-16,B008,RM016,Savings,Individual,High,Pending,Pending,16,No,
APP01917,C01917,2025-07-04,B004,RM008,Current,Individual,Low,Completed,Approved,3,No,
APP01918,C01918,2025-12-04,B007,RM015,Savings,Individual,Low,Completed,Approved,4,No,
APP01919,C01919,2025-12-19,B007,RM015,Business,Business,High,Completed,Approved,3,No,
APP01920,C01920,2025-10-26,B007,RM015,Premium,Business,Medium,Completed,Approved,12,Yes,Risk Assessment
APP01921,C01921,2025-01-28,B004,RM009,Savings,Individual,High,Completed,Approved,9,No,
APP01922,C01922,2025-02-04,B003,RM007,Savings,Individual,Low,Completed,Approved,4,No,
APP01923,C01923,2025-05-26,B008,RM016,Business,Business,Medium,Pending,Pending,20,No,
APP01924,C01924,2025-05-30,B002,RM004,Savings,Individual,Medium,Completed,Approved,4,No,
APP01925,C01925,2025-11-03,B004,RM009,Savings,Individual,Low,Pending,Pending,8,No,
APP01926,C01926,2025-09-17,B007,RM014,Current,Individual,Medium,Completed,Approved,3,No,
APP01927,C01927,2025-06-17,B003,RM006,Current,Individual,Medium,Completed,Approved,8,No,
APP01928,C01928,2025-05-18,B006,RM012,Savings,Individual,Low,Completed,Approved,8,No,
APP01929,C01929,2025-06-30,B010,RM020,Current,Individual,Medium,Completed,Approved,4,No,
APP01930,C01930,2025-03-10,B004,RM008,Current,Individual,Low,Completed,Approved,7,No,
APP01931,C01931,2025-12-03,B001,RM001,Savings,Individual,Medium,Completed,Approved,2,No,
APP01932,C01932,2025-03-09,B008,RM016,Current,Individual,Low,Completed,Approved,6,No,
APP01933,C01933,2025-04-08,B004,RM008,Savings,Individual,Low,Completed,Approved,7,No,
APP01934,C01934,2025-08-23,B001,RM001,Savings,Individual,Low,Completed,Approved,8,No,
APP01935,C01935,2025-02-09,B008,RM016,Current,Individual,High,Completed,Approved,8,No,
APP01936,C01936,2025-06-25,B010,RM021,Savings,Individual,Medium,Completed,Approved,6,Yes,Risk Assessment
APP01937,C01937,2025-12-29,B004,RM009,Savings,Individual,Medium,Pending,Pending,3,No,
APP01938,C01938,2025-12-24,B001,RM001,Savings,Individual,Low,Completed,Approved,9,No,
APP01939,C01939,2025-09-21,B003,RM007,Savings,Individual,Medium,Completed,Approved,7,No,
APP01940,C01940,2025-10-30,B005,RM011,Current,Individual,Low,Completed,Approved,3,No,
APP01941,C01941,2025-10-24,B001,RM003,Savings,Individual,Low,Completed,Approved,2,No,
APP01942,C01942,2025-08-01,B007,RM015,Savings,Individual,Medium,Completed,Approved,5,No,
APP01943,C01943,2025-07-29,B001,RM002,Savings,Individual,Medium,Completed,Approved,9,No,
APP01944,C01944,2025-03-11,B003,RM007,Premium,Individual,Low,Completed,Approved,5,No,
APP01945,C01945,2025-11-21,B004,RM008,Savings,Individual,Medium,Completed,Approved,3,No,
APP01946,C01946,2025-03-22,B007,RM015,Savings,Individual,Low,Completed,Approved,8,No,
APP01947,C01947,2025-09-02,B002,RM004,Current,Individual,Low,Completed,Approved,2,No,
APP01948,C01948,2025-04-13,B009,RM019,Savings,Individual,Low,Completed,Approved,10,No,
APP01949,C01949,2025-04-25,B004,RM009,Savings,Individual,Low,Failed,Rejected,5,No,
APP01950,C01950,2025-07-05,B007,RM015,Business,Business,High,Completed,Rejected,5,Yes,Sanctions Screening
APP01951,C01951,2025-06-27,B010,RM020,Current,Individual,Low,Completed,Approved,6,No,
APP01952,C01952,2025-04-10,B006,RM013,Current,Individual,Medium,Completed,Approved,6,No,
APP01953,C01953,2025-07-20,B010,RM021,Business,Business,Medium,Completed,Approved,8,No,
APP01954,C01954,2025-05-09,B005,RM011,Current,Individual,Medium,Completed,Rejected,15,Yes,Compliance Review
APP01955,C01955,2025-05-19,B008,RM016,Current,Individual,Low,Failed,Rejected,6,No,
APP01956,C01956,2025-12-01,B007,RM015,Business,Business,Medium,Completed,Approved,2,No,
APP01957,C01957,2025-07-01,B004,RM008,Current,Individual,Low,Completed,Approved,2,No,
APP01958,C01958,2025-03-24,B005,RM010,Current,Business,Medium,Completed,Approved,4,No,
APP01959,C01959,2025-08-05,B007,RM014,Premium,Individual,Low,Completed,Approved,9,No,
APP01960,C01960,2025-09-18,B010,RM021,Premium,Individual,Low,Pending,Pending,2,No,
APP01961,C01961,2025-10-16,B001,RM003,Savings,Individual,Low,Completed,Approved,3,No,
APP01962,C01962,2025-05-31,B007,RM014,Premium,Individual,Low,Completed,Approved,9,No,
APP01963,C01963,2025-01-07,B007,RM015,Savings,Individual,Low,Completed,Approved,2,No,
APP01964,C01964,2025-01-18,B001,RM001,Current,Business,Medium,Completed,Pending,13,No,
APP01965,C01965,2025-07-20,B001,RM003,Savings,Individual,Medium,Completed,Approved,6,No,
APP01966,C01966,2025-09-12,B009,RM019,Savings,Individual,Medium,Completed,Approved,5,No,
APP01967,C01967,2025-10-21,B002,RM004,Current,Individual,Low,Completed,Approved,8,Yes,Sanctions Screening
APP01968,C01968,2025-04-18,B001,RM001,Current,Individual,Low,Completed,Pending,17,No,
APP01969,C01969,2025-09-12,B004,RM008,Current,Business,High,Completed,Approved,5,Yes,Enhanced Due Diligence
APP01970,C01970,2025-06-29,B001,RM003,Savings,Individual,Medium,Completed,Approved,6,No,
APP01971,C01971,2025-12-02,B004,RM008,Current,Individual,Medium,Completed,Approved,3,No,
APP01972,C01972,2025-02-14,B008,RM016,Business,Business,Medium,Failed,Rejected,6,No,
APP01973,C01973,2025-12-02,B006,RM013,Savings,Individual,Low,Completed,Approved,2,No,
APP01974,C01974,2025-10-23,B008,RM017,Current,Individual,Low,Completed,Approved,4,No,
APP01975,C01975,2025-06-10,B006,RM012,Current,Individual,High,Completed,Approved,2,No,
APP01976,C01976,2025-12-16,B003,RM007,Premium,Individual,Low,Completed,Approved,10,No,
APP01977,C01977,2025-12-30,B004,RM009,Premium,Individual,Medium,Completed,Approved,8,No,
APP01978,C01978,2025-01-19,B009,RM018,Premium,Individual,Low,Failed,Rejected,5,No,
APP01979,C01979,2025-03-26,B006,RM012,Current,Individual,Medium,Pending,Pending,17,No,
APP01980,C01980,2025-10-23,B007,RM014,Savings,Individual,Low,Pending,Pending,3,No,
APP01981,C01981,2025-04-14,B003,RM007,Savings,Individual,Medium,Completed,Approved,5,No,
APP01982,C01982,2025-10-16,B002,RM005,Current,Business,High,Completed,Approved,10,No,
APP01983,C01983,2025-08-25,B004,RM008,Savings,Individual,Low,Completed,Approved,2,No,
APP01984,C01984,2025-09-28,B003,RM006,Savings,Individual,Low,Completed,Approved,5,No,
APP01985,C01985,2025-11-21,B007,RM014,Savings,Individual,Low,Completed,Approved,2,No,
APP01986,C01986,2025-04-03,B010,RM020,Savings,Individual,Low,Completed,Approved,2,No,
APP01987,C01987,2025-08-30,B006,RM013,Premium,Individual,Low,Completed,Approved,10,No,
APP01988,C01988,2025-06-16,B007,RM014,Current,Individual,Medium,Completed,Approved,3,No,
APP01989,C01989,2025-08-29,B008,RM017,Premium,Individual,Low,Completed,Approved,19,Yes,KYC Documentation
APP01990,C01990,2025-07-27,B002,RM005,Business,Business,Medium,Pending,Pending,16,No,
APP01991,C01991,2025-02-06,B008,RM017,Savings,Individual,Low,Completed,Approved,10,No,
APP01992,C01992,2025-10-10,B001,RM003,Current,Individual,Low,Completed,Approved,2,No,
APP01993,C01993,2025-03-21,B009,RM019,Current,Individual,Low,Completed,Approved,9,No,
APP01994,C01994,2025-05-19,B005,RM010,Savings,Individual,Medium,Completed,Approved,4,No,
APP01995,C01995,2025-05-02,B002,RM005,Current,Individual,High,Completed,Pending,17,Yes,KYC Documentation
APP01996,C01996,2025-08-13,B001,RM003,Premium,Individual,Medium,Completed,Approved,4,No,
APP01997,C01997,2025-05-17,B008,RM017,Current,Individual,Low,Completed,Approved,8,No,
APP01998,C01998,2025-06-15,B010,RM021,Business,Business,High,Completed,Approved,8,No,
APP01999,C01999,2025-05-25,B006,RM012,Savings,Individual,Low,Completed,Pending,16,No,
APP02000,C02000,2025-02-18,B002,RM004,Savings,Individual,Medium,Completed,Approved,7,No,
APP02001,C02001,2025-04-01,B004,RM008,Savings,Individual,Medium,Completed,Rejected,4,No,
APP02002,C02002,2025-12-14,B009,RM019,Current,Individual,Low,Completed,Approved,7,No,
APP02003,C02003,2025-03-13,B009,RM018,Savings,Individual,Low,Completed,Pending,6,No,
APP02004,C02004,2025-12-29,B001,RM003,Savings,Individual,Low,Completed,Pending,8,No,
APP02005,C02005,2025-02-27,B006,RM013,Savings,Individual,Medium,Completed,Pending,12,No,
APP02006,C02006,2025-10-06,B004,RM009,Current,Business,Medium,Pending,Pending,3,No,
APP02007,C02007,2025-06-13,B003,RM006,Premium,Individual,Low,Completed,Approved,2,No,
APP02008,C02008,2025-11-29,B003,RM006,Premium,Individual,Low,Completed,Approved,10,No,
APP02009,C02009,2025-01-05,B007,RM015,Premium,Individual,Medium,Failed,Rejected,6,No,
APP02010,C02010,2025-04-14,B006,RM013,Savings,Individual,Medium,Completed,Approved,5,No,
APP02011,C02011,2025-05-13,B009,RM018,Savings,Individual,High,Completed,Approved,9,No,
APP02012,C02012,2025-06-13,B002,RM004,Current,Individual,Low,Completed,Approved,6,No,
APP02013,C02013,2025-06-26,B001,RM003,Current,Individual,Medium,Completed,Approved,10,No,
APP02014,C02014,2025-10-23,B006,RM012,Savings,Individual,Low,Completed,Pending,16,No,
APP02015,C02015,2025-03-12,B010,RM021,Business,Business,High,Completed,Approved,3,No,
APP02016,C02016,2025-06-12,B008,RM016,Savings,Individual,Low,Pending,Pending,11,No,
APP02017,C02017,2025-08-29,B005,RM010,Current,Individual,High,Pending,Pending,5,No,
APP02018,C02018,2025-07-26,B006,RM013,Premium,Individual,Medium,Completed,Approved,5,No,
APP02019,C02019,2025-03-27,B004,RM009,Savings,Individual,Medium,Failed,Rejected,7,No,
APP02020,C02020,2025-03-16,B006,RM012,Current,Business,Medium,Completed,Approved,8,No,
APP02021,C02021,2025-03-24,B005,RM011,Current,Individual,Low,Completed,Approved,8,No,
APP02022,C02022,2025-10-24,B008,RM016,Savings,Individual,Medium,Pending,Pending,9,No,
APP02023,C02023,2025-09-04,B005,RM011,Savings,Individual,Low,Completed,Pending,11,No,
APP02024,C02024,2025-11-20,B002,RM005,Current,Individual,Medium,Completed,Approved,6,No,
APP02025,C02025,2025-08-29,B010,RM020,Business,Business,High,Completed,Rejected,3,No,
APP02026,C02026,2025-07-31,B008,RM017,Premium,Individual,Low,Completed,Approved,3,No,
APP02027,C02027,2025-11-09,B001,RM001,Savings,Individual,Low,Completed,Pending,7,No,
APP02028,C02028,2025-12-31,B002,RM004,Business,Business,Medium,Failed,Rejected,7,No,
APP02029,C02029,2025-04-25,B006,RM013,Current,Individual,Low,Completed,Approved,8,No,
APP02030,C02030,2025-04-05,B005,RM011,Savings,Individual,Medium,Completed,Approved,3,No,
APP02031,C02031,2025-09-14,B003,RM006,Current,Individual,Medium,Completed,Approved,10,No,
APP02032,C02032,2025-11-10,B005,RM010,Savings,Individual,Low,Completed,Approved,5,No,
APP02033,C02033,2025-02-13,B003,RM006,Savings,Individual,Medium,Completed,Approved,16,Yes,Compliance Review
APP02034,C02034,2025-07-25,B007,RM015,Savings,Individual,Medium,Completed,Pending,9,No,
APP02035,C02035,2025-08-09,B007,RM015,Current,Individual,Medium,Completed,Approved,2,No,
APP02036,C02036,2025-06-07,B007,RM015,Savings,Individual,Medium,Failed,Rejected,6,No,
APP02037,C02037,2025-10-07,B006,RM012,Current,Individual,Medium,Failed,Rejected,4,No,
APP02038,C02038,2025-08-15,B004,RM009,Savings,Individual,Medium,Completed,Approved,8,No,
APP02039,C02039,2025-12-01,B008,RM017,Premium,Individual,Low,Completed,Approved,7,No,
APP02040,C02040,2025-01-31,B007,RM014,Savings,Individual,Medium,Completed,Approved,10,No,
APP02041,C02041,2025-06-10,B002,RM005,Current,Individual,Medium,Completed,Approved,9,No,
APP02042,C02042,2025-07-17,B010,RM021,Savings,Individual,Low,Completed,Approved,10,No,
APP02043,C02043,2025-03-31,B004,RM009,Premium,Individual,Low,Completed,Approved,10,No,
APP02044,C02044,2025-08-13,B005,RM011,Savings,Individual,Low,Completed,Approved,6,No,
APP02045,C02045,2025-07-22,B007,RM014,Premium,Individual,Low,Completed,Approved,5,No,
APP02046,C02046,2025-02-09,B003,RM007,Current,Individual,Low,Completed,Approved,6,No,
APP02047,C02047,2025-07-18,B010,RM021,Savings,Individual,High,Completed,Approved,4,No,
APP02048,C02048,2025-09-21,B009,RM019,Savings,Individual,Medium,Completed,Approved,8,No,
APP02049,C02049,2025-06-09,B003,RM007,Savings,Individual,Low,Completed,Approved,9,No,
APP02050,C02050,2025-05-25,B008,RM016,Savings,Individual,Low,Completed,Approved,5,No,
APP02051,C02051,2025-05-11,B005,RM011,Current,Business,Medium,Pending,Pending,8,No,
APP02052,C02052,2025-12-15,B001,RM002,Savings,Individual,Medium,Completed,Approved,3,No,
APP02053,C02053,2025-07-18,B007,RM015,Business,Business,High,Completed,Approved,4,No,
APP02054,C02054,2025-09-26,B006,RM013,Premium,Individual,High,Completed,Approved,6,No,
APP02055,C02055,2025-01-02,B009,RM018,Savings,Individual,Medium,Completed,Approved,8,No,
APP02056,C02056,2025-03-19,B002,RM004,Premium,Individual,Medium,Completed,Approved,3,No,
APP02057,C02057,2025-11-21,B004,RM008,Business,Business,Medium,Completed,Approved,2,No,
APP02058,C02058,2025-07-15,B003,RM006,Savings,Individual,Medium,Completed,Approved,2,No,
APP02059,C02059,2025-04-04,B005,RM010,Premium,Individual,Medium,Pending,Pending,1,No,
APP02060,C02060,2025-06-01,B001,RM002,Savings,Individual,Low,Completed,Approved,13,Yes,Enhanced Due Diligence
APP02061,C02061,2025-11-10,B008,RM016,Business,Business,Medium,Completed,Approved,3,No,
APP02062,C02062,2025-07-14,B009,RM018,Business,Business,Medium,Pending,Pending,5,No,
APP02063,C02063,2025-06-09,B009,RM018,Savings,Individual,Low,Completed,Approved,9,No,
APP02064,C02064,2025-10-07,B004,RM009,Savings,Individual,Low,Completed,Approved,5,No,
APP02065,C02065,2025-03-17,B010,RM020,Current,Individual,Low,Pending,Pending,14,No,
APP02066,C02066,2025-06-28,B008,RM016,Savings,Individual,Medium,Completed,Approved,4,No,
APP02067,C02067,2025-04-19,B002,RM004,Current,Individual,Medium,Completed,Approved,6,No,
APP02068,C02068,2025-01-08,B005,RM010,Current,Business,High,Completed,Approved,2,No,
APP02069,C02069,2025-12-18,B001,RM002,Savings,Individual,Low,Completed,Approved,2,No,
APP02070,C02070,2025-03-28,B003,RM007,Savings,Individual,Medium,Completed,Rejected,7,No,
APP02071,C02071,2025-01-16,B001,RM002,Savings,Individual,Low,Completed,Approved,10,No,
APP02072,C02072,2025-06-23,B008,RM016,Premium,Individual,Low,Completed,Approved,3,No,
APP02073,C02073,2025-09-13,B008,RM017,Current,Individual,High,Completed,Approved,7,No,
APP02074,C02074,2025-07-02,B003,RM006,Current,Individual,Low,Completed,Approved,10,No,
APP02075,C02075,2025-12-22,B004,RM009,Current,Individual,Medium,Completed,Approved,4,No,
APP02076,C02076,2025-01-03,B008,RM016,Business,Business,Medium,Completed,Pending,7,No,
APP02077,C02077,2025-07-02,B002,RM005,Business,Business,High,Completed,Rejected,16,Yes,Sanctions Screening
APP02078,C02078,2025-03-13,B002,RM005,Savings,Individual,Low,Completed,Approved,2,No,
APP02079,C02079,2025-03-03,B002,RM005,Savings,Individual,Low,Failed,Rejected,3,No,
APP02080,C02080,2025-08-02,B001,RM001,Current,Individual,High,Completed,Rejected,15,Yes,Compliance Review
APP02081,C02081,2025-01-30,B006,RM012,Premium,Individual,Low,Completed,Approved,6,No,
APP02082,C02082,2025-11-04,B004,RM008,Premium,Individual,Low,Completed,Approved,2,No,
APP02083,C02083,2025-05-07,B010,RM021,Savings,Individual,Medium,Completed,Approved,2,No,
APP02084,C02084,2025-03-28,B009,RM019,Current,Business,Medium,Completed,Approved,5,No,
APP02085,C02085,2025-10-15,B003,RM007,Premium,Individual,Low,Completed,Approved,5,No,
APP02086,C02086,2025-09-04,B003,RM006,Current,Individual,Low,Completed,Approved,6,No,
APP02087,C02087,2025-03-21,B004,RM008,Premium,Individual,Medium,Pending,Pending,18,No,
APP02088,C02088,2025-07-02,B010,RM020,Business,Business,Medium,Completed,Rejected,5,Yes,Enhanced Due Diligence
APP02089,C02089,2025-09-25,B003,RM007,Savings,Individual,Medium,Completed,Approved,10,No,
APP02090,C02090,2025-07-30,B007,RM015,Savings,Individual,Low,Completed,Approved,2,No,
APP02091,C02091,2025-09-21,B005,RM010,Savings,Individual,Low,Completed,Rejected,13,Yes,Compliance Review
APP02092,C02092,2025-12-10,B006,RM012,Current,Individual,Medium,Completed,Approved,2,No,
APP02093,C02093,2025-06-11,B002,RM004,Savings,Individual,Medium,Completed,Approved,9,No,
APP02094,C02094,2025-03-29,B006,RM013,Savings,Individual,Low,Completed,Approved,6,No,
APP02095,C02095,2025-05-12,B009,RM018,Premium,Individual,Medium,Completed,Approved,3,No,
APP02096,C02096,2025-08-30,B007,RM014,Current,Individual,Low,Completed,Approved,2,No,
APP02097,C02097,2025-01-16,B008,RM017,Savings,Individual,Medium,Completed,Approved,10,No,
APP02098,C02098,2025-12-19,B007,RM014,Business,Business,High,Completed,Approved,9,No,
APP02099,C02099,2025-04-17,B005,RM011,Savings,Individual,Medium,Completed,Approved,8,No,
APP02100,C02100,2025-07-13,B009,RM019,Savings,Individual,Low,Pending,Pending,15,No,
APP02101,C02101,2025-03-11,B006,RM012,Savings,Individual,Medium,Completed,Approved,6,No,
APP02102,C02102,2025-08-29,B009,RM019,Savings,Individual,Medium,Completed,Approved,10,No,
APP02103,C02103,2025-01-01,B009,RM019,Savings,Individual,Low,Completed,Approved,4,No,
APP02104,C02104,2025-07-02,B009,RM018,Savings,Individual,Low,Completed,Approved,6,No,
APP02105,C02105,2025-01-03,B002,RM005,Savings,Individual,Low,Completed,Approved,3,No,
APP02106,C02106,2025-07-25,B004,RM008,Premium,Business,Medium,Completed,Approved,7,No,
APP02107,C02107,2025-09-05,B001,RM003,Business,Business,High,Failed,Rejected,4,No,
APP02108,C02108,2025-03-09,B004,RM008,Savings,Individual,Low,Completed,Approved,10,No,
APP02109,C02109,2025-01-27,B009,RM019,Current,Individual,Low,Completed,Approved,8,No,
APP02110,C02110,2025-08-29,B010,RM020,Current,Individual,Medium,Completed,Approved,10,No,
APP02111,C02111,2025-02-04,B004,RM008,Current,Individual,Medium,Completed,Approved,6,No,
APP02112,C02112,2025-03-22,B002,RM005,Savings,Individual,Low,Completed,Approved,5,No,
APP02113,C02113,2025-01-06,B003,RM006,Premium,Individual,Low,Completed,Pending,12,No,
APP02114,C02114,2025-11-03,B002,RM005,Savings,Individual,Low,Completed,Approved,8,No,
APP02115,C02115,2025-01-22,B002,RM004,Savings,Individual,Low,Completed,Approved,4,No,
APP02116,C02116,2025-11-04,B003,RM007,Current,Business,High,Completed,Rejected,4,No,
APP02117,C02117,2025-12-27,B010,RM021,Savings,Individual,Low,Pending,Pending,3,No,
APP02118,C02118,2025-02-13,B009,RM019,Savings,Individual,Medium,Completed,Approved,6,No,
APP02119,C02119,2025-08-22,B006,RM012,Premium,Individual,Low,Failed,Rejected,4,No,
APP02120,C02120,2025-09-08,B006,RM012,Premium,Individual,Medium,Completed,Approved,9,No,
APP02121,C02121,2025-01-19,B007,RM014,Savings,Individual,Medium,Completed,Approved,8,No,
APP02122,C02122,2025-08-23,B004,RM008,Current,Individual,Low,Completed,Approved,8,No,
APP02123,C02123,2025-06-22,B006,RM012,Current,Business,Medium,Completed,Approved,8,No,
APP02124,C02124,2025-02-18,B006,RM012,Business,Business,Medium,Completed,Approved,13,Yes,Enhanced Due Diligence
APP02125,C02125,2025-01-11,B002,RM005,Premium,Individual,Low,Completed,Approved,10,No,
APP02126,C02126,2025-10-25,B009,RM018,Savings,Individual,Low,Completed,Approved,2,No,
APP02127,C02127,2025-05-31,B004,RM009,Current,Individual,Medium,Completed,Approved,7,No,
APP02128,C02128,2025-08-08,B003,RM006,Savings,Individual,Low,Completed,Approved,9,No,
APP02129,C02129,2025-03-24,B002,RM005,Savings,Individual,Medium,Completed,Approved,10,No,
APP02130,C02130,2025-08-22,B005,RM011,Savings,Individual,Low,Completed,Approved,8,No,
APP02131,C02131,2025-10-23,B006,RM013,Current,Individual,High,Completed,Approved,4,No,
APP02132,C02132,2025-04-29,B004,RM008,Premium,Individual,Low,Completed,Approved,2,No,
APP02133,C02133,2025-05-16,B009,RM018,Business,Business,High,Completed,Rejected,7,No,
APP02134,C02134,2025-08-03,B009,RM019,Current,Business,Medium,Completed,Pending,17,No,
APP02135,C02135,2025-06-17,B002,RM004,Savings,Individual,Medium,Completed,Approved,3,No,
APP02136,C02136,2025-10-11,B001,RM001,Savings,Individual,Medium,Failed,Rejected,6,No,
APP02137,C02137,2025-03-02,B005,RM010,Business,Business,Medium,Completed,Approved,10,No,
APP02138,C02138,2025-09-18,B010,RM021,Savings,Individual,Low,Completed,Approved,3,No,
APP02139,C02139,2025-11-16,B003,RM007,Business,Business,High,Pending,Pending,1,No,
APP02140,C02140,2025-11-23,B009,RM019,Savings,Individual,Medium,Completed,Approved,15,Yes,Risk Assessment
APP02141,C02141,2025-07-08,B007,RM015,Savings,Individual,Low,Completed,Approved,6,No,
APP02142,C02142,2025-04-20,B010,RM021,Savings,Individual,Low,Completed,Approved,7,No,
APP02143,C02143,2025-07-08,B007,RM014,Current,Business,High,Completed,Approved,3,No,
APP02144,C02144,2025-08-11,B005,RM011,Savings,Individual,Low,Completed,Approved,3,No,
APP02145,C02145,2025-05-19,B003,RM007,Savings,Individual,Medium,Completed,Approved,13,Yes,Enhanced Due Diligence
APP02146,C02146,2025-01-19,B004,RM009,Current,Individual,Low,Completed,Approved,5,No,
APP02147,C02147,2025-03-04,B001,RM003,Business,Business,Medium,Completed,Rejected,2,No,
APP02148,C02148,2025-08-16,B006,RM012,Current,Individual,Medium,Completed,Approved,8,No,
APP02149,C02149,2025-09-26,B004,RM008,Current,Business,Medium,Completed,Approved,7,No,
APP02150,C02150,2025-06-06,B007,RM015,Savings,Individual,High,Completed,Approved,6,No,
APP02151,C02151,2025-10-29,B008,RM016,Current,Individual,Medium,Completed,Approved,4,No,
APP02152,C02152,2025-07-11,B007,RM014,Savings,Individual,Low,Completed,Approved,9,No,
APP02153,C02153,2025-12-20,B004,RM008,Savings,Individual,Low,Completed,Approved,7,No,
APP02154,C02154,2025-05-22,B008,RM016,Premium,Individual,Low,Completed,Approved,9,No,
APP02155,C02155,2025-10-14,B009,RM019,Current,Individual,Low,Completed,Pending,12,No,
APP02156,C02156,2025-12-08,B005,RM011,Savings,Individual,Low,Completed,Approved,7,No,
APP02157,C02157,2025-04-07,B002,RM005,Savings,Individual,High,Failed,Rejected,7,No,
APP02158,C02158,2025-12-23,B009,RM019,Current,Business,High,Completed,Approved,8,No,
APP02159,C02159,2025-12-21,B001,RM002,Premium,Individual,Low,Completed,Approved,5,No,
APP02160,C02160,2025-07-25,B003,RM006,Savings,Individual,Low,Completed,Approved,5,No,
APP02161,C02161,2025-12-25,B004,RM008,Current,Individual,Low,Completed,Approved,7,No,
APP02162,C02162,2025-07-13,B008,RM017,Current,Individual,Low,Pending,Pending,2,No,
APP02163,C02163,2025-01-24,B009,RM018,Savings,Individual,Medium,Completed,Approved,8,No,
APP02164,C02164,2025-09-11,B003,RM007,Current,Individual,Low,Completed,Approved,2,No,
APP02165,C02165,2025-08-13,B002,RM004,Savings,Individual,Low,Completed,Approved,9,No,
APP02166,C02166,2025-02-22,B004,RM009,Business,Business,High,Completed,Approved,5,Yes,Compliance Review
APP02167,C02167,2025-07-30,B010,RM021,Savings,Individual,High,Pending,Pending,10,No,
APP02168,C02168,2025-04-02,B005,RM010,Current,Business,Medium,Failed,Rejected,5,No,
APP02169,C02169,2025-03-22,B009,RM018,Savings,Individual,Medium,Completed,Approved,6,No,
APP02170,C02170,2025-04-18,B007,RM014,Current,Individual,Low,Completed,Approved,8,No,
APP02171,C02171,2025-08-25,B006,RM013,Savings,Individual,Low,Completed,Approved,9,No,
APP02172,C02172,2025-01-18,B010,RM020,Current,Individual,High,Completed,Approved,3,No,
APP02173,C02173,2025-07-22,B003,RM006,Savings,Individual,Low,Completed,Approved,7,No,
APP02174,C02174,2025-09-19,B004,RM008,Business,Business,High,Completed,Rejected,3,No,
APP02175,C02175,2025-06-21,B005,RM011,Savings,Individual,Medium,Completed,Approved,9,No,
APP02176,C02176,2025-09-20,B006,RM012,Savings,Individual,Low,Completed,Approved,8,No,
APP02177,C02177,2025-11-14,B004,RM008,Savings,Individual,Medium,Completed,Approved,7,No,
APP02178,C02178,2025-01-17,B009,RM019,Savings,Individual,Low,Completed,Approved,5,No,
APP02179,C02179,2025-05-12,B003,RM007,Premium,Individual,High,Completed,Rejected,3,No,
APP02180,C02180,2025-02-17,B008,RM017,Savings,Individual,Low,Pending,Pending,5,No,
APP02181,C02181,2025-12-11,B009,RM018,Savings,Individual,Low,Completed,Approved,9,No,
APP02182,C02182,2025-08-11,B001,RM002,Current,Business,Medium,Completed,Approved,7,No,
APP02183,C02183,2025-04-30,B010,RM020,Current,Individual,Low,Completed,Approved,3,No,
APP02184,C02184,2025-12-21,B003,RM007,Savings,Individual,Low,Pending,Pending,19,No,
APP02185,C02185,2025-05-23,B009,RM019,Business,Business,Medium,Completed,Approved,10,No,
APP02186,C02186,2025-08-11,B003,RM007,Savings,Individual,Low,Pending,Pending,15,No,
APP02187,C02187,2025-10-09,B002,RM004,Current,Individual,Low,Completed,Approved,5,No,
APP02188,C02188,2025-09-23,B006,RM013,Savings,Individual,Low,Completed,Approved,3,No,
APP02189,C02189,2025-04-25,B001,RM002,Savings,Individual,Medium,Completed,Approved,10,No,
APP02190,C02190,2025-07-17,B010,RM021,Savings,Individual,Low,Completed,Approved,8,No,
APP02191,C02191,2025-02-26,B006,RM013,Savings,Individual,Medium,Completed,Pending,16,Yes,Enhanced Due Diligence
APP02192,C02192,2025-12-07,B006,RM012,Current,Individual,High,Completed,Approved,4,No,
APP02193,C02193,2025-11-15,B002,RM005,Current,Individual,Low,Pending,Pending,2,No,
APP02194,C02194,2025-10-15,B009,RM019,Business,Business,Medium,Completed,Approved,6,No,
APP02195,C02195,2025-02-17,B007,RM014,Current,Individual,Low,Completed,Approved,10,No,
APP02196,C02196,2025-10-29,B005,RM010,Current,Individual,Low,Completed,Pending,17,No,
APP02197,C02197,2025-11-02,B003,RM006,Current,Individual,Low,Completed,Approved,2,No,
APP02198,C02198,2025-01-18,B006,RM012,Current,Individual,Low,Completed,Approved,3,No,
APP02199,C02199,2025-07-07,B001,RM001,Current,Individual,Low,Completed,Pending,19,No,
APP02200,C02200,2025-12-22,B010,RM020,Savings,Individual,Low,Pending,Pending,3,No,
APP02201,C02201,2025-10-27,B009,RM018,Current,Individual,Medium,Completed,Approved,7,No,
APP02202,C02202,2025-04-22,B005,RM011,Premium,Individual,Medium,Completed,Approved,5,No,
APP02203,C02203,2025-05-17,B003,RM006,Savings,Individual,Medium,Completed,Approved,10,No,
APP02204,C02204,2025-11-27,B004,RM009,Business,Business,Medium,Completed,Pending,18,Yes,Compliance Review
APP02205,C02205,2025-12-19,B007,RM014,Current,Individual,Low,Completed,Approved,3,No,
APP02206,C02206,2025-07-23,B005,RM010,Current,Individual,Low,Completed,Approved,8,No,
APP02207,C02207,2025-06-21,B009,RM018,Current,Individual,Low,Completed,Approved,6,No,
APP02208,C02208,2025-08-19,B007,RM014,Savings,Individual,High,Completed,Approved,2,No,
APP02209,C02209,2025-02-24,B005,RM011,Business,Business,High,Completed,Approved,9,No,
APP02210,C02210,2025-02-07,B005,RM011,Savings,Individual,Low,Completed,Approved,10,No,
APP02211,C02211,2025-11-04,B005,RM010,Current,Business,Medium,Pending,Pending,9,No,
APP02212,C02212,2025-05-07,B001,RM002,Premium,Individual,Low,Completed,Approved,3,No,
APP02213,C02213,2025-03-11,B005,RM010,Savings,Individual,Medium,Pending,Pending,17,No,
APP02214,C02214,2025-02-26,B005,RM011,Current,Individual,Low,Completed,Approved,2,No,
APP02215,C02215,2025-09-24,B006,RM012,Premium,Individual,Low,Completed,Approved,2,No,
APP02216,C02216,2025-06-18,B004,RM009,Current,Business,Medium,Pending,Pending,17,No,
APP02217,C02217,2025-01-22,B002,RM004,Business,Business,Medium,Completed,Approved,6,No,
APP02218,C02218,2025-12-31,B004,RM008,Current,Individual,Low,Completed,Approved,3,No,
APP02219,C02219,2025-12-22,B002,RM004,Premium,Individual,High,Completed,Rejected,12,Yes,KYC Documentation
APP02220,C02220,2025-06-24,B007,RM014,Business,Business,High,Failed,Rejected,6,No,
APP02221,C02221,2025-12-03,B001,RM001,Current,Individual,Medium,Completed,Approved,4,No,
APP02222,C02222,2025-02-24,B002,RM005,Premium,Business,Medium,Completed,Approved,8,No,
APP02223,C02223,2025-10-19,B007,RM014,Savings,Individual,Low,Completed,Pending,7,Yes,Enhanced Due Diligence
APP02224,C02224,2025-03-24,B007,RM015,Current,Individual,Medium,Pending,Pending,10,No,
APP02225,C02225,2025-08-09,B003,RM007,Business,Business,High,Failed,Rejected,5,No,
APP02226,C02226,2025-05-13,B010,RM021,Premium,Individual,Low,Completed,Approved,7,No,
APP02227,C02227,2025-10-17,B001,RM003,Savings,Individual,Low,Completed,Approved,2,No,
APP02228,C02228,2025-08-23,B009,RM019,Premium,Individual,Low,Completed,Approved,10,No,
APP02229,C02229,2025-05-15,B001,RM001,Savings,Individual,Low,Completed,Approved,3,No,
APP02230,C02230,2025-03-30,B001,RM001,Savings,Individual,High,Completed,Approved,5,No,
APP02231,C02231,2025-04-25,B007,RM014,Savings,Individual,Low,Completed,Approved,7,No,
APP02232,C02232,2025-08-02,B001,RM003,Savings,Individual,Medium,Failed,Rejected,4,No,
APP02233,C02233,2025-09-11,B010,RM020,Business,Business,Medium,Completed,Approved,8,No,
APP02234,C02234,2025-07-01,B006,RM013,Business,Business,Medium,Completed,Approved,3,No,
APP02235,C02235,2025-04-19,B007,RM014,Premium,Individual,Low,Completed,Approved,2,No,
APP02236,C02236,2025-06-05,B009,RM019,Current,Individual,Low,Completed,Approved,8,No,
APP02237,C02237,2025-05-29,B001,RM002,Current,Business,Medium,Completed,Approved,10,No,
APP02238,C02238,2025-07-17,B006,RM013,Premium,Individual,Medium,Completed,Pending,15,No,
APP02239,C02239,2025-04-08,B007,RM015,Current,Individual,Low,Completed,Approved,5,No,
APP02240,C02240,2025-01-12,B008,RM016,Savings,Individual,Medium,Completed,Approved,10,No,
APP02241,C02241,2025-09-08,B002,RM005,Savings,Individual,Medium,Completed,Pending,8,Yes,Enhanced Due Diligence
APP02242,C02242,2025-04-22,B003,RM006,Premium,Individual,Medium,Completed,Approved,7,No,
APP02243,C02243,2025-09-08,B007,RM014,Current,Individual,Medium,Completed,Approved,2,No,
APP02244,C02244,2025-12-19,B008,RM016,Current,Individual,Medium,Completed,Approved,6,No,
APP02245,C02245,2025-01-19,B010,RM021,Current,Business,Medium,Completed,Approved,6,No,
APP02246,C02246,2025-03-14,B010,RM020,Current,Individual,Medium,Completed,Approved,10,No,
APP02247,C02247,2025-09-19,B004,RM009,Premium,Individual,Low,Completed,Approved,8,No,
APP02248,C02248,2025-07-10,B001,RM002,Current,Individual,High,Completed,Approved,18,Yes,KYC Documentation
APP02249,C02249,2025-03-14,B008,RM017,Savings,Individual,Medium,Failed,Rejected,5,No,
APP02250,C02250,2025-12-19,B009,RM018,Business,Business,Medium,Completed,Approved,3,No,
APP02251,C02251,2025-03-31,B004,RM008,Current,Individual,Medium,Completed,Approved,10,No,
APP02252,C02252,2025-04-16,B001,RM003,Current,Individual,High,Completed,Pending,16,No,
APP02253,C02253,2025-06-23,B010,RM020,Premium,Business,High,Completed,Approved,2,No,
APP02254,C02254,2025-03-24,B009,RM018,Savings,Individual,Medium,Pending,Pending,5,No,
APP02255,C02255,2025-09-21,B007,RM015,Savings,Individual,Low,Completed,Approved,2,No,
APP02256,C02256,2025-08-04,B003,RM006,Savings,Individual,Low,Completed,Approved,2,No,
APP02257,C02257,2025-03-10,B005,RM010,Premium,Business,High,Completed,Approved,6,No,
APP02258,C02258,2025-08-21,B009,RM018,Current,Individual,Medium,Completed,Approved,3,No,
APP02259,C02259,2025-11-25,B001,RM002,Savings,Individual,Low,Completed,Approved,5,No,
APP02260,C02260,2025-04-06,B001,RM003,Premium,Business,Medium,Pending,Pending,4,No,
APP02261,C02261,2025-09-28,B004,RM008,Business,Business,Medium,Completed,Approved,9,No,
APP02262,C02262,2025-10-21,B001,RM001,Premium,Individual,Low,Completed,Approved,9,No,
APP02263,C02263,2025-05-12,B001,RM003,Savings,Individual,Medium,Completed,Approved,2,No,
APP02264,C02264,2025-12-31,B008,RM017,Savings,Individual,Medium,Pending,Pending,3,No,
APP02265,C02265,2025-12-05,B001,RM002,Savings,Individual,Low,Pending,Pending,10,No,
APP02266,C02266,2025-01-01,B003,RM007,Savings,Individual,High,Completed,Approved,9,No,
APP02267,C02267,2025-10-13,B009,RM018,Current,Individual,Low,Completed,Approved,19,Yes,Enhanced Due Diligence
APP02268,C02268,2025-08-29,B003,RM006,Premium,Individual,High,Completed,Pending,12,No,
APP02269,C02269,2025-04-07,B009,RM018,Savings,Individual,Medium,Pending,Pending,10,No,
APP02270,C02270,2025-03-14,B006,RM013,Savings,Individual,Medium,Completed,Approved,4,No,
APP02271,C02271,2025-03-10,B002,RM005,Savings,Individual,Low,Completed,Approved,9,No,
APP02272,C02272,2025-08-19,B010,RM020,Savings,Individual,Low,Completed,Approved,9,No,
APP02273,C02273,2025-12-12,B006,RM013,Savings,Individual,Low,Completed,Approved,10,No,
APP02274,C02274,2025-09-27,B008,RM016,Savings,Individual,Low,Pending,Pending,6,No,
APP02275,C02275,2025-02-17,B003,RM006,Business,Business,Medium,Completed,Approved,8,No,
APP02276,C02276,2025-01-18,B002,RM004,Savings,Individual,High,Completed,Approved,8,No,
APP02277,C02277,2025-12-31,B007,RM015,Current,Individual,Medium,Completed,Approved,6,No,
APP02278,C02278,2025-04-01,B003,RM006,Current,Individual,Low,Completed,Approved,14,Yes,Risk Assessment
APP02279,C02279,2025-08-25,B003,RM006,Premium,Individual,Medium,Completed,Approved,10,No,
APP02280,C02280,2025-05-07,B008,RM017,Savings,Individual,Low,Completed,Approved,9,No,
APP02281,C02281,2025-09-01,B009,RM019,Premium,Individual,Low,Completed,Approved,5,No,
APP02282,C02282,2025-12-16,B007,RM014,Business,Business,High,Completed,Approved,2,No,
APP02283,C02283,2025-03-18,B009,RM018,Savings,Individual,Medium,Failed,Rejected,4,No,
APP02284,C02284,2025-06-08,B007,RM014,Savings,Individual,Medium,Completed,Approved,9,No,
APP02285,C02285,2025-10-31,B001,RM003,Premium,Individual,Low,Pending,Pending,14,No,
APP02286,C02286,2025-08-16,B006,RM013,Savings,Individual,Medium,Completed,Approved,10,No,
APP02287,C02287,2025-10-19,B008,RM017,Savings,Individual,Low,Completed,Approved,3,No,
APP02288,C02288,2025-04-26,B003,RM006,Savings,Individual,Medium,Pending,Pending,11,No,
APP02289,C02289,2025-11-13,B010,RM021,Business,Business,Medium,Completed,Approved,4,No,
APP02290,C02290,2025-12-27,B009,RM019,Savings,Individual,Medium,Failed,Rejected,2,No,
APP02291,C02291,2025-12-31,B006,RM013,Savings,Individual,Medium,Completed,Approved,7,No,
APP02292,C02292,2025-11-19,B010,RM021,Current,Business,Medium,Completed,Approved,9,No,
APP02293,C02293,2025-09-07,B006,RM013,Savings,Individual,High,Completed,Approved,17,Yes,Risk Assessment
APP02294,C02294,2025-06-30,B009,RM019,Savings,Individual,Low,Completed,Pending,20,No,
APP02295,C02295,2025-12-14,B006,RM013,Current,Individual,Medium,Completed,Approved,9,Yes,KYC Documentation
APP02296,C02296,2025-03-11,B003,RM006,Savings,Individual,Low,Completed,Approved,2,No,
APP02297,C02297,2025-01-16,B002,RM005,Current,Business,High,Completed,Approved,8,No,
APP02298,C02298,2025-12-08,B010,RM021,Savings,Individual,Low,Completed,Approved,3,No,
APP02299,C02299,2025-06-14,B003,RM006,Current,Business,High,Completed,Approved,2,No,
APP02300,C02300,2025-10-17,B009,RM019,Current,Individual,Low,Completed,Approved,2,No,
APP02301,C02301,2025-12-06,B001,RM001,Savings,Individual,Medium,Completed,Pending,16,Yes,Enhanced Due Diligence
APP02302,C02302,2025-09-21,B008,RM016,Business,Business,Medium,Completed,Approved,4,No,
APP02303,C02303,2025-09-05,B006,RM013,Premium,Individual,Low,Completed,Approved,8,No,
APP02304,C02304,2025-08-05,B003,RM006,Savings,Individual,Low,Completed,Approved,10,No,
APP02305,C02305,2025-04-12,B003,RM007,Current,Business,Medium,Pending,Pending,12,No,
APP02306,C02306,2025-02-28,B004,RM009,Current,Individual,Low,Completed,Approved,7,No,
APP02307,C02307,2025-02-02,B002,RM004,Business,Business,Medium,Completed,Pending,11,No,
APP02308,C02308,2025-05-01,B003,RM006,Current,Individual,Medium,Completed,Approved,9,No,
APP02309,C02309,2025-12-15,B006,RM013,Savings,Individual,Low,Completed,Approved,4,No,
APP02310,C02310,2025-07-18,B002,RM005,Premium,Individual,High,Completed,Approved,9,No,
APP02311,C02311,2025-06-15,B009,RM018,Savings,Individual,High,Completed,Approved,9,No,
APP02312,C02312,2025-11-03,B004,RM009,Current,Individual,Low,Completed,Approved,7,Yes,Compliance Review
APP02313,C02313,2025-11-19,B002,RM004,Current,Individual,Low,Pending,Pending,6,No,
APP02314,C02314,2025-09-19,B004,RM008,Current,Individual,Low,Completed,Approved,2,No,
APP02315,C02315,2025-09-04,B005,RM011,Savings,Individual,Low,Completed,Approved,8,No,
APP02316,C02316,2025-11-06,B010,RM021,Savings,Individual,Low,Completed,Approved,4,No,
APP02317,C02317,2025-02-16,B008,RM017,Business,Business,High,Completed,Approved,5,No,
APP02318,C02318,2025-07-08,B002,RM005,Current,Individual,Medium,Completed,Approved,2,No,
APP02319,C02319,2025-04-22,B007,RM014,Current,Business,Medium,Completed,Approved,7,No,
APP02320,C02320,2025-03-15,B003,RM007,Savings,Individual,Low,Pending,Pending,11,No,
APP02321,C02321,2025-09-30,B006,RM012,Current,Individual,Low,Completed,Approved,5,No,
APP02322,C02322,2025-06-13,B007,RM014,Current,Individual,Medium,Completed,Approved,3,No,
APP02323,C02323,2025-01-29,B008,RM017,Savings,Individual,Medium,Completed,Approved,6,No,
APP02324,C02324,2025-08-25,B006,RM012,Savings,Individual,Low,Completed,Approved,3,No,
APP02325,C02325,2025-04-04,B006,RM013,Business,Business,Medium,Completed,Approved,11,Yes,Sanctions Screening
APP02326,C02326,2025-12-03,B010,RM021,Savings,Individual,Low,Completed,Approved,8,No,
APP02327,C02327,2025-04-01,B001,RM002,Premium,Business,Medium,Pending,Pending,15,No,
APP02328,C02328,2025-06-20,B002,RM005,Current,Individual,Medium,Completed,Approved,2,No,
APP02329,C02329,2025-10-26,B002,RM004,Current,Individual,High,Completed,Pending,17,No,
APP02330,C02330,2025-07-25,B009,RM018,Savings,Individual,Medium,Completed,Approved,11,Yes,Risk Assessment
APP02331,C02331,2025-07-19,B007,RM015,Premium,Individual,Low,Completed,Approved,2,No,
APP02332,C02332,2025-07-03,B004,RM009,Premium,Individual,Medium,Completed,Approved,10,No,
APP02333,C02333,2025-08-25,B001,RM002,Current,Individual,Low,Pending,Pending,2,No,
APP02334,C02334,2025-06-03,B004,RM009,Savings,Individual,Medium,Completed,Approved,7,No,
APP02335,C02335,2025-04-11,B003,RM007,Current,Individual,Low,Pending,Pending,16,No,
APP02336,C02336,2025-11-20,B001,RM002,Business,Business,High,Failed,Rejected,7,No,
APP02337,C02337,2025-05-07,B007,RM015,Premium,Individual,Low,Completed,Approved,4,No,
APP02338,C02338,2025-11-01,B008,RM016,Savings,Individual,Medium,Completed,Approved,9,No,
APP02339,C02339,2025-08-29,B008,RM017,Current,Individual,Medium,Completed,Approved,2,No,
APP02340,C02340,2025-08-31,B007,RM015,Current,Individual,Medium,Completed,Approved,8,No,
APP02341,C02341,2025-11-08,B008,RM017,Business,Business,Medium,Completed,Approved,10,No,
APP02342,C02342,2025-04-04,B003,RM006,Business,Business,Medium,Failed,Rejected,5,No,
APP02343,C02343,2025-01-05,B004,RM009,Savings,Individual,Medium,Completed,Approved,3,No,
APP02344,C02344,2025-04-19,B001,RM003,Current,Individual,Medium,Failed,Rejected,5,No,
APP02345,C02345,2025-09-18,B007,RM015,Premium,Individual,Low,Completed,Approved,2,No,
APP02346,C02346,2025-03-22,B005,RM011,Current,Business,Medium,Completed,Approved,10,No,
APP02347,C02347,2025-05-28,B004,RM009,Savings,Individual,Low,Completed,Approved,4,No,
APP02348,C02348,2025-11-08,B007,RM015,Business,Business,Medium,Failed,Rejected,6,No,
APP02349,C02349,2025-05-17,B005,RM010,Savings,Individual,Medium,Completed,Approved,7,No,
APP02350,C02350,2025-07-31,B008,RM016,Current,Business,Medium,Completed,Approved,7,No,
APP02351,C02351,2025-06-22,B010,RM020,Current,Individual,Medium,Completed,Approved,7,No,
APP02352,C02352,2025-07-05,B010,RM020,Savings,Individual,Low,Pending,Pending,18,No,
APP02353,C02353,2025-06-15,B006,RM013,Savings,Individual,High,Completed,Rejected,5,No,
APP02354,C02354,2025-04-10,B002,RM005,Savings,Individual,Low,Completed,Approved,10,No,
APP02355,C02355,2025-04-01,B001,RM001,Savings,Individual,Low,Completed,Approved,4,No,
APP02356,C02356,2025-10-06,B010,RM020,Savings,Individual,Low,Completed,Approved,7,No,
APP02357,C02357,2025-04-10,B004,RM008,Current,Individual,Low,Completed,Approved,6,No,
APP02358,C02358,2025-09-06,B005,RM011,Savings,Individual,Low,Pending,Pending,14,No,
APP02359,C02359,2025-09-27,B002,RM004,Current,Business,Medium,Completed,Approved,8,No,
APP02360,C02360,2025-05-22,B002,RM004,Premium,Individual,Medium,Completed,Approved,4,No,
APP02361,C02361,2025-09-24,B002,RM004,Current,Individual,Medium,Completed,Pending,8,No,
APP02362,C02362,2025-10-09,B004,RM008,Savings,Individual,Medium,Pending,Pending,2,No,
APP02363,C02363,2025-09-27,B002,RM005,Savings,Individual,Low,Completed,Approved,8,No,
APP02364,C02364,2025-06-08,B008,RM017,Savings,Individual,Low,Completed,Approved,7,No,
APP02365,C02365,2025-10-05,B002,RM005,Current,Individual,Low,Completed,Approved,8,Yes,Sanctions Screening
APP02366,C02366,2025-01-01,B001,RM001,Savings,Individual,Low,Completed,Approved,8,No,
APP02367,C02367,2025-09-07,B004,RM008,Current,Individual,High,Completed,Approved,9,No,
APP02368,C02368,2025-08-11,B004,RM009,Savings,Individual,Low,Completed,Approved,10,No,
APP02369,C02369,2025-08-07,B005,RM011,Current,Individual,Low,Completed,Approved,6,No,
APP02370,C02370,2025-07-18,B003,RM007,Current,Individual,Low,Completed,Approved,6,No,
APP02371,C02371,2025-08-16,B005,RM011,Premium,Business,Medium,Completed,Approved,5,No,
APP02372,C02372,2025-04-12,B006,RM013,Current,Individual,Low,Pending,Pending,19,No,
APP02373,C02373,2025-03-17,B010,RM021,Savings,Individual,Medium,Completed,Approved,4,No,
APP02374,C02374,2025-09-15,B004,RM009,Current,Individual,Medium,Completed,Approved,4,No,
APP02375,C02375,2025-04-22,B007,RM015,Savings,Individual,Low,Completed,Approved,9,No,
APP02376,C02376,2025-05-06,B003,RM007,Savings,Individual,Low,Completed,Approved,4,No,
APP02377,C02377,2025-03-01,B008,RM016,Savings,Individual,Medium,Completed,Approved,5,Yes,Compliance Review
APP02378,C02378,2025-05-10,B002,RM005,Current,Individual,Low,Completed,Approved,9,No,
APP02379,C02379,2025-11-25,B009,RM019,Savings,Individual,Medium,Completed,Approved,7,No,
APP02380,C02380,2025-10-28,B001,RM001,Business,Business,High,Completed,Rejected,17,Yes,Compliance Review
APP02381,C02381,2025-01-09,B006,RM012,Savings,Individual,Low,Completed,Pending,8,No,
APP02382,C02382,2025-11-07,B005,RM010,Business,Business,Medium,Completed,Approved,5,No,
APP02383,C02383,2025-07-19,B003,RM006,Savings,Individual,Low,Completed,Approved,10,No,
APP02384,C02384,2025-09-27,B001,RM002,Savings,Individual,Low,Completed,Approved,7,No,
APP02385,C02385,2025-12-02,B007,RM014,Savings,Individual,Low,Pending,Pending,15,No,
APP02386,C02386,2025-03-01,B001,RM003,Savings,Individual,Low,Completed,Approved,6,No,
APP02387,C02387,2025-05-15,B001,RM002,Savings,Individual,Low,Completed,Approved,8,No,
APP02388,C02388,2025-02-03,B007,RM014,Savings,Individual,Medium,Pending,Pending,8,No,
APP02389,C02389,2025-10-17,B005,RM011,Savings,Individual,High,Completed,Approved,9,No,
APP02390,C02390,2025-09-05,B003,RM006,Business,Business,High,Completed,Approved,4,No,
APP02391,C02391,2025-04-24,B009,RM018,Savings,Individual,Low,Completed,Approved,8,No,
APP02392,C02392,2025-02-07,B002,RM005,Savings,Individual,Low,Completed,Approved,10,No,
APP02393,C02393,2025-10-16,B007,RM015,Premium,Individual,Low,Completed,Approved,10,No,
APP02394,C02394,2025-04-24,B007,RM015,Premium,Business,High,Completed,Pending,5,Yes,Sanctions Screening
APP02395,C02395,2025-01-31,B003,RM007,Business,Business,Medium,Completed,Approved,8,Yes,Enhanced Due Diligence
APP02396,C02396,2025-08-13,B007,RM015,Premium,Business,Medium,Completed,Approved,2,No,
APP02397,C02397,2025-06-15,B001,RM003,Current,Individual,Medium,Completed,Pending,14,Yes,Enhanced Due Diligence
APP02398,C02398,2025-04-05,B005,RM010,Savings,Individual,Medium,Completed,Approved,9,No,
APP02399,C02399,2025-02-22,B005,RM011,Current,Individual,Medium,Failed,Rejected,3,No,
APP02400,C02400,2025-11-09,B005,RM010,Savings,Individual,Low,Completed,Approved,8,No,
APP02401,C02401,2025-06-22,B008,RM016,Current,Individual,Medium,Completed,Approved,7,No,
APP02402,C02402,2025-11-10,B008,RM016,Savings,Individual,Low,Pending,Pending,11,No,
APP02403,C02403,2025-10-27,B002,RM004,Current,Individual,Medium,Completed,Approved,10,Yes,KYC Documentation
APP02404,C02404,2025-09-15,B001,RM001,Business,Business,Medium,Completed,Approved,2,No,
APP02405,C02405,2025-09-26,B004,RM008,Current,Individual,Low,Completed,Approved,9,No,
APP02406,C02406,2025-09-16,B002,RM004,Savings,Individual,Medium,Completed,Approved,9,No,
APP02407,C02407,2025-04-08,B003,RM006,Savings,Individual,Low,Completed,Approved,9,No,
APP02408,C02408,2025-08-22,B007,RM015,Current,Individual,Low,Completed,Approved,5,No,
APP02409,C02409,2025-08-12,B005,RM010,Business,Business,High,Pending,Pending,14,No,
APP02410,C02410,2025-01-14,B004,RM008,Premium,Business,High,Completed,Rejected,6,No,
APP02411,C02411,2025-06-16,B010,RM020,Current,Individual,Medium,Pending,Pending,1,No,
APP02412,C02412,2025-01-29,B009,RM019,Premium,Business,High,Completed,Rejected,7,No,
APP02413,C02413,2025-01-24,B002,RM005,Savings,Individual,Medium,Completed,Approved,2,No,
APP02414,C02414,2025-12-18,B002,RM005,Business,Business,Medium,Completed,Approved,4,No,
APP02415,C02415,2025-12-20,B010,RM020,Business,Business,High,Failed,Rejected,5,No,
APP02416,C02416,2025-07-02,B001,RM001,Business,Business,Medium,Completed,Approved,8,No,
APP02417,C02417,2025-05-02,B003,RM007,Current,Individual,Medium,Completed,Approved,7,No,
APP02418,C02418,2025-08-06,B002,RM004,Savings,Individual,Medium,Completed,Approved,11,Yes,KYC Documentation
APP02419,C02419,2025-10-27,B007,RM015,Savings,Individual,Low,Completed,Approved,9,No,
APP02420,C02420,2025-03-26,B008,RM017,Current,Business,Medium,Completed,Approved,10,No,
APP02421,C02421,2025-08-24,B002,RM004,Savings,Individual,Low,Completed,Approved,6,No,
APP02422,C02422,2025-01-04,B003,RM007,Premium,Individual,Medium,Completed,Approved,10,No,
APP02423,C02423,2025-01-02,B007,RM014,Current,Individual,Low,Completed,Approved,9,No,
APP02424,C02424,2025-03-14,B010,RM020,Savings,Individual,Medium,Completed,Approved,7,No,
APP02425,C02425,2025-01-18,B005,RM010,Savings,Individual,Low,Completed,Pending,16,No,
APP02426,C02426,2025-02-12,B003,RM007,Savings,Individual,Low,Completed,Approved,8,No,
APP02427,C02427,2025-08-18,B007,RM014,Current,Individual,Low,Completed,Approved,7,No,
APP02428,C02428,2025-07-18,B005,RM010,Premium,Individual,Medium,Completed,Approved,4,No,
APP02429,C02429,2025-09-05,B005,RM011,Premium,Individual,Low,Pending,Pending,17,No,
APP02430,C02430,2025-06-20,B010,RM020,Current,Individual,Low,Completed,Approved,4,No,
APP02431,C02431,2025-02-27,B004,RM008,Current,Individual,Medium,Completed,Approved,6,No,
APP02432,C02432,2025-02-13,B007,RM014,Premium,Individual,Medium,Completed,Pending,18,Yes,Enhanced Due Diligence
APP02433,C02433,2025-12-19,B001,RM003,Savings,Individual,High,Completed,Approved,16,Yes,Compliance Review
APP02434,C02434,2025-09-29,B003,RM006,Current,Individual,Low,Completed,Approved,10,No,
APP02435,C02435,2025-04-15,B010,RM021,Business,Business,Medium,Failed,Rejected,5,No,
APP02436,C02436,2025-09-22,B010,RM021,Current,Individual,Low,Pending,Pending,14,No,
APP02437,C02437,2025-08-15,B002,RM004,Premium,Individual,High,Completed,Approved,8,No,
APP02438,C02438,2025-01-24,B009,RM019,Current,Individual,Medium,Pending,Pending,16,No,
APP02439,C02439,2025-09-04,B002,RM004,Business,Business,Medium,Completed,Approved,9,No,
APP02440,C02440,2025-05-05,B010,RM021,Current,Individual,Medium,Completed,Approved,3,No,
APP02441,C02441,2025-01-02,B009,RM018,Business,Business,Medium,Completed,Approved,9,No,
APP02442,C02442,2025-09-04,B008,RM016,Business,Business,Medium,Pending,Pending,5,No,
APP02443,C02443,2025-07-01,B006,RM012,Current,Business,High,Failed,Rejected,4,No,
APP02444,C02444,2025-01-21,B010,RM021,Savings,Individual,Medium,Completed,Approved,10,No,
APP02445,C02445,2025-11-30,B007,RM015,Premium,Individual,Low,Completed,Approved,10,No,
APP02446,C02446,2025-06-13,B004,RM009,Savings,Individual,Low,Completed,Approved,7,No,
APP02447,C02447,2025-09-06,B007,RM015,Savings,Individual,Low,Completed,Approved,4,No,
APP02448,C02448,2025-01-24,B007,RM015,Savings,Individual,Medium,Completed,Pending,5,No,
APP02449,C02449,2025-05-27,B009,RM019,Savings,Individual,Low,Completed,Approved,6,No,
APP02450,C02450,2025-10-24,B005,RM011,Premium,Individual,Medium,Completed,Approved,3,No,
APP02451,C02451,2025-08-08,B007,RM014,Business,Business,Medium,Completed,Approved,7,No,
APP02452,C02452,2025-11-19,B008,RM017,Savings,Individual,High,Completed,Approved,6,No,
APP02453,C02453,2025-01-09,B006,RM012,Savings,Individual,High,Completed,Approved,2,No,
APP02454,C02454,2025-01-22,B006,RM012,Savings,Individual,Low,Completed,Approved,6,No,
APP02455,C02455,2025-01-18,B007,RM014,Premium,Individual,Low,Pending,Pending,18,No,
APP02456,C02456,2025-10-28,B004,RM008,Savings,Individual,Low,Completed,Approved,2,No,
APP02457,C02457,2025-11-30,B003,RM006,Savings,Individual,Low,Completed,Approved,5,No,
APP02458,C02458,2025-06-20,B007,RM015,Current,Individual,Medium,Completed,Approved,10,No,
APP02459,C02459,2025-01-21,B002,RM004,Savings,Individual,Low,Pending,Pending,8,No,
APP02460,C02460,2025-12-02,B007,RM014,Savings,Individual,Low,Completed,Approved,9,No,
APP02461,C02461,2025-03-13,B007,RM014,Savings,Individual,Medium,Pending,Pending,10,No,
APP02462,C02462,2025-07-05,B006,RM013,Savings,Individual,Low,Completed,Approved,9,No,
APP02463,C02463,2025-01-20,B007,RM014,Business,Business,High,Completed,Pending,14,Yes,KYC Documentation
APP02464,C02464,2025-11-26,B003,RM006,Business,Business,High,Completed,Approved,8,No,
APP02465,C02465,2025-07-25,B010,RM021,Savings,Individual,Low,Completed,Approved,2,No,
APP02466,C02466,2025-01-18,B003,RM007,Current,Individual,High,Completed,Rejected,7,No,
APP02467,C02467,2025-10-08,B009,RM018,Business,Business,Medium,Completed,Approved,10,No,
APP02468,C02468,2025-10-06,B005,RM010,Savings,Individual,Medium,Completed,Approved,7,No,
APP02469,C02469,2025-02-23,B003,RM007,Savings,Individual,Low,Completed,Approved,9,No,
APP02470,C02470,2025-01-27,B008,RM016,Premium,Business,Medium,Completed,Approved,3,No,
APP02471,C02471,2025-09-12,B002,RM004,Current,Individual,Medium,Completed,Approved,3,No,
APP02472,C02472,2025-07-23,B003,RM006,Savings,Individual,Low,Pending,Pending,18,No,
APP02473,C02473,2025-10-15,B002,RM005,Savings,Individual,Medium,Completed,Approved,10,No,
APP02474,C02474,2025-05-31,B007,RM015,Current,Individual,Low,Completed,Approved,3,No,
APP02475,C02475,2025-07-06,B010,RM021,Current,Business,Medium,Completed,Approved,8,No,
APP02476,C02476,2025-07-17,B006,RM012,Savings,Individual,Medium,Failed,Rejected,4,No,
APP02477,C02477,2025-08-13,B002,RM005,Premium,Business,High,Completed,Approved,18,Yes,KYC Documentation
APP02478,C02478,2025-02-25,B002,RM004,Savings,Individual,Low,Completed,Approved,8,No,
APP02479,C02479,2025-03-30,B005,RM010,Premium,Individual,High,Completed,Approved,16,Yes,Risk Assessment
APP02480,C02480,2025-09-13,B008,RM016,Premium,Individual,Medium,Completed,Pending,20,No,
APP02481,C02481,2025-05-24,B006,RM013,Savings,Individual,Medium,Completed,Approved,10,No,
APP02482,C02482,2025-11-12,B005,RM010,Premium,Individual,Low,Completed,Approved,5,No,
APP02483,C02483,2025-02-15,B009,RM018,Savings,Individual,Medium,Completed,Approved,8,No,
APP02484,C02484,2025-01-19,B006,RM013,Business,Business,High,Pending,Pending,6,No,
APP02485,C02485,2025-07-15,B003,RM006,Savings,Individual,Medium,Pending,Pending,3,No,
APP02486,C02486,2025-05-16,B005,RM010,Savings,Individual,High,Pending,Pending,9,No,
APP02487,C02487,2025-08-18,B003,RM006,Current,Individual,Low,Completed,Approved,6,No,
APP02488,C02488,2025-05-15,B009,RM019,Premium,Individual,High,Completed,Approved,6,No,
APP02489,C02489,2025-06-26,B009,RM019,Savings,Individual,Low,Completed,Approved,8,No,
APP02490,C02490,2025-11-02,B002,RM004,Savings,Individual,Low,Completed,Approved,3,No,
APP02491,C02491,2025-04-23,B008,RM016,Savings,Individual,Medium,Pending,Pending,15,No,
APP02492,C02492,2025-10-13,B009,RM018,Current,Individual,Medium,Completed,Approved,8,No,
APP02493,C02493,2025-03-11,B006,RM012,Savings,Individual,Low,Completed,Approved,5,No,
APP02494,C02494,2025-08-16,B006,RM012,Premium,Individual,Low,Completed,Approved,4,No,
APP02495,C02495,2025-06-09,B009,RM019,Current,Individual,Low,Pending,Pending,16,No,
APP02496,C02496,2025-12-10,B002,RM005,Savings,Individual,Medium,Completed,Approved,3,No,
APP02497,C02497,2025-06-09,B003,RM007,Savings,Individual,Medium,Completed,Pending,5,No,
APP02498,C02498,2025-03-29,B008,RM017,Premium,Individual,Medium,Completed,Approved,14,Yes,KYC Documentation
APP02499,C02499,2025-03-21,B007,RM015,Savings,Individual,Medium,Completed,Approved,5,No,
APP02500,C02500,2025-03-15,B002,RM005,Savings,Individual,Low,Completed,Approved,3,No,
APP02501,C02501,2025-04-17,B008,RM017,Premium,Individual,Low,Completed,Approved,7,No,
APP02502,C02502,2025-06-26,B001,RM001,Savings,Individual,Medium,Completed,Rejected,13,Yes,Risk Assessment
APP02503,C02503,2025-03-09,B005,RM011,Savings,Individual,Medium,Pending,Pending,12,No,
APP02504,C02504,2025-03-14,B010,RM021,Current,Individual,Low,Pending,Pending,11,No,
APP02505,C02505,2025-01-04,B010,RM020,Current,Individual,Low,Completed,Approved,2,No,
APP02506,C02506,2025-09-19,B001,RM003,Current,Individual,Low,Pending,Pending,17,No,
APP02507,C02507,2025-03-30,B008,RM017,Business,Business,Medium,Completed,Approved,4,No,
APP02508,C02508,2025-07-20,B006,RM012,Premium,Individual,Low,Completed,Approved,4,No,
APP02509,C02509,2025-12-03,B007,RM015,Business,Business,High,Completed,Rejected,7,No,
APP02510,C02510,2025-05-08,B010,RM021,Current,Individual,High,Completed,Approved,5,No,
APP02511,C02511,2025-03-21,B006,RM013,Business,Business,Medium,Pending,Pending,5,No,
APP02512,C02512,2025-08-18,B005,RM011,Current,Individual,Low,Completed,Approved,8,No,
APP02513,C02513,2025-11-11,B009,RM019,Current,Individual,Medium,Completed,Approved,3,No,
APP02514,C02514,2025-10-25,B003,RM007,Premium,Individual,Medium,Completed,Approved,9,No,
APP02515,C02515,2025-11-24,B005,RM011,Savings,Individual,Low,Completed,Approved,4,No,
APP02516,C02516,2025-10-22,B005,RM011,Current,Individual,Low,Completed,Approved,3,No,
APP02517,C02517,2025-04-14,B010,RM020,Current,Individual,Low,Completed,Approved,4,No,
APP02518,C02518,2025-07-26,B001,RM002,Current,Individual,Low,Completed,Approved,2,No,
APP02519,C02519,2025-12-18,B008,RM016,Savings,Individual,High,Completed,Approved,9,No,
APP02520,C02520,2025-11-27,B009,RM018,Premium,Individual,Low,Completed,Approved,3,No,
APP02521,C02521,2025-07-23,B009,RM018,Savings,Individual,Low,Completed,Approved,3,No,
APP02522,C02522,2025-09-05,B008,RM016,Business,Business,Medium,Completed,Approved,6,Yes,Enhanced Due Diligence
APP02523,C02523,2025-04-17,B006,RM012,Premium,Individual,Medium,Completed,Approved,3,No,
APP02524,C02524,2025-12-01,B001,RM001,Current,Individual,Medium,Completed,Pending,8,No,
APP02525,C02525,2025-09-20,B002,RM005,Savings,Individual,Medium,Completed,Approved,2,No,
APP02526,C02526,2025-03-22,B008,RM016,Current,Individual,Low,Completed,Approved,3,No,
APP02527,C02527,2025-11-02,B007,RM014,Business,Business,Medium,Completed,Approved,7,No,
APP02528,C02528,2025-04-10,B002,RM004,Savings,Individual,Low,Completed,Approved,5,No,
APP02529,C02529,2025-10-16,B003,RM006,Current,Individual,Low,Completed,Approved,5,No,
APP02530,C02530,2025-05-14,B006,RM013,Savings,Individual,Medium,Completed,Approved,3,No,
APP02531,C02531,2025-01-12,B002,RM005,Savings,Individual,High,Completed,Approved,8,No,
APP02532,C02532,2025-04-04,B009,RM019,Savings,Individual,Low,Completed,Approved,8,No,
APP02533,C02533,2025-01-20,B003,RM006,Savings,Individual,Low,Pending,Pending,14,No,
APP02534,C02534,2025-12-01,B005,RM010,Current,Individual,Low,Completed,Approved,9,No,
APP02535,C02535,2025-10-10,B004,RM008,Business,Business,Medium,Completed,Pending,15,Yes,Compliance Review
APP02536,C02536,2025-02-23,B009,RM018,Business,Business,High,Completed,Approved,8,No,
APP02537,C02537,2025-11-25,B005,RM011,Savings,Individual,High,Completed,Approved,2,No,
APP02538,C02538,2025-08-01,B004,RM009,Business,Business,Medium,Completed,Approved,7,Yes,Enhanced Due Diligence
APP02539,C02539,2025-06-15,B003,RM006,Premium,Business,Medium,Pending,Pending,20,No,
APP02540,C02540,2025-10-25,B007,RM015,Premium,Individual,Low,Completed,Approved,10,No,
APP02541,C02541,2025-02-02,B010,RM021,Premium,Individual,Low,Completed,Approved,7,No,
APP02542,C02542,2025-04-05,B006,RM012,Premium,Individual,Medium,Pending,Pending,14,No,
APP02543,C02543,2025-09-29,B004,RM009,Current,Individual,Medium,Completed,Approved,10,No,
APP02544,C02544,2025-04-20,B002,RM004,Current,Business,High,Completed,Approved,10,Yes,KYC Documentation
APP02545,C02545,2025-02-28,B008,RM016,Current,Business,High,Completed,Approved,5,No,
APP02546,C02546,2025-01-28,B010,RM020,Current,Individual,Medium,Completed,Approved,6,No,
APP02547,C02547,2025-04-12,B003,RM007,Current,Business,Medium,Completed,Approved,4,No,
APP02548,C02548,2025-01-14,B010,RM020,Business,Business,Medium,Pending,Pending,11,No,
APP02549,C02549,2025-12-07,B001,RM003,Current,Business,High,Completed,Approved,2,No,
APP02550,C02550,2025-11-20,B010,RM020,Premium,Individual,Low,Completed,Approved,6,No,
APP02551,C02551,2025-09-20,B008,RM016,Savings,Individual,Low,Completed,Approved,10,No,
APP02552,C02552,2025-10-01,B006,RM012,Savings,Individual,Low,Completed,Approved,4,No,
APP02553,C02553,2025-08-25,B002,RM005,Premium,Individual,Medium,Completed,Approved,10,Yes,KYC Documentation
APP02554,C02554,2025-03-20,B001,RM002,Premium,Individual,Medium,Completed,Approved,9,No,
APP02555,C02555,2025-12-10,B004,RM008,Savings,Individual,Medium,Completed,Approved,2,No,
APP02556,C02556,2025-02-27,B010,RM020,Savings,Individual,Low,Completed,Approved,10,No,
APP02557,C02557,2025-12-17,B003,RM007,Current,Business,Medium,Failed,Rejected,4,No,
APP02558,C02558,2025-09-08,B001,RM001,Current,Individual,Low,Completed,Approved,3,No,
APP02559,C02559,2025-09-17,B001,RM001,Current,Individual,Low,Completed,Approved,6,No,
APP02560,C02560,2025-08-21,B008,RM017,Savings,Individual,Medium,Completed,Approved,10,Yes,Risk Assessment
APP02561,C02561,2025-05-19,B003,RM006,Savings,Individual,Medium,Completed,Approved,10,No,
APP02562,C02562,2025-05-04,B010,RM020,Business,Business,Medium,Completed,Rejected,7,No,
APP02563,C02563,2025-07-07,B008,RM016,Business,Business,Medium,Completed,Pending,12,No,
APP02564,C02564,2025-10-04,B006,RM012,Savings,Individual,Low,Completed,Rejected,20,Yes,Compliance Review
APP02565,C02565,2025-08-26,B003,RM006,Savings,Individual,High,Failed,Rejected,6,No,
APP02566,C02566,2025-10-25,B010,RM021,Savings,Individual,Low,Completed,Approved,4,No,
APP02567,C02567,2025-02-18,B001,RM002,Savings,Individual,Low,Completed,Approved,7,No,
APP02568,C02568,2025-10-28,B004,RM008,Current,Individual,Low,Completed,Approved,12,Yes,Enhanced Due Diligence
APP02569,C02569,2025-02-26,B003,RM006,Savings,Individual,Low,Completed,Approved,8,No,
APP02570,C02570,2025-05-16,B006,RM012,Current,Individual,Low,Completed,Approved,5,Yes,KYC Documentation
APP02571,C02571,2025-02-16,B006,RM013,Current,Individual,Medium,Pending,Pending,7,No,
APP02572,C02572,2025-04-17,B005,RM011,Current,Business,High,Completed,Pending,10,Yes,Compliance Review
APP02573,C02573,2025-03-31,B003,RM007,Savings,Individual,High,Completed,Approved,5,No,
APP02574,C02574,2025-02-09,B005,RM011,Business,Business,Medium,Failed,Rejected,7,No,
APP02575,C02575,2025-05-22,B002,RM004,Business,Business,High,Completed,Pending,12,No,
APP02576,C02576,2025-04-29,B003,RM007,Current,Business,Medium,Completed,Approved,9,Yes,Enhanced Due Diligence
APP02577,C02577,2025-04-08,B006,RM013,Current,Individual,Low,Completed,Approved,9,No,
APP02578,C02578,2025-03-03,B010,RM020,Current,Individual,Medium,Completed,Approved,6,No,
APP02579,C02579,2025-01-24,B009,RM019,Savings,Individual,Low,Completed,Approved,7,No,
APP02580,C02580,2025-01-15,B008,RM016,Current,Individual,Medium,Completed,Approved,2,No,
APP02581,C02581,2025-06-20,B006,RM013,Savings,Individual,Low,Completed,Approved,7,No,
APP02582,C02582,2025-03-22,B007,RM014,Premium,Individual,Low,Completed,Approved,7,No,
APP02583,C02583,2025-02-14,B009,RM019,Business,Business,Medium,Completed,Approved,6,No,
APP02584,C02584,2025-02-26,B003,RM007,Current,Individual,High,Completed,Approved,4,No,
APP02585,C02585,2025-09-27,B005,RM010,Savings,Individual,Low,Completed,Rejected,2,No,
APP02586,C02586,2025-07-23,B005,RM011,Current,Individual,Low,Completed,Approved,6,No,
APP02587,C02587,2025-10-25,B009,RM018,Savings,Individual,Low,Completed,Approved,9,No,
APP02588,C02588,2025-08-16,B001,RM002,Current,Individual,Medium,Completed,Approved,7,No,
APP02589,C02589,2025-08-30,B001,RM001,Savings,Individual,Low,Completed,Approved,9,No,
APP02590,C02590,2025-12-16,B008,RM017,Current,Business,Medium,Completed,Approved,7,No,
APP02591,C02591,2025-03-25,B001,RM001,Savings,Individual,Medium,Completed,Approved,10,No,
APP02592,C02592,2025-11-16,B001,RM002,Savings,Individual,Low,Completed,Approved,3,No,
APP02593,C02593,2025-07-25,B008,RM017,Current,Business,Medium,Completed,Approved,9,No,
APP02594,C02594,2025-02-24,B002,RM005,Current,Individual,Low,Completed,Approved,6,No,
APP02595,C02595,2025-03-25,B002,RM004,Savings,Individual,High,Completed,Approved,14,Yes,Enhanced Due Diligence
APP02596,C02596,2025-07-06,B004,RM008,Current,Individual,High,Pending,Pending,14,No,
APP02597,C02597,2025-08-14,B005,RM010,Current,Business,High,Completed,Rejected,5,No,
APP02598,C02598,2025-02-08,B002,RM004,Savings,Individual,Medium,Pending,Pending,16,No,
APP02599,C02599,2025-05-16,B007,RM015,Current,Individual,Low,Completed,Approved,8,No,
APP02600,C02600,2025-07-25,B003,RM007,Savings,Individual,Medium,Completed,Pending,6,No,
APP02601,C02601,2025-10-05,B005,RM011,Savings,Individual,Medium,Completed,Approved,6,No,
APP02602,C02602,2025-01-04,B010,RM020,Premium,Individual,Medium,Pending,Pending,3,No,
APP02603,C02603,2025-09-10,B003,RM006,Savings,Individual,Medium,Completed,Approved,8,No,
APP02604,C02604,2025-02-23,B002,RM005,Savings,Individual,Medium,Completed,Approved,4,No,
APP02605,C02605,2025-08-20,B006,RM012,Business,Business,Medium,Completed,Approved,10,No,
APP02606,C02606,2025-11-20,B009,RM018,Savings,Individual,Low,Completed,Approved,5,No,
APP02607,C02607,2025-06-12,B010,RM021,Business,Business,High,Completed,Rejected,5,No,
APP02608,C02608,2025-05-13,B002,RM004,Current,Individual,Medium,Completed,Approved,15,Yes,Enhanced Due Diligence
APP02609,C02609,2025-05-29,B004,RM009,Savings,Individual,Low,Completed,Approved,9,No,
APP02610,C02610,2025-10-11,B006,RM012,Premium,Individual,Medium,Completed,Approved,3,No,
APP02611,C02611,2025-08-04,B004,RM008,Premium,Individual,Low,Pending,Pending,7,No,
APP02612,C02612,2025-05-19,B005,RM010,Savings,Individual,Low,Completed,Pending,7,No,
APP02613,C02613,2025-03-04,B005,RM011,Premium,Business,Medium,Completed,Approved,6,No,
APP02614,C02614,2025-12-04,B006,RM013,Current,Individual,High,Completed,Approved,10,No,
APP02615,C02615,2025-03-16,B007,RM015,Savings,Individual,Medium,Completed,Approved,8,No,
APP02616,C02616,2025-05-31,B007,RM014,Business,Business,High,Completed,Pending,13,Yes,Enhanced Due Diligence
APP02617,C02617,2025-07-24,B009,RM018,Business,Business,Medium,Completed,Pending,16,No,
APP02618,C02618,2025-02-20,B002,RM005,Premium,Business,Medium,Completed,Approved,6,No,
APP02619,C02619,2025-12-19,B007,RM015,Current,Individual,Low,Completed,Approved,9,No,
APP02620,C02620,2025-05-27,B005,RM010,Savings,Individual,Medium,Completed,Approved,5,No,
APP02621,C02621,2025-02-20,B005,RM011,Savings,Individual,Low,Pending,Pending,9,No,
APP02622,C02622,2025-10-25,B003,RM006,Business,Business,Medium,Completed,Rejected,15,Yes,Enhanced Due Diligence
APP02623,C02623,2025-11-27,B001,RM003,Current,Business,Medium,Completed,Approved,11,Yes,Risk Assessment
APP02624,C02624,2025-09-01,B001,RM003,Savings,Individual,High,Failed,Rejected,7,No,
APP02625,C02625,2025-02-23,B003,RM006,Premium,Individual,Medium,Pending,Pending,10,No,
APP02626,C02626,2025-11-25,B009,RM018,Business,Business,Medium,Completed,Approved,3,No,
APP02627,C02627,2025-12-17,B009,RM018,Current,Individual,Low,Completed,Approved,2,No,
APP02628,C02628,2025-11-24,B003,RM006,Savings,Individual,Low,Completed,Approved,7,No,
APP02629,C02629,2025-08-20,B003,RM007,Business,Business,High,Completed,Pending,12,Yes,Sanctions Screening
APP02630,C02630,2025-01-08,B006,RM012,Business,Business,Medium,Completed,Approved,6,No,
APP02631,C02631,2025-11-24,B001,RM001,Premium,Individual,Low,Completed,Approved,5,No,
APP02632,C02632,2025-05-17,B006,RM013,Premium,Individual,Low,Completed,Approved,9,No,
APP02633,C02633,2025-05-08,B003,RM007,Savings,Individual,Low,Completed,Approved,8,No,
APP02634,C02634,2025-09-15,B002,RM004,Current,Individual,Medium,Completed,Pending,12,No,
APP02635,C02635,2025-02-09,B004,RM009,Current,Individual,Low,Completed,Approved,7,No,
APP02636,C02636,2025-01-25,B004,RM008,Premium,Individual,Medium,Completed,Pending,20,Yes,Sanctions Screening
APP02637,C02637,2025-01-10,B001,RM001,Savings,Individual,Low,Completed,Approved,8,No,
APP02638,C02638,2025-10-13,B006,RM013,Current,Individual,Low,Completed,Approved,7,No,
APP02639,C02639,2025-03-28,B003,RM006,Premium,Individual,Low,Completed,Approved,7,No,
APP02640,C02640,2025-01-17,B003,RM006,Premium,Individual,Medium,Completed,Approved,10,No,
APP02641,C02641,2025-02-04,B004,RM008,Current,Individual,Low,Completed,Approved,8,No,
APP02642,C02642,2025-09-16,B001,RM001,Savings,Individual,Low,Completed,Approved,4,No,
APP02643,C02643,2025-05-28,B002,RM004,Business,Business,Medium,Completed,Approved,7,No,
APP02644,C02644,2025-05-18,B008,RM017,Business,Business,Medium,Completed,Approved,8,No,
APP02645,C02645,2025-04-01,B009,RM019,Savings,Individual,High,Completed,Rejected,6,No,
APP02646,C02646,2025-01-14,B007,RM014,Current,Business,High,Completed,Approved,2,No,
APP02647,C02647,2025-07-21,B005,RM010,Savings,Individual,Low,Completed,Approved,4,No,
APP02648,C02648,2025-12-08,B009,RM019,Savings,Individual,Low,Completed,Approved,4,No,
APP02649,C02649,2025-10-11,B010,RM020,Premium,Individual,Low,Completed,Approved,5,No,
APP02650,C02650,2025-02-11,B006,RM012,Premium,Individual,Low,Completed,Approved,7,No,
APP02651,C02651,2025-01-02,B007,RM014,Savings,Individual,Medium,Completed,Approved,7,No,
APP02652,C02652,2025-08-08,B002,RM004,Business,Business,High,Completed,Pending,8,Yes,KYC Documentation
APP02653,C02653,2025-05-14,B001,RM002,Savings,Individual,Medium,Completed,Approved,9,No,
APP02654,C02654,2025-04-07,B006,RM013,Current,Individual,Medium,Completed,Approved,9,No,
APP02655,C02655,2025-05-11,B009,RM018,Savings,Individual,Low,Completed,Approved,6,No,
APP02656,C02656,2025-03-19,B006,RM012,Current,Individual,Low,Completed,Approved,5,No,
APP02657,C02657,2025-09-04,B003,RM007,Savings,Individual,Low,Completed,Approved,3,No,
APP02658,C02658,2025-11-13,B006,RM012,Savings,Individual,Low,Completed,Approved,7,No,
APP02659,C02659,2025-10-18,B004,RM009,Current,Individual,Low,Completed,Approved,5,No,
APP02660,C02660,2025-11-25,B003,RM007,Savings,Individual,Medium,Completed,Rejected,16,Yes,Risk Assessment
APP02661,C02661,2025-07-03,B008,RM017,Savings,Individual,Medium,Completed,Approved,9,No,
APP02662,C02662,2025-11-08,B004,RM008,Savings,Individual,Low,Completed,Approved,6,No,
APP02663,C02663,2025-12-10,B008,RM017,Savings,Individual,Medium,Completed,Approved,7,No,
APP02664,C02664,2025-08-21,B008,RM016,Savings,Individual,Low,Completed,Approved,8,No,
APP02665,C02665,2025-12-15,B001,RM001,Savings,Individual,Medium,Completed,Approved,7,Yes,Sanctions Screening
APP02666,C02666,2025-05-03,B009,RM019,Business,Business,Medium,Completed,Approved,7,Yes,Compliance Review
APP02667,C02667,2025-05-03,B005,RM010,Premium,Individual,Medium,Completed,Pending,15,Yes,Enhanced Due Diligence
APP02668,C02668,2025-04-07,B009,RM019,Savings,Individual,Low,Completed,Approved,6,No,
APP02669,C02669,2025-07-27,B003,RM006,Savings,Individual,Low,Failed,Rejected,4,No,
APP02670,C02670,2025-09-26,B005,RM010,Savings,Individual,Low,Completed,Approved,3,No,
APP02671,C02671,2025-03-29,B003,RM006,Savings,Individual,Low,Completed,Approved,5,No,
APP02672,C02672,2025-03-29,B007,RM014,Business,Business,High,Pending,Pending,18,No,
APP02673,C02673,2025-09-05,B002,RM005,Premium,Individual,Medium,Completed,Approved,9,No,
APP02674,C02674,2025-01-31,B005,RM011,Business,Business,High,Failed,Rejected,7,No,
APP02675,C02675,2025-10-22,B001,RM001,Current,Individual,Low,Completed,Approved,5,No,
APP02676,C02676,2025-09-03,B002,RM005,Premium,Individual,Low,Completed,Approved,9,No,
APP02677,C02677,2025-09-23,B006,RM012,Savings,Individual,Low,Completed,Approved,3,No,
APP02678,C02678,2025-08-06,B008,RM016,Savings,Individual,Low,Completed,Approved,8,No,
APP02679,C02679,2025-11-29,B009,RM019,Premium,Individual,Medium,Completed,Rejected,11,Yes,Compliance Review
APP02680,C02680,2025-08-17,B005,RM011,Current,Business,Medium,Completed,Approved,19,Yes,Enhanced Due Diligence
APP02681,C02681,2025-10-06,B005,RM010,Current,Individual,Medium,Completed,Approved,5,No,
APP02682,C02682,2025-10-04,B002,RM005,Current,Individual,Low,Completed,Approved,9,No,
APP02683,C02683,2025-04-29,B005,RM011,Savings,Individual,Medium,Completed,Pending,19,Yes,Risk Assessment
APP02684,C02684,2025-02-01,B009,RM018,Premium,Individual,Low,Completed,Approved,6,No,
APP02685,C02685,2025-07-07,B006,RM013,Savings,Individual,Low,Completed,Approved,5,Yes,Compliance Review
APP02686,C02686,2025-01-08,B009,RM018,Premium,Individual,Medium,Completed,Approved,10,No,
APP02687,C02687,2025-09-23,B001,RM003,Savings,Individual,Low,Completed,Approved,3,No,
APP02688,C02688,2025-12-08,B001,RM001,Savings,Individual,Low,Completed,Approved,4,No,
APP02689,C02689,2025-10-17,B007,RM015,Savings,Individual,Medium,Completed,Rejected,2,No,
APP02690,C02690,2025-03-11,B005,RM011,Savings,Individual,Low,Completed,Approved,10,No,
APP02691,C02691,2025-03-26,B010,RM020,Savings,Individual,Medium,Failed,Rejected,6,No,
APP02692,C02692,2025-09-06,B002,RM004,Current,Business,Medium,Completed,Approved,7,No,
APP02693,C02693,2025-08-07,B010,RM021,Premium,Individual,Low,Completed,Approved,5,No,
APP02694,C02694,2025-04-21,B007,RM015,Premium,Individual,Medium,Completed,Approved,8,No,
APP02695,C02695,2025-08-02,B005,RM011,Business,Business,Medium,Completed,Approved,8,No,
APP02696,C02696,2025-04-20,B009,RM019,Savings,Individual,Low,Completed,Approved,3,No,
APP02697,C02697,2025-08-09,B003,RM006,Savings,Individual,Low,Completed,Rejected,6,No,
APP02698,C02698,2025-06-20,B004,RM009,Business,Business,Medium,Completed,Approved,9,No,
APP02699,C02699,2025-04-16,B007,RM014,Current,Individual,Low,Completed,Approved,2,No,
APP02700,C02700,2025-04-28,B006,RM012,Premium,Business,High,Completed,Rejected,2,No,
APP02701,C02701,2025-04-21,B001,RM003,Savings,Individual,Medium,Completed,Approved,8,No,
APP02702,C02702,2025-02-19,B005,RM010,Current,Business,Medium,Completed,Approved,2,No,
APP02703,C02703,2025-05-27,B003,RM006,Savings,Individual,Medium,Failed,Rejected,4,No,
APP02704,C02704,2025-09-22,B010,RM021,Savings,Individual,Medium,Completed,Approved,8,No,
APP02705,C02705,2025-04-04,B003,RM007,Current,Individual,Medium,Completed,Approved,4,No,
APP02706,C02706,2025-06-02,B001,RM001,Current,Individual,Low,Completed,Approved,4,No,
APP02707,C02707,2025-07-04,B001,RM001,Savings,Individual,Low,Pending,Pending,11,No,
APP02708,C02708,2025-02-01,B007,RM014,Current,Individual,Low,Completed,Approved,2,No,
APP02709,C02709,2025-06-21,B010,RM021,Savings,Individual,Low,Completed,Approved,9,No,
APP02710,C02710,2025-11-16,B004,RM009,Savings,Individual,Low,Completed,Approved,4,No,
APP02711,C02711,2025-01-18,B005,RM011,Current,Individual,Low,Completed,Approved,2,No,
APP02712,C02712,2025-04-30,B008,RM017,Savings,Individual,Low,Completed,Approved,10,No,
APP02713,C02713,2025-02-20,B003,RM006,Business,Business,High,Completed,Pending,18,No,
APP02714,C02714,2025-10-04,B007,RM015,Savings,Individual,Medium,Pending,Pending,9,No,
APP02715,C02715,2025-05-23,B008,RM017,Current,Individual,Low,Completed,Approved,10,No,
APP02716,C02716,2025-02-10,B003,RM006,Current,Business,Medium,Completed,Approved,4,No,
APP02717,C02717,2025-01-18,B003,RM007,Savings,Individual,Medium,Failed,Rejected,4,No,
APP02718,C02718,2025-01-29,B001,RM001,Savings,Individual,Low,Pending,Pending,12,No,
APP02719,C02719,2025-02-13,B009,RM018,Savings,Individual,Low,Failed,Rejected,4,No,
APP02720,C02720,2025-12-20,B002,RM005,Savings,Individual,Medium,Completed,Approved,6,No,
APP02721,C02721,2025-01-05,B009,RM019,Savings,Individual,Low,Completed,Approved,8,No,
APP02722,C02722,2025-11-27,B010,RM020,Savings,Individual,High,Completed,Approved,5,No,
APP02723,C02723,2025-01-19,B008,RM017,Savings,Individual,Low,Pending,Pending,1,No,
APP02724,C02724,2025-02-06,B010,RM020,Current,Individual,Low,Completed,Approved,6,No,
APP02725,C02725,2025-01-18,B002,RM004,Savings,Individual,Medium,Completed,Approved,9,No,
APP02726,C02726,2025-01-10,B004,RM008,Premium,Individual,Low,Completed,Approved,6,No,
APP02727,C02727,2025-08-10,B002,RM005,Premium,Individual,Low,Completed,Approved,2,No,
APP02728,C02728,2025-01-07,B004,RM008,Current,Individual,Medium,Completed,Approved,8,No,
APP02729,C02729,2025-05-11,B005,RM010,Savings,Individual,Low,Completed,Approved,10,No,
APP02730,C02730,2025-04-19,B009,RM018,Business,Business,Medium,Completed,Approved,7,No,
APP02731,C02731,2025-03-29,B006,RM012,Savings,Individual,Low,Completed,Pending,9,Yes,Compliance Review
APP02732,C02732,2025-05-25,B006,RM013,Savings,Individual,Medium,Completed,Approved,2,No,
APP02733,C02733,2025-02-12,B004,RM008,Savings,Individual,Medium,Failed,Rejected,6,No,
APP02734,C02734,2025-01-21,B008,RM017,Business,Business,Medium,Completed,Approved,3,No,
APP02735,C02735,2025-09-17,B002,RM005,Current,Individual,Low,Completed,Approved,8,No,
APP02736,C02736,2025-06-30,B010,RM020,Savings,Individual,Low,Completed,Approved,3,No,
APP02737,C02737,2025-07-08,B007,RM014,Business,Business,Medium,Completed,Approved,3,No,
APP02738,C02738,2025-06-23,B008,RM017,Savings,Individual,Low,Pending,Pending,15,No,
APP02739,C02739,2025-02-06,B003,RM007,Current,Individual,Medium,Completed,Approved,6,No,
APP02740,C02740,2025-09-04,B009,RM018,Current,Individual,Low,Pending,Pending,16,No,
APP02741,C02741,2025-12-05,B001,RM001,Current,Individual,Medium,Completed,Approved,3,No,
APP02742,C02742,2025-11-17,B002,RM004,Current,Individual,Low,Completed,Approved,4,No,
APP02743,C02743,2025-12-25,B005,RM010,Business,Business,Medium,Completed,Approved,2,No,
APP02744,C02744,2025-03-25,B009,RM019,Savings,Individual,Medium,Completed,Approved,10,No,
APP02745,C02745,2025-05-11,B009,RM019,Savings,Individual,Medium,Pending,Pending,9,No,
APP02746,C02746,2025-07-14,B001,RM001,Premium,Individual,Medium,Completed,Approved,10,No,
APP02747,C02747,2025-11-07,B009,RM018,Premium,Individual,Low,Pending,Pending,6,No,
APP02748,C02748,2025-05-09,B007,RM015,Current,Individual,Low,Completed,Approved,5,No,
APP02749,C02749,2025-04-05,B003,RM006,Current,Individual,Low,Completed,Approved,5,No,
APP02750,C02750,2025-08-16,B001,RM002,Savings,Individual,Low,Completed,Approved,6,No,
APP02751,C02751,2025-09-10,B002,RM005,Savings,Individual,Medium,Pending,Pending,20,No,
APP02752,C02752,2025-12-30,B002,RM004,Current,Individual,Medium,Completed,Approved,7,No,
APP02753,C02753,2025-10-22,B010,RM021,Current,Individual,Medium,Completed,Pending,14,No,
APP02754,C02754,2025-09-29,B009,RM019,Savings,Individual,Low,Pending,Pending,19,No,
APP02755,C02755,2025-06-06,B003,RM006,Savings,Individual,Medium,Completed,Rejected,17,Yes,Risk Assessment
APP02756,C02756,2025-06-23,B004,RM008,Current,Individual,Low,Completed,Approved,8,No,
APP02757,C02757,2025-05-01,B003,RM006,Current,Individual,Low,Pending,Pending,19,No,
APP02758,C02758,2025-03-21,B009,RM019,Current,Individual,High,Completed,Approved,10,No,
APP02759,C02759,2025-09-11,B010,RM021,Current,Individual,Medium,Completed,Approved,5,No,
APP02760,C02760,2025-09-02,B007,RM014,Savings,Individual,Low,Completed,Approved,8,No,
APP02761,C02761,2025-05-11,B009,RM018,Premium,Business,Medium,Pending,Pending,16,No,
APP02762,C02762,2025-04-16,B002,RM004,Business,Business,Medium,Completed,Approved,9,Yes,Enhanced Due Diligence
APP02763,C02763,2025-06-29,B007,RM015,Premium,Individual,Medium,Completed,Approved,8,Yes,Sanctions Screening
APP02764,C02764,2025-08-05,B001,RM003,Savings,Individual,Medium,Completed,Approved,9,No,
APP02765,C02765,2025-08-11,B010,RM020,Savings,Individual,Low,Completed,Approved,8,No,
APP02766,C02766,2025-01-30,B010,RM020,Savings,Individual,Low,Completed,Approved,5,No,
APP02767,C02767,2025-07-06,B001,RM002,Current,Business,High,Completed,Approved,5,No,
APP02768,C02768,2025-02-27,B006,RM013,Business,Business,Medium,Completed,Approved,2,No,
APP02769,C02769,2025-09-29,B005,RM010,Savings,Individual,High,Completed,Rejected,4,No,
APP02770,C02770,2025-10-22,B008,RM016,Savings,Individual,Low,Completed,Approved,8,No,
APP02771,C02771,2025-04-19,B004,RM009,Current,Individual,Medium,Completed,Approved,8,No,
APP02772,C02772,2025-09-06,B003,RM006,Current,Individual,Low,Completed,Approved,9,No,
APP02773,C02773,2025-09-02,B010,RM020,Savings,Individual,Medium,Failed,Rejected,2,No,
APP02774,C02774,2025-05-20,B010,RM020,Savings,Individual,Low,Completed,Approved,9,No,
APP02775,C02775,2025-01-29,B007,RM014,Business,Business,Medium,Completed,Pending,5,No,
APP02776,C02776,2025-12-23,B010,RM021,Premium,Individual,Medium,Completed,Approved,6,No,
APP02777,C02777,2025-01-19,B005,RM010,Savings,Individual,High,Completed,Approved,10,No,
APP02778,C02778,2025-06-14,B010,RM021,Savings,Individual,Low,Completed,Approved,5,No,
APP02779,C02779,2025-09-09,B010,RM020,Savings,Individual,Medium,Completed,Pending,13,No,
APP02780,C02780,2025-07-02,B005,RM011,Current,Individual,High,Completed,Approved,9,No,
APP02781,C02781,2025-07-19,B004,RM008,Savings,Individual,Medium,Pending,Pending,14,No,
APP02782,C02782,2025-04-18,B010,RM020,Premium,Individual,Low,Completed,Approved,4,No,
APP02783,C02783,2025-01-02,B007,RM015,Savings,Individual,Medium,Completed,Approved,7,No,
APP02784,C02784,2025-04-21,B008,RM016,Savings,Individual,Low,Completed,Approved,9,No,
APP02785,C02785,2025-03-08,B005,RM011,Savings,Individual,Low,Completed,Approved,9,No,
APP02786,C02786,2025-07-19,B009,RM018,Current,Business,Medium,Completed,Pending,20,No,
APP02787,C02787,2025-01-31,B009,RM019,Savings,Individual,Low,Pending,Pending,18,No,
APP02788,C02788,2025-10-25,B002,RM004,Current,Individual,Medium,Failed,Rejected,3,No,
APP02789,C02789,2025-11-27,B006,RM012,Premium,Individual,Low,Failed,Rejected,5,No,
APP02790,C02790,2025-01-12,B007,RM015,Current,Individual,Medium,Completed,Approved,10,No,
APP02791,C02791,2025-01-16,B006,RM012,Current,Individual,Low,Completed,Approved,6,No,
APP02792,C02792,2025-05-16,B009,RM018,Savings,Individual,Low,Completed,Approved,6,No,
APP02793,C02793,2025-04-11,B008,RM016,Business,Business,Medium,Completed,Pending,17,Yes,Compliance Review
APP02794,C02794,2025-02-22,B001,RM003,Business,Business,Medium,Completed,Approved,9,No,
APP02795,C02795,2025-12-15,B004,RM009,Premium,Individual,Low,Completed,Approved,8,No,
APP02796,C02796,2025-05-28,B001,RM003,Business,Business,Medium,Completed,Approved,11,Yes,Enhanced Due Diligence
APP02797,C02797,2025-12-15,B006,RM012,Current,Individual,Medium,Completed,Approved,9,No,
APP02798,C02798,2025-03-30,B010,RM020,Savings,Individual,Medium,Completed,Approved,8,No,
APP02799,C02799,2025-11-07,B003,RM007,Current,Individual,Low,Completed,Approved,2,No,
APP02800,C02800,2025-09-03,B001,RM001,Current,Individual,Low,Completed,Approved,2,No,
APP02801,C02801,2025-01-11,B006,RM012,Savings,Individual,Medium,Completed,Approved,6,No,
APP02802,C02802,2025-10-24,B004,RM008,Savings,Individual,Medium,Completed,Approved,6,No,
APP02803,C02803,2025-04-29,B006,RM012,Premium,Individual,Low,Completed,Approved,4,No,
APP02804,C02804,2025-05-23,B007,RM014,Savings,Individual,Medium,Completed,Approved,17,Yes,Enhanced Due Diligence
APP02805,C02805,2025-12-11,B004,RM009,Premium,Individual,Medium,Completed,Approved,3,No,
APP02806,C02806,2025-03-02,B009,RM018,Current,Individual,Low,Completed,Approved,8,No,
APP02807,C02807,2025-05-15,B010,RM021,Current,Individual,Low,Completed,Approved,4,No,
APP02808,C02808,2025-10-11,B007,RM015,Current,Individual,Low,Completed,Approved,8,No,
APP02809,C02809,2025-07-02,B001,RM001,Current,Business,Medium,Completed,Approved,9,Yes,Enhanced Due Diligence
APP02810,C02810,2025-01-15,B002,RM004,Business,Business,Medium,Completed,Approved,2,No,
APP02811,C02811,2025-07-08,B006,RM012,Current,Individual,Medium,Completed,Approved,8,No,
APP02812,C02812,2025-11-27,B008,RM016,Savings,Individual,Medium,Completed,Approved,6,No,
APP02813,C02813,2025-04-07,B010,RM020,Savings,Individual,Low,Completed,Approved,6,No,
APP02814,C02814,2025-03-23,B009,RM019,Savings,Individual,Low,Completed,Approved,9,No,
APP02815,C02815,2025-05-04,B010,RM021,Savings,Individual,Medium,Completed,Approved,2,No,
APP02816,C02816,2025-05-05,B009,RM018,Savings,Individual,Low,Completed,Approved,9,No,
APP02817,C02817,2025-09-01,B009,RM018,Savings,Individual,Low,Completed,Approved,9,No,
APP02818,C02818,2025-10-22,B007,RM015,Savings,Individual,Low,Completed,Approved,2,No,
APP02819,C02819,2025-06-18,B009,RM018,Current,Business,Medium,Completed,Approved,4,No,
APP02820,C02820,2025-05-23,B005,RM011,Savings,Individual,Medium,Pending,Pending,10,No,
APP02821,C02821,2025-12-12,B003,RM007,Business,Business,High,Completed,Approved,4,No,
APP02822,C02822,2025-07-22,B007,RM015,Premium,Business,Medium,Failed,Rejected,7,No,
APP02823,C02823,2025-08-25,B006,RM013,Current,Individual,Low,Completed,Approved,10,No,
APP02824,C02824,2025-12-07,B009,RM018,Current,Individual,Low,Completed,Approved,3,No,
APP02825,C02825,2025-03-29,B006,RM012,Savings,Individual,Low,Completed,Approved,10,No,
APP02826,C02826,2025-09-07,B005,RM010,Current,Individual,Low,Completed,Approved,3,No,
APP02827,C02827,2025-01-27,B010,RM021,Current,Individual,Low,Completed,Approved,4,No,
APP02828,C02828,2025-11-02,B008,RM016,Premium,Individual,Low,Completed,Approved,7,No,
APP02829,C02829,2025-04-04,B002,RM004,Savings,Individual,Low,Completed,Approved,9,No,
APP02830,C02830,2025-04-23,B002,RM005,Savings,Individual,Low,Completed,Approved,6,No,
APP02831,C02831,2025-01-11,B002,RM005,Premium,Individual,Low,Completed,Approved,3,No,
APP02832,C02832,2025-10-18,B006,RM012,Savings,Individual,High,Completed,Pending,12,No,
APP02833,C02833,2025-12-19,B009,RM019,Savings,Individual,High,Completed,Approved,18,Yes,Compliance Review
APP02834,C02834,2025-07-06,B004,RM009,Current,Business,Medium,Completed,Approved,8,No,
APP02835,C02835,2025-04-24,B004,RM009,Savings,Individual,Low,Completed,Approved,5,No,
APP02836,C02836,2025-07-09,B006,RM013,Business,Business,High,Completed,Approved,8,Yes,Enhanced Due Diligence
APP02837,C02837,2025-06-15,B010,RM020,Current,Individual,Medium,Completed,Approved,5,No,
APP02838,C02838,2025-02-16,B006,RM012,Business,Business,Medium,Completed,Approved,3,No,
APP02839,C02839,2025-12-07,B006,RM013,Savings,Individual,Medium,Completed,Approved,9,No,
APP02840,C02840,2025-07-04,B008,RM017,Savings,Individual,Low,Completed,Approved,12,Yes,KYC Documentation
APP02841,C02841,2025-01-04,B002,RM005,Savings,Individual,Low,Completed,Pending,19,No,
APP02842,C02842,2025-04-20,B003,RM007,Savings,Individual,Medium,Completed,Approved,2,No,
APP02843,C02843,2025-02-12,B004,RM008,Current,Business,Medium,Pending,Pending,1,No,
APP02844,C02844,2025-02-20,B002,RM005,Savings,Individual,Low,Completed,Approved,8,No,
APP02845,C02845,2025-03-22,B008,RM017,Premium,Individual,Low,Completed,Approved,4,No,
APP02846,C02846,2025-03-23,B007,RM015,Savings,Individual,Low,Pending,Pending,9,No,
APP02847,C02847,2025-01-08,B007,RM015,Business,Business,High,Failed,Rejected,5,No,
APP02848,C02848,2025-02-09,B006,RM013,Savings,Individual,Low,Completed,Approved,8,No,
APP02849,C02849,2025-07-26,B005,RM010,Premium,Individual,Low,Completed,Approved,3,No,
APP02850,C02850,2025-05-19,B008,RM017,Current,Individual,Low,Completed,Approved,6,No,
APP02851,C02851,2025-08-30,B007,RM014,Savings,Individual,Low,Completed,Approved,2,No,
APP02852,C02852,2025-01-17,B003,RM007,Premium,Individual,Low,Pending,Pending,11,No,
APP02853,C02853,2025-01-27,B007,RM015,Premium,Individual,Medium,Completed,Approved,3,No,
APP02854,C02854,2025-12-29,B005,RM010,Savings,Individual,Medium,Completed,Approved,8,No,
APP02855,C02855,2025-01-30,B008,RM017,Business,Business,Medium,Completed,Approved,5,No,
APP02856,C02856,2025-12-26,B006,RM013,Savings,Individual,Low,Pending,Pending,16,No,
APP02857,C02857,2025-09-06,B001,RM003,Savings,Individual,High,Completed,Pending,13,No,
APP02858,C02858,2025-09-15,B002,RM004,Premium,Individual,Low,Completed,Approved,9,No,
APP02859,C02859,2025-06-29,B010,RM021,Savings,Individual,Medium,Completed,Approved,8,No,
APP02860,C02860,2025-05-14,B007,RM015,Current,Individual,Low,Completed,Approved,10,No,
APP02861,C02861,2025-08-01,B001,RM003,Current,Individual,Medium,Completed,Approved,7,No,
APP02862,C02862,2025-05-13,B005,RM011,Premium,Individual,Low,Pending,Pending,17,No,
APP02863,C02863,2025-03-23,B009,RM018,Current,Individual,Medium,Completed,Approved,6,No,
APP02864,C02864,2025-10-15,B004,RM009,Business,Business,Medium,Completed,Approved,7,No,
APP02865,C02865,2025-10-12,B007,RM014,Premium,Individual,Medium,Completed,Approved,15,Yes,KYC Documentation
APP02866,C02866,2025-07-01,B009,RM018,Savings,Individual,Low,Pending,Pending,2,No,
APP02867,C02867,2025-10-13,B006,RM013,Savings,Individual,Low,Completed,Approved,7,No,
APP02868,C02868,2025-01-24,B005,RM011,Current,Individual,Low,Completed,Approved,6,No,
APP02869,C02869,2025-05-23,B009,RM019,Premium,Individual,Low,Completed,Approved,4,No,
APP02870,C02870,2025-07-27,B006,RM013,Business,Business,Medium,Completed,Approved,2,No,
APP02871,C02871,2025-12-25,B004,RM009,Current,Individual,Low,Completed,Approved,8,Yes,KYC Documentation
APP02872,C02872,2025-04-27,B005,RM011,Savings,Individual,Low,Completed,Approved,4,No,
APP02873,C02873,2025-07-30,B010,RM020,Current,Individual,Low,Completed,Pending,19,No,
APP02874,C02874,2025-01-23,B001,RM001,Current,Individual,Medium,Completed,Approved,10,No,
APP02875,C02875,2025-03-01,B008,RM016,Savings,Individual,Low,Completed,Approved,9,No,
APP02876,C02876,2025-07-15,B010,RM021,Current,Individual,High,Completed,Approved,6,Yes,Risk Assessment
APP02877,C02877,2025-08-08,B003,RM006,Current,Individual,Medium,Completed,Approved,7,No,
APP02878,C02878,2025-10-23,B009,RM018,Savings,Individual,Low,Completed,Approved,9,No,
APP02879,C02879,2025-07-20,B004,RM009,Savings,Individual,Medium,Completed,Approved,6,No,
APP02880,C02880,2025-03-04,B003,RM006,Current,Individual,Low,Pending,Pending,3,No,
APP02881,C02881,2025-06-15,B003,RM006,Savings,Individual,Medium,Completed,Approved,3,No,
APP02882,C02882,2025-12-19,B008,RM016,Current,Individual,Low,Completed,Approved,3,No,
APP02883,C02883,2025-12-30,B010,RM021,Savings,Individual,Low,Completed,Approved,9,No,
APP02884,C02884,2025-08-31,B001,RM001,Savings,Individual,Medium,Completed,Approved,7,No,
APP02885,C02885,2025-07-05,B001,RM002,Savings,Individual,Low,Completed,Approved,9,No,
APP02886,C02886,2025-09-04,B001,RM002,Savings,Individual,Low,Completed,Approved,3,No,
APP02887,C02887,2025-11-06,B002,RM005,Current,Individual,High,Completed,Approved,5,No,
APP02888,C02888,2025-06-03,B005,RM011,Savings,Individual,Low,Completed,Approved,4,No,
APP02889,C02889,2025-02-26,B005,RM011,Current,Individual,Medium,Completed,Approved,7,No,
APP02890,C02890,2025-11-15,B004,RM009,Savings,Individual,Low,Completed,Approved,9,No,
APP02891,C02891,2025-05-24,B005,RM010,Current,Individual,Low,Completed,Approved,3,No,
APP02892,C02892,2025-03-29,B001,RM001,Current,Business,Medium,Completed,Approved,13,Yes,Sanctions Screening
APP02893,C02893,2025-05-27,B003,RM006,Savings,Individual,Low,Completed,Approved,10,No,
APP02894,C02894,2025-10-04,B003,RM006,Current,Individual,Low,Completed,Approved,7,No,
APP02895,C02895,2025-07-27,B007,RM015,Business,Business,Medium,Completed,Approved,8,Yes,Enhanced Due Diligence
APP02896,C02896,2025-01-08,B010,RM021,Savings,Individual,High,Pending,Pending,18,No,
APP02897,C02897,2025-01-20,B010,RM020,Premium,Individual,Medium,Completed,Approved,3,No,
APP02898,C02898,2025-07-26,B009,RM018,Business,Business,High,Pending,Pending,6,No,
APP02899,C02899,2025-01-25,B005,RM010,Premium,Individual,Low,Completed,Approved,2,No,
APP02900,C02900,2025-04-26,B002,RM004,Savings,Individual,Medium,Pending,Pending,11,No,
APP02901,C02901,2025-11-13,B001,RM002,Savings,Individual,Low,Completed,Approved,3,No,
APP02902,C02902,2025-07-20,B004,RM008,Premium,Individual,Medium,Completed,Approved,8,No,
APP02903,C02903,2025-03-19,B005,RM011,Current,Individual,High,Failed,Rejected,5,No,
APP02904,C02904,2025-06-27,B010,RM020,Savings,Individual,Low,Completed,Approved,5,No,
APP02905,C02905,2025-07-17,B002,RM004,Current,Individual,Low,Completed,Approved,5,No,
APP02906,C02906,2025-07-12,B006,RM013,Premium,Individual,Low,Completed,Approved,2,No,
APP02907,C02907,2025-11-13,B009,RM018,Business,Business,Medium,Completed,Approved,2,No,
APP02908,C02908,2025-10-09,B010,RM021,Savings,Individual,Medium,Failed,Rejected,2,No,
APP02909,C02909,2025-07-18,B002,RM004,Premium,Individual,Low,Completed,Approved,19,Yes,KYC Documentation
APP02910,C02910,2025-04-15,B003,RM006,Savings,Individual,Medium,Completed,Approved,9,No,
APP02911,C02911,2025-02-19,B009,RM018,Current,Individual,Low,Completed,Approved,6,No,
APP02912,C02912,2025-03-02,B006,RM013,Savings,Individual,Medium,Completed,Approved,8,No,
APP02913,C02913,2025-07-19,B008,RM016,Premium,Individual,Medium,Completed,Approved,5,No,
APP02914,C02914,2025-12-31,B009,RM018,Current,Individual,Medium,Completed,Approved,2,No,
APP02915,C02915,2025-01-03,B008,RM017,Current,Individual,Low,Completed,Approved,7,No,
APP02916,C02916,2025-11-29,B009,RM018,Business,Business,High,Completed,Approved,20,Yes,Sanctions Screening
APP02917,C02917,2025-01-20,B005,RM010,Current,Individual,High,Completed,Pending,12,No,
APP02918,C02918,2025-08-29,B002,RM005,Current,Business,High,Completed,Approved,9,No,
APP02919,C02919,2025-11-09,B007,RM014,Savings,Individual,Low,Failed,Rejected,7,No,
APP02920,C02920,2025-06-11,B003,RM006,Premium,Individual,Low,Completed,Approved,9,No,
APP02921,C02921,2025-01-08,B003,RM007,Premium,Individual,Medium,Completed,Approved,4,No,
APP02922,C02922,2025-08-22,B009,RM018,Premium,Individual,Medium,Completed,Rejected,2,No,
APP02923,C02923,2025-12-18,B003,RM007,Savings,Individual,Medium,Pending,Pending,2,No,
APP02924,C02924,2025-06-14,B003,RM007,Savings,Individual,Low,Pending,Pending,2,No,
APP02925,C02925,2025-03-02,B004,RM009,Savings,Individual,Low,Pending,Pending,18,No,
APP02926,C02926,2025-06-17,B009,RM018,Business,Business,Medium,Pending,Pending,11,No,
APP02927,C02927,2025-06-02,B003,RM006,Current,Individual,Medium,Completed,Approved,2,No,
APP02928,C02928,2025-10-05,B007,RM015,Business,Business,High,Completed,Approved,4,No,
APP02929,C02929,2025-09-19,B007,RM014,Business,Business,Medium,Completed,Approved,4,No,
APP02930,C02930,2025-06-26,B001,RM002,Savings,Individual,Low,Completed,Approved,4,No,
APP02931,C02931,2025-10-02,B007,RM014,Premium,Individual,Low,Completed,Approved,2,No,
APP02932,C02932,2025-03-01,B001,RM003,Premium,Individual,Low,Completed,Approved,3,No,
APP02933,C02933,2025-08-13,B005,RM010,Premium,Individual,Medium,Completed,Approved,7,No,
APP02934,C02934,2025-01-07,B008,RM016,Current,Individual,High,Completed,Pending,8,Yes,Compliance Review
APP02935,C02935,2025-09-29,B002,RM004,Business,Business,High,Completed,Approved,7,Yes,Enhanced Due Diligence
APP02936,C02936,2025-05-29,B004,RM009,Current,Individual,Medium,Completed,Approved,5,Yes,Risk Assessment
APP02937,C02937,2025-09-10,B002,RM005,Savings,Individual,Medium,Completed,Rejected,7,No,
APP02938,C02938,2025-07-11,B003,RM007,Premium,Business,High,Completed,Approved,5,No,
APP02939,C02939,2025-04-21,B007,RM014,Savings,Individual,Medium,Completed,Approved,4,No,
APP02940,C02940,2025-07-15,B002,RM005,Current,Business,Medium,Completed,Approved,9,No,
APP02941,C02941,2025-04-26,B005,RM011,Current,Business,Medium,Completed,Approved,4,No,
APP02942,C02942,2025-12-12,B006,RM013,Current,Individual,Medium,Completed,Approved,8,No,
APP02943,C02943,2025-01-27,B005,RM010,Savings,Individual,Medium,Completed,Approved,9,No,
APP02944,C02944,2025-02-11,B007,RM014,Savings,Individual,Low,Completed,Approved,5,No,
APP02945,C02945,2025-09-02,B007,RM014,Savings,Individual,Low,Completed,Approved,4,No,
APP02946,C02946,2025-11-27,B001,RM003,Savings,Individual,Medium,Completed,Approved,5,No,
APP02947,C02947,2025-08-09,B010,RM021,Current,Individual,Low,Completed,Approved,6,No,
APP02948,C02948,2025-04-17,B007,RM015,Savings,Individual,Low,Pending,Pending,12,No,
APP02949,C02949,2025-12-14,B003,RM006,Savings,Individual,Medium,Completed,Approved,15,Yes,KYC Documentation
APP02950,C02950,2025-12-21,B007,RM015,Savings,Individual,High,Failed,Rejected,4,No,
APP02951,C02951,2025-07-10,B001,RM001,Business,Business,Medium,Failed,Rejected,6,No,
APP02952,C02952,2025-03-02,B002,RM004,Savings,Individual,Medium,Completed,Approved,3,No,
APP02953,C02953,2025-05-31,B009,RM018,Savings,Individual,Low,Completed,Approved,3,No,
APP02954,C02954,2025-10-01,B009,RM018,Current,Individual,Medium,Completed,Approved,8,No,
APP02955,C02955,2025-04-27,B010,RM020,Premium,Individual,Low,Completed,Approved,5,No,
APP02956,C02956,2025-01-05,B001,RM003,Savings,Individual,Medium,Completed,Approved,5,No,
APP02957,C02957,2025-12-21,B002,RM004,Savings,Individual,Medium,Completed,Approved,8,No,
APP02958,C02958,2025-01-03,B002,RM005,Business,Business,High,Completed,Approved,4,No,
APP02959,C02959,2025-09-11,B001,RM001,Current,Individual,Medium,Completed,Pending,12,Yes,Risk Assessment
APP02960,C02960,2025-10-07,B009,RM018,Current,Individual,Medium,Pending,Pending,13,No,
APP02961,C02961,2025-08-08,B008,RM017,Business,Business,Medium,Completed,Approved,4,No,
APP02962,C02962,2025-07-19,B009,RM019,Savings,Individual,Medium,Completed,Approved,10,No,
APP02963,C02963,2025-11-07,B010,RM021,Savings,Individual,Medium,Completed,Approved,2,No,
APP02964,C02964,2025-07-02,B009,RM018,Savings,Individual,Low,Completed,Approved,2,No,
APP02965,C02965,2025-10-12,B010,RM020,Savings,Individual,Low,Completed,Approved,5,No,
APP02966,C02966,2025-01-23,B008,RM016,Current,Individual,Low,Completed,Approved,10,Yes,Sanctions Screening
APP02967,C02967,2025-05-31,B001,RM003,Business,Business,High,Completed,Approved,16,Yes,Risk Assessment
APP02968,C02968,2025-02-20,B009,RM018,Savings,Individual,Low,Completed,Approved,2,No,
APP02969,C02969,2025-10-16,B004,RM009,Savings,Individual,Medium,Completed,Approved,8,No,
APP02970,C02970,2025-04-07,B007,RM015,Business,Business,Medium,Completed,Rejected,3,No,
APP02971,C02971,2025-09-16,B001,RM001,Savings,Individual,Medium,Completed,Approved,17,Yes,KYC Documentation
APP02972,C02972,2025-01-06,B002,RM005,Business,Business,Medium,Completed,Pending,7,No,
APP02973,C02973,2025-03-23,B002,RM005,Savings,Individual,Low,Completed,Approved,10,Yes,Risk Assessment
APP02974,C02974,2025-07-09,B001,RM002,Business,Business,Medium,Completed,Approved,10,No,
APP02975,C02975,2025-01-12,B003,RM007,Current,Individual,Medium,Completed,Approved,4,No,
APP02976,C02976,2025-03-22,B010,RM021,Current,Business,High,Completed,Approved,19,Yes,Sanctions Screening
APP02977,C02977,2025-11-06,B002,RM005,Savings,Individual,Low,Completed,Approved,2,No,
APP02978,C02978,2025-09-29,B003,RM007,Savings,Individual,Low,Completed,Approved,10,No,
APP02979,C02979,2025-06-27,B007,RM014,Current,Individual,Medium,Pending,Pending,9,No,
APP02980,C02980,2025-05-12,B006,RM013,Current,Individual,High,Pending,Pending,15,No,
APP02981,C02981,2025-10-10,B005,RM011,Savings,Individual,Low,Completed,Approved,6,No,
APP02982,C02982,2025-10-01,B007,RM014,Savings,Individual,High,Completed,Rejected,4,No,
APP02983,C02983,2025-10-04,B002,RM005,Current,Individual,Medium,Completed,Pending,9,No,
APP02984,C02984,2025-07-18,B004,RM009,Savings,Individual,Low,Completed,Approved,10,No,
APP02985,C02985,2025-12-19,B007,RM014,Savings,Individual,Low,Completed,Approved,8,No,
APP02986,C02986,2025-06-02,B001,RM003,Savings,Individual,Medium,Completed,Approved,9,No,
APP02987,C02987,2025-11-22,B008,RM017,Current,Individual,Low,Completed,Approved,9,No,
APP02988,C02988,2025-10-12,B009,RM019,Savings,Individual,Low,Completed,Approved,4,No,
APP02989,C02989,2025-11-25,B004,RM009,Savings,Individual,Medium,Completed,Approved,9,No,
APP02990,C02990,2025-02-24,B009,RM018,Savings,Individual,Medium,Completed,Approved,10,No,
APP02991,C02991,2025-09-12,B006,RM012,Current,Individual,Low,Completed,Approved,7,No,
APP02992,C02992,2025-09-07,B007,RM014,Current,Individual,Low,Completed,Approved,9,No,
APP02993,C02993,2025-04-13,B001,RM002,Current,Individual,Medium,Completed,Approved,3,No,
APP02994,C02994,2025-09-02,B004,RM008,Current,Individual,Low,Completed,Approved,9,No,
APP02995,C02995,2025-11-01,B009,RM018,Premium,Individual,Low,Completed,Approved,5,No,
APP02996,C02996,2025-02-26,B007,RM015,Savings,Individual,Medium,Completed,Approved,2,No,
APP02997,C02997,2025-06-30,B005,RM011,Premium,Individual,Medium,Completed,Approved,4,No,
APP02998,C02998,2025-01-17,B001,RM003,Business,Business,Medium,Completed,Pending,19,No,
APP02999,C02999,2025-09-24,B009,RM018,Savings,Individual,Medium,Completed,Approved,2,No,
APP03000,C03000,2025-02-28,B006,RM013,Current,Individual,Medium,Completed,Approved,8,No,
APP03001,C03001,2025-03-13,B006,RM012,Current,Business,Medium,Completed,Approved,7,No,
APP03002,C03002,2025-08-07,B006,RM013,Premium,Individual,Low,Completed,Approved,6,No,
APP03003,C03003,2025-03-18,B009,RM019,Current,Individual,Low,Completed,Approved,9,No,
APP03004,C03004,2025-03-31,B004,RM008,Current,Individual,Low,Completed,Approved,9,No,
APP03005,C03005,2025-03-24,B002,RM005,Savings,Individual,Low,Completed,Approved,6,No,
APP03006,C03006,2025-01-23,B008,RM016,Business,Business,Medium,Completed,Approved,13,Yes,KYC Documentation
APP03007,C03007,2025-02-23,B002,RM005,Current,Individual,Medium,Completed,Approved,5,No,
APP03008,C03008,2025-10-13,B002,RM004,Savings,Individual,Low,Completed,Approved,5,No,
APP03009,C03009,2025-11-12,B001,RM002,Current,Business,Medium,Completed,Approved,10,No,
APP03010,C03010,2025-07-19,B005,RM011,Savings,Individual,High,Completed,Rejected,5,No,
APP03011,C03011,2025-11-29,B002,RM005,Savings,Individual,Low,Completed,Approved,8,No,
APP03012,C03012,2025-02-14,B004,RM008,Current,Individual,Low,Completed,Approved,6,No,
APP03013,C03013,2025-11-25,B005,RM011,Current,Business,High,Completed,Approved,9,No,
APP03014,C03014,2025-11-30,B007,RM015,Savings,Individual,Medium,Pending,Pending,10,No,
APP03015,C03015,2025-10-24,B008,RM016,Savings,Individual,Low,Completed,Approved,7,No,
APP03016,C03016,2025-01-03,B001,RM001,Business,Business,High,Completed,Pending,9,Yes,Risk Assessment
APP03017,C03017,2025-08-08,B010,RM020,Premium,Individual,Medium,Completed,Approved,2,No,
APP03018,C03018,2025-10-27,B003,RM006,Savings,Individual,Low,Completed,Approved,2,No,
APP03019,C03019,2025-10-18,B007,RM014,Premium,Individual,Low,Pending,Pending,3,No,
APP03020,C03020,2025-01-04,B007,RM014,Current,Individual,Low,Completed,Approved,7,No,
APP03021,C03021,2025-06-08,B005,RM010,Savings,Individual,Low,Completed,Approved,2,No,
APP03022,C03022,2025-01-28,B006,RM013,Current,Business,Medium,Completed,Approved,8,No,
APP03023,C03023,2025-03-08,B007,RM015,Savings,Individual,Medium,Completed,Approved,4,No,
APP03024,C03024,2025-01-03,B002,RM004,Savings,Individual,Medium,Pending,Pending,11,No,
APP03025,C03025,2025-04-03,B002,RM004,Business,Business,Medium,Completed,Approved,19,Yes,Risk Assessment
APP03026,C03026,2025-12-18,B009,RM019,Current,Individual,Low,Pending,Pending,7,No,
APP03027,C03027,2025-01-29,B004,RM008,Current,Business,Medium,Completed,Approved,8,No,
APP03028,C03028,2025-07-23,B006,RM012,Savings,Individual,Low,Completed,Approved,3,No,
APP03029,C03029,2025-01-24,B004,RM009,Business,Business,High,Completed,Approved,17,Yes,Sanctions Screening
APP03030,C03030,2025-02-03,B009,RM018,Savings,Individual,Medium,Pending,Pending,16,No,
APP03031,C03031,2025-02-17,B004,RM008,Business,Business,Medium,Completed,Approved,4,No,
APP03032,C03032,2025-07-03,B007,RM014,Business,Business,Medium,Completed,Pending,9,Yes,Enhanced Due Diligence
APP03033,C03033,2025-08-23,B004,RM008,Current,Individual,Low,Failed,Rejected,4,No,
APP03034,C03034,2025-05-06,B001,RM002,Savings,Individual,Medium,Completed,Approved,8,No,
APP03035,C03035,2025-06-23,B010,RM021,Premium,Individual,Medium,Completed,Approved,7,No,
APP03036,C03036,2025-02-01,B002,RM005,Premium,Business,Medium,Pending,Pending,7,No,
APP03037,C03037,2025-05-26,B003,RM007,Savings,Individual,Low,Completed,Approved,3,No,
APP03038,C03038,2025-02-11,B010,RM020,Savings,Individual,Low,Failed,Rejected,2,No,
APP03039,C03039,2025-03-22,B006,RM013,Current,Individual,Low,Completed,Approved,5,No,
APP03040,C03040,2025-10-09,B009,RM018,Savings,Individual,Low,Completed,Approved,10,No,
APP03041,C03041,2025-09-10,B001,RM002,Current,Business,Medium,Pending,Pending,19,No,
APP03042,C03042,2025-04-06,B003,RM007,Savings,Individual,Medium,Completed,Approved,7,No,
APP03043,C03043,2025-03-25,B004,RM009,Premium,Individual,Low,Pending,Pending,17,No,
APP03044,C03044,2025-03-26,B006,RM012,Premium,Individual,Low,Completed,Approved,17,Yes,Compliance Review
APP03045,C03045,2025-05-21,B004,RM009,Current,Individual,Low,Completed,Approved,9,Yes,Risk Assessment
APP03046,C03046,2025-11-05,B003,RM006,Business,Business,Medium,Failed,Rejected,5,No,
APP03047,C03047,2025-12-27,B002,RM004,Premium,Individual,Low,Completed,Approved,5,No,
APP03048,C03048,2025-03-16,B002,RM004,Current,Individual,Medium,Completed,Approved,10,No,
APP03049,C03049,2025-08-08,B008,RM016,Savings,Individual,Low,Pending,Pending,16,No,
APP03050,C03050,2025-12-21,B010,RM020,Premium,Individual,Medium,Completed,Approved,6,No,
APP03051,C03051,2025-08-30,B001,RM002,Business,Business,Medium,Pending,Pending,5,No,
APP03052,C03052,2025-05-15,B009,RM019,Premium,Individual,Low,Completed,Approved,9,No,
APP03053,C03053,2025-03-18,B009,RM019,Savings,Individual,Medium,Completed,Approved,5,No,
APP03054,C03054,2025-12-05,B007,RM014,Current,Business,Medium,Completed,Approved,18,Yes,Risk Assessment
APP03055,C03055,2025-08-19,B003,RM007,Savings,Individual,Medium,Completed,Approved,2,No,
APP03056,C03056,2025-01-17,B010,RM021,Current,Individual,Low,Completed,Approved,4,No,
APP03057,C03057,2025-11-11,B003,RM006,Savings,Individual,Low,Completed,Approved,8,No,
APP03058,C03058,2025-11-22,B005,RM011,Savings,Individual,High,Completed,Approved,18,Yes,Sanctions Screening
APP03059,C03059,2025-07-02,B002,RM004,Premium,Individual,Low,Completed,Approved,2,No,
APP03060,C03060,2025-04-03,B010,RM020,Savings,Individual,Medium,Completed,Approved,7,No,
APP03061,C03061,2025-08-29,B008,RM017,Savings,Individual,Medium,Completed,Approved,10,No,
APP03062,C03062,2025-05-14,B010,RM020,Current,Individual,Low,Completed,Approved,8,No,
APP03063,C03063,2025-06-29,B004,RM009,Current,Individual,Low,Pending,Pending,5,No,
APP03064,C03064,2025-04-25,B004,RM008,Savings,Individual,Low,Completed,Approved,9,No,
APP03065,C03065,2025-12-21,B004,RM009,Savings,Individual,Medium,Completed,Approved,5,No,
APP03066,C03066,2025-02-06,B003,RM007,Premium,Business,High,Failed,Rejected,3,No,
APP03067,C03067,2025-10-30,B007,RM014,Savings,Individual,Medium,Completed,Approved,9,No,
APP03068,C03068,2025-10-04,B006,RM013,Savings,Individual,Medium,Completed,Approved,7,No,
APP03069,C03069,2025-11-14,B008,RM017,Savings,Individual,Low,Completed,Rejected,7,No,
APP03070,C03070,2025-03-05,B004,RM009,Savings,Individual,Medium,Completed,Approved,3,No,
APP03071,C03071,2025-04-04,B007,RM015,Savings,Individual,Low,Completed,Approved,10,No,
APP03072,C03072,2025-02-10,B005,RM010,Savings,Individual,High,Completed,Approved,10,No,
APP03073,C03073,2025-09-16,B007,RM015,Business,Business,High,Completed,Approved,9,No,
APP03074,C03074,2025-01-27,B005,RM011,Savings,Individual,Medium,Completed,Approved,2,No,
APP03075,C03075,2025-11-15,B002,RM005,Savings,Individual,Medium,Completed,Approved,8,No,
APP03076,C03076,2025-03-08,B008,RM017,Savings,Individual,High,Completed,Approved,4,No,
APP03077,C03077,2025-05-11,B009,RM019,Savings,Individual,Low,Completed,Approved,5,No,
APP03078,C03078,2025-03-08,B005,RM011,Current,Individual,Low,Completed,Approved,9,No,
APP03079,C03079,2025-11-07,B008,RM016,Current,Individual,Medium,Completed,Approved,9,No,
APP03080,C03080,2025-09-20,B004,RM008,Current,Individual,Low,Completed,Approved,5,No,
APP03081,C03081,2025-08-14,B008,RM016,Business,Business,Medium,Completed,Approved,7,No,
APP03082,C03082,2025-03-25,B001,RM003,Savings,Individual,Low,Completed,Approved,8,No,
APP03083,C03083,2025-04-10,B003,RM006,Savings,Individual,High,Completed,Pending,14,No,
APP03084,C03084,2025-07-05,B001,RM003,Current,Individual,Medium,Completed,Approved,10,No,
APP03085,C03085,2025-12-11,B008,RM016,Current,Individual,Low,Completed,Approved,4,No,
APP03086,C03086,2025-09-27,B009,RM019,Savings,Individual,Medium,Completed,Approved,2,No,
APP03087,C03087,2025-02-21,B006,RM012,Savings,Individual,Medium,Completed,Approved,7,No,
APP03088,C03088,2025-03-26,B004,RM009,Current,Individual,Low,Completed,Approved,10,No,
APP03089,C03089,2025-09-10,B002,RM004,Savings,Individual,Low,Pending,Pending,12,No,
APP03090,C03090,2025-11-26,B008,RM016,Savings,Individual,Low,Completed,Pending,7,No,
APP03091,C03091,2025-11-28,B005,RM010,Business,Business,High,Completed,Approved,5,No,
APP03092,C03092,2025-11-25,B004,RM008,Savings,Individual,Low,Completed,Approved,3,No,
APP03093,C03093,2025-11-12,B004,RM009,Premium,Individual,Low,Completed,Approved,8,No,
APP03094,C03094,2025-07-04,B008,RM017,Savings,Individual,Low,Completed,Approved,2,No,
APP03095,C03095,2025-01-23,B003,RM007,Savings,Individual,Low,Completed,Approved,7,No,
APP03096,C03096,2025-09-25,B010,RM020,Current,Individual,Medium,Completed,Approved,2,No,
APP03097,C03097,2025-01-03,B006,RM012,Savings,Individual,Low,Completed,Pending,12,No,
APP03098,C03098,2025-09-20,B004,RM009,Current,Individual,Low,Pending,Pending,2,No,
APP03099,C03099,2025-11-29,B001,RM003,Current,Individual,High,Completed,Approved,5,Yes,Sanctions Screening
APP03100,C03100,2025-06-19,B005,RM010,Business,Business,Medium,Pending,Pending,16,No,
APP03101,C03101,2025-07-16,B009,RM018,Savings,Individual,Low,Failed,Rejected,3,No,
APP03102,C03102,2025-03-29,B007,RM014,Current,Individual,Low,Completed,Approved,4,No,
APP03103,C03103,2025-12-29,B001,RM001,Savings,Individual,Low,Pending,Pending,16,No,
APP03104,C03104,2025-05-27,B010,RM021,Current,Individual,Low,Completed,Approved,4,No,
APP03105,C03105,2025-07-22,B007,RM015,Savings,Individual,Medium,Pending,Pending,20,No,
APP03106,C03106,2025-09-01,B001,RM002,Savings,Individual,Medium,Completed,Approved,16,Yes,Risk Assessment
APP03107,C03107,2025-03-25,B003,RM006,Savings,Individual,Medium,Completed,Approved,9,No,
APP03108,C03108,2025-03-10,B004,RM008,Premium,Individual,Low,Completed,Approved,11,Yes,KYC Documentation
APP03109,C03109,2025-02-19,B010,RM020,Savings,Individual,Low,Completed,Approved,6,No,
APP03110,C03110,2025-02-28,B006,RM013,Business,Business,Medium,Completed,Approved,7,No,
APP03111,C03111,2025-12-14,B005,RM011,Savings,Individual,High,Completed,Pending,17,No,
APP03112,C03112,2025-04-01,B001,RM003,Current,Individual,Low,Completed,Approved,2,No,
APP03113,C03113,2025-10-22,B007,RM015,Savings,Individual,Low,Pending,Pending,5,No,
APP03114,C03114,2025-09-10,B004,RM008,Premium,Individual,Low,Completed,Approved,9,No,
APP03115,C03115,2025-04-28,B001,RM003,Premium,Individual,Medium,Completed,Approved,9,No,
APP03116,C03116,2025-01-31,B009,RM018,Premium,Individual,Medium,Completed,Pending,16,Yes,Sanctions Screening
APP03117,C03117,2025-02-15,B010,RM020,Savings,Individual,Low,Completed,Approved,5,No,
APP03118,C03118,2025-02-15,B009,RM018,Savings,Individual,Low,Completed,Approved,2,No,
APP03119,C03119,2025-09-02,B009,RM018,Savings,Individual,Medium,Completed,Approved,7,No,
APP03120,C03120,2025-08-01,B006,RM013,Current,Individual,Medium,Completed,Approved,8,No,
APP03121,C03121,2025-08-24,B010,RM021,Business,Business,Medium,Completed,Rejected,7,No,
APP03122,C03122,2025-06-20,B002,RM005,Business,Business,Medium,Completed,Approved,2,No,
APP03123,C03123,2025-02-11,B007,RM015,Current,Individual,High,Completed,Approved,15,Yes,Risk Assessment
APP03124,C03124,2025-08-21,B003,RM006,Savings,Individual,Low,Completed,Approved,8,No,
APP03125,C03125,2025-07-05,B005,RM011,Premium,Individual,Low,Completed,Approved,9,No,
APP03126,C03126,2025-09-03,B005,RM011,Current,Individual,Low,Failed,Rejected,2,No,
APP03127,C03127,2025-01-31,B001,RM003,Current,Business,Medium,Completed,Approved,2,No,
APP03128,C03128,2025-03-19,B006,RM012,Savings,Individual,Medium,Completed,Approved,18,Yes,Risk Assessment
APP03129,C03129,2025-12-26,B004,RM008,Premium,Individual,Low,Completed,Approved,2,No,
APP03130,C03130,2025-08-03,B001,RM003,Current,Individual,Medium,Completed,Pending,15,No,
APP03131,C03131,2025-04-23,B004,RM009,Savings,Individual,Medium,Pending,Pending,15,No,
APP03132,C03132,2025-04-23,B007,RM015,Savings,Individual,Low,Completed,Approved,6,No,
APP03133,C03133,2025-03-26,B005,RM011,Current,Individual,Medium,Completed,Rejected,7,Yes,KYC Documentation
APP03134,C03134,2025-11-22,B009,RM019,Current,Individual,High,Pending,Pending,14,No,
APP03135,C03135,2025-03-18,B006,RM012,Premium,Individual,Low,Completed,Pending,17,Yes,Sanctions Screening
APP03136,C03136,2025-02-27,B004,RM008,Premium,Business,High,Completed,Approved,6,Yes,Enhanced Due Diligence
APP03137,C03137,2025-08-10,B007,RM014,Current,Individual,High,Completed,Approved,8,No,
APP03138,C03138,2025-08-24,B003,RM006,Current,Individual,Low,Completed,Approved,3,No,
APP03139,C03139,2025-08-24,B007,RM015,Savings,Individual,Low,Completed,Approved,9,No,
APP03140,C03140,2025-08-15,B010,RM020,Savings,Individual,Low,Completed,Approved,6,No,
APP03141,C03141,2025-07-31,B010,RM020,Current,Individual,Medium,Completed,Approved,2,No,
APP03142,C03142,2025-10-09,B009,RM019,Current,Business,High,Completed,Pending,9,No,
APP03143,C03143,2025-03-18,B009,RM019,Premium,Individual,Low,Completed,Approved,10,No,
APP03144,C03144,2025-12-09,B005,RM010,Premium,Individual,Low,Completed,Approved,9,No,
APP03145,C03145,2025-08-20,B010,RM021,Premium,Individual,Medium,Pending,Pending,18,No,
APP03146,C03146,2025-09-18,B003,RM006,Premium,Individual,Medium,Pending,Pending,5,No,
APP03147,C03147,2025-05-12,B008,RM016,Savings,Individual,Low,Completed,Approved,10,No,
APP03148,C03148,2025-07-20,B004,RM008,Premium,Individual,Low,Completed,Approved,6,No,
APP03149,C03149,2025-09-15,B001,RM003,Business,Business,Medium,Completed,Approved,2,No,
APP03150,C03150,2025-10-19,B008,RM017,Premium,Individual,Medium,Completed,Approved,20,Yes,KYC Documentation
APP03151,C03151,2025-06-20,B003,RM007,Current,Individual,Low,Completed,Approved,5,No,
APP03152,C03152,2025-04-21,B003,RM007,Savings,Individual,Medium,Completed,Approved,3,No,
APP03153,C03153,2025-02-03,B007,RM015,Savings,Individual,High,Pending,Pending,13,No,
APP03154,C03154,2025-08-17,B003,RM007,Current,Individual,Low,Completed,Approved,2,No,
APP03155,C03155,2025-10-02,B001,RM001,Premium,Business,High,Completed,Rejected,8,No,
APP03156,C03156,2025-07-27,B008,RM017,Business,Business,Medium,Completed,Approved,3,No,
APP03157,C03157,2025-11-25,B009,RM018,Current,Individual,Medium,Completed,Approved,6,Yes,Risk Assessment
APP03158,C03158,2025-10-18,B005,RM011,Premium,Individual,Low,Completed,Approved,5,No,
APP03159,C03159,2025-12-05,B006,RM013,Savings,Individual,Medium,Completed,Approved,5,No,
APP03160,C03160,2025-08-29,B007,RM014,Current,Business,Medium,Failed,Rejected,2,No,
APP03161,C03161,2025-04-25,B006,RM013,Current,Individual,Low,Completed,Approved,7,No,
APP03162,C03162,2025-02-24,B006,RM013,Premium,Individual,Low,Completed,Approved,5,Yes,Enhanced Due Diligence
APP03163,C03163,2025-01-14,B004,RM008,Current,Individual,Low,Completed,Approved,8,No,
APP03164,C03164,2025-06-06,B005,RM011,Current,Individual,Medium,Completed,Approved,10,No,
APP03165,C03165,2025-02-03,B007,RM014,Business,Business,Medium,Completed,Approved,6,No,
APP03166,C03166,2025-03-21,B002,RM004,Current,Individual,Low,Completed,Approved,3,No,
APP03167,C03167,2025-11-15,B008,RM016,Current,Individual,Medium,Failed,Rejected,3,No,
APP03168,C03168,2025-08-11,B003,RM006,Savings,Individual,Medium,Completed,Approved,10,No,
APP03169,C03169,2025-08-07,B010,RM021,Savings,Individual,Low,Pending,Pending,2,No,
APP03170,C03170,2025-11-24,B002,RM004,Savings,Individual,Medium,Completed,Approved,6,No,
APP03171,C03171,2025-06-07,B006,RM012,Current,Business,Medium,Pending,Pending,14,No,
APP03172,C03172,2025-11-24,B001,RM003,Current,Individual,Medium,Completed,Approved,9,No,
APP03173,C03173,2025-08-27,B005,RM011,Current,Individual,Low,Completed,Approved,2,No,
APP03174,C03174,2025-07-29,B009,RM018,Current,Individual,Medium,Pending,Pending,16,No,
APP03175,C03175,2025-01-26,B003,RM007,Current,Individual,Low,Completed,Approved,16,Yes,Risk Assessment
APP03176,C03176,2025-10-11,B005,RM011,Current,Individual,Medium,Completed,Approved,9,No,
APP03177,C03177,2025-09-06,B003,RM007,Business,Business,Medium,Completed,Approved,9,No,
APP03178,C03178,2025-04-01,B007,RM015,Premium,Individual,Low,Completed,Approved,11,Yes,Enhanced Due Diligence
APP03179,C03179,2025-02-12,B004,RM008,Savings,Individual,Low,Completed,Approved,8,No,
APP03180,C03180,2025-02-17,B009,RM018,Business,Business,High,Completed,Approved,4,No,
APP03181,C03181,2025-03-19,B010,RM021,Business,Business,Medium,Completed,Approved,9,No,
APP03182,C03182,2025-08-03,B010,RM020,Premium,Individual,Medium,Completed,Approved,7,No,
APP03183,C03183,2025-09-17,B004,RM009,Premium,Individual,Low,Pending,Pending,6,No,
APP03184,C03184,2025-07-05,B009,RM019,Business,Business,Medium,Completed,Approved,4,No,
APP03185,C03185,2025-07-26,B002,RM005,Current,Individual,Low,Completed,Approved,4,No,
APP03186,C03186,2025-03-16,B003,RM007,Current,Individual,Low,Completed,Approved,9,No,
APP03187,C03187,2025-01-29,B005,RM010,Current,Individual,Low,Completed,Approved,4,No,
APP03188,C03188,2025-08-05,B003,RM006,Premium,Individual,Medium,Completed,Approved,7,No,
APP03189,C03189,2025-07-09,B002,RM005,Business,Business,Medium,Completed,Approved,4,No,
APP03190,C03190,2025-02-16,B007,RM014,Savings,Individual,Medium,Completed,Approved,7,No,
APP03191,C03191,2025-11-28,B001,RM002,Current,Individual,Low,Completed,Approved,3,No,
APP03192,C03192,2025-12-11,B001,RM001,Savings,Individual,Low,Pending,Pending,4,No,
APP03193,C03193,2025-04-18,B009,RM019,Savings,Individual,Medium,Completed,Approved,7,No,
APP03194,C03194,2025-05-08,B007,RM014,Savings,Individual,Low,Completed,Approved,2,No,
APP03195,C03195,2025-09-16,B001,RM002,Current,Individual,Medium,Completed,Approved,9,No,
APP03196,C03196,2025-06-13,B003,RM006,Current,Individual,Low,Pending,Pending,11,No,
APP03197,C03197,2025-03-18,B010,RM021,Business,Business,Medium,Completed,Approved,5,No,
APP03198,C03198,2025-05-09,B010,RM020,Current,Individual,Low,Completed,Approved,7,No,
APP03199,C03199,2025-09-05,B010,RM021,Premium,Individual,Low,Completed,Approved,8,No,
APP03200,C03200,2025-03-26,B008,RM016,Savings,Individual,Medium,Completed,Pending,16,No,
APP03201,C03201,2025-01-10,B005,RM011,Premium,Individual,Low,Completed,Approved,7,No,
APP03202,C03202,2025-06-16,B002,RM004,Premium,Individual,Low,Completed,Pending,10,Yes,Compliance Review
APP03203,C03203,2025-11-10,B006,RM013,Current,Individual,Low,Pending,Pending,2,No,
APP03204,C03204,2025-09-01,B007,RM014,Current,Individual,Low,Completed,Approved,4,No,
APP03205,C03205,2025-07-07,B010,RM021,Business,Business,Medium,Completed,Approved,5,No,
APP03206,C03206,2025-08-20,B002,RM005,Savings,Individual,Medium,Completed,Approved,7,No,
APP03207,C03207,2025-09-17,B008,RM016,Business,Business,Medium,Failed,Rejected,7,No,
APP03208,C03208,2025-04-22,B002,RM004,Savings,Individual,Low,Completed,Approved,10,No,
APP03209,C03209,2025-03-10,B004,RM008,Current,Individual,Low,Completed,Approved,5,No,
APP03210,C03210,2025-12-28,B009,RM019,Savings,Individual,Low,Completed,Rejected,4,No,
APP03211,C03211,2025-01-11,B010,RM020,Savings,Individual,Low,Completed,Approved,9,No,
APP03212,C03212,2025-01-13,B006,RM012,Premium,Individual,Medium,Failed,Rejected,3,No,
APP03213,C03213,2025-06-03,B008,RM017,Current,Individual,Low,Completed,Approved,9,No,
APP03214,C03214,2025-09-02,B009,RM018,Premium,Individual,Low,Pending,Pending,13,No,
APP03215,C03215,2025-12-24,B007,RM015,Current,Individual,Medium,Completed,Approved,9,No,
APP03216,C03216,2025-02-15,B009,RM019,Savings,Individual,Medium,Completed,Approved,10,No,
APP03217,C03217,2025-08-30,B004,RM008,Savings,Individual,Low,Completed,Approved,15,Yes,Risk Assessment
APP03218,C03218,2025-05-08,B001,RM003,Savings,Individual,Low,Completed,Approved,3,No,
APP03219,C03219,2025-04-01,B004,RM009,Savings,Individual,Low,Completed,Approved,8,No,
APP03220,C03220,2025-06-19,B003,RM007,Current,Business,Medium,Completed,Approved,9,No,
APP03221,C03221,2025-07-19,B003,RM006,Savings,Individual,Medium,Completed,Approved,7,No,
APP03222,C03222,2025-07-16,B003,RM006,Savings,Individual,High,Completed,Approved,11,Yes,Enhanced Due Diligence
APP03223,C03223,2025-05-24,B006,RM013,Savings,Individual,Medium,Completed,Approved,4,No,
APP03224,C03224,2025-10-29,B001,RM003,Savings,Individual,Low,Completed,Approved,10,No,
APP03225,C03225,2025-01-30,B004,RM008,Savings,Individual,Low,Completed,Approved,8,No,
APP03226,C03226,2025-01-23,B008,RM016,Savings,Individual,Medium,Pending,Pending,14,No,
APP03227,C03227,2025-10-19,B003,RM006,Current,Business,High,Completed,Approved,6,No,
APP03228,C03228,2025-06-24,B004,RM009,Current,Individual,Medium,Completed,Approved,10,No,
APP03229,C03229,2025-04-13,B005,RM011,Current,Business,Medium,Completed,Approved,8,No,
APP03230,C03230,2025-03-16,B003,RM006,Premium,Individual,Low,Failed,Rejected,6,No,
APP03231,C03231,2025-07-13,B009,RM019,Premium,Individual,Low,Completed,Approved,7,No,
APP03232,C03232,2025-12-25,B001,RM002,Premium,Business,High,Completed,Pending,12,No,
APP03233,C03233,2025-08-04,B010,RM021,Savings,Individual,Low,Completed,Approved,7,No,
APP03234,C03234,2025-11-30,B001,RM002,Current,Individual,Low,Pending,Pending,14,No,
APP03235,C03235,2025-04-01,B001,RM003,Savings,Individual,Low,Completed,Pending,14,Yes,Sanctions Screening
APP03236,C03236,2025-02-07,B007,RM015,Savings,Individual,Low,Completed,Approved,10,No,
APP03237,C03237,2025-11-11,B001,RM002,Current,Individual,Low,Completed,Approved,10,No,
APP03238,C03238,2025-09-21,B007,RM014,Current,Individual,Medium,Completed,Approved,2,No,
APP03239,C03239,2025-09-26,B010,RM021,Business,Business,Medium,Completed,Approved,3,No,
APP03240,C03240,2025-05-25,B010,RM020,Premium,Individual,Low,Completed,Pending,17,No,
APP03241,C03241,2025-01-14,B002,RM004,Current,Individual,Medium,Completed,Approved,10,No,
APP03242,C03242,2025-11-29,B006,RM013,Current,Individual,Medium,Completed,Approved,6,No,
APP03243,C03243,2025-05-20,B007,RM015,Savings,Individual,Low,Completed,Approved,3,No,
APP03244,C03244,2025-04-12,B003,RM006,Savings,Individual,Low,Completed,Approved,9,No,
APP03245,C03245,2025-09-11,B002,RM004,Current,Individual,Low,Completed,Approved,5,No,
APP03246,C03246,2025-02-07,B002,RM005,Savings,Individual,Low,Completed,Approved,2,No,
APP03247,C03247,2025-06-05,B010,RM020,Savings,Individual,Low,Completed,Approved,2,No,
APP03248,C03248,2025-10-30,B003,RM007,Savings,Individual,High,Failed,Rejected,6,No,
APP03249,C03249,2025-09-07,B009,RM019,Savings,Individual,Medium,Completed,Approved,6,No,
APP03250,C03250,2025-04-01,B001,RM001,Current,Individual,Low,Completed,Approved,2,No,
APP03251,C03251,2025-02-03,B002,RM004,Savings,Individual,Low,Completed,Approved,9,No,
APP03252,C03252,2025-03-27,B010,RM021,Savings,Individual,Low,Completed,Approved,5,No,
APP03253,C03253,2025-02-23,B009,RM019,Savings,Individual,Medium,Completed,Approved,9,No,
APP03254,C03254,2025-06-08,B004,RM009,Savings,Individual,Medium,Completed,Approved,5,No,
APP03255,C03255,2025-02-24,B002,RM004,Business,Business,Medium,Completed,Approved,2,No,
APP03256,C03256,2025-06-07,B007,RM014,Business,Business,Medium,Completed,Approved,7,No,
APP03257,C03257,2025-09-27,B007,RM015,Current,Individual,Medium,Completed,Rejected,15,Yes,Enhanced Due Diligence
APP03258,C03258,2025-11-09,B006,RM013,Savings,Individual,Medium,Completed,Approved,13,Yes,Enhanced Due Diligence
APP03259,C03259,2025-03-01,B007,RM015,Savings,Individual,Low,Completed,Approved,8,No,
APP03260,C03260,2025-02-15,B005,RM011,Current,Individual,High,Completed,Approved,7,No,
APP03261,C03261,2025-04-26,B003,RM007,Savings,Individual,Low,Completed,Approved,7,Yes,Compliance Review
APP03262,C03262,2025-08-24,B005,RM011,Business,Business,Medium,Completed,Approved,3,No,
APP03263,C03263,2025-04-26,B007,RM015,Savings,Individual,High,Completed,Approved,10,No,
APP03264,C03264,2025-11-30,B008,RM017,Premium,Individual,Medium,Completed,Approved,2,No,
APP03265,C03265,2025-04-01,B005,RM011,Current,Business,Medium,Completed,Pending,7,No,
APP03266,C03266,2025-11-02,B006,RM012,Business,Business,Medium,Completed,Approved,13,Yes,Compliance Review
APP03267,C03267,2025-07-18,B005,RM011,Savings,Individual,Medium,Completed,Rejected,17,Yes,Risk Assessment
APP03268,C03268,2025-01-19,B002,RM005,Current,Individual,Low,Pending,Pending,16,No,
APP03269,C03269,2025-03-15,B005,RM010,Premium,Individual,Low,Pending,Pending,6,No,
APP03270,C03270,2025-01-19,B005,RM010,Business,Business,Medium,Completed,Approved,10,No,
APP03271,C03271,2025-01-04,B007,RM014,Savings,Individual,Medium,Completed,Approved,7,No,
APP03272,C03272,2025-04-28,B004,RM009,Current,Individual,Medium,Completed,Approved,8,No,
APP03273,C03273,2025-12-30,B001,RM002,Current,Individual,Medium,Completed,Rejected,2,No,
APP03274,C03274,2025-06-09,B001,RM003,Savings,Individual,Low,Completed,Approved,3,No,
APP03275,C03275,2025-09-06,B006,RM013,Current,Business,High,Completed,Approved,3,No,
APP03276,C03276,2025-06-23,B001,RM003,Savings,Individual,Low,Completed,Approved,8,No,
APP03277,C03277,2025-08-15,B008,RM016,Savings,Individual,Low,Completed,Pending,9,No,
APP03278,C03278,2025-05-31,B005,RM011,Savings,Individual,Low,Failed,Rejected,5,No,
APP03279,C03279,2025-06-08,B010,RM021,Savings,Individual,Low,Completed,Approved,8,No,
APP03280,C03280,2025-08-01,B010,RM020,Current,Individual,Low,Completed,Approved,8,No,
APP03281,C03281,2025-04-26,B006,RM012,Premium,Individual,Medium,Completed,Pending,20,No,
APP03282,C03282,2025-05-23,B008,RM016,Savings,Individual,Low,Completed,Approved,10,No,
APP03283,C03283,2025-01-10,B001,RM003,Premium,Business,Medium,Completed,Rejected,8,Yes,Sanctions Screening
APP03284,C03284,2025-07-20,B009,RM019,Savings,Individual,High,Completed,Approved,3,No,
APP03285,C03285,2025-06-08,B006,RM013,Premium,Individual,Medium,Completed,Approved,8,No,
APP03286,C03286,2025-07-05,B004,RM009,Premium,Individual,Medium,Completed,Approved,6,No,
APP03287,C03287,2025-11-21,B010,RM020,Savings,Individual,Low,Pending,Pending,12,No,
APP03288,C03288,2025-07-04,B001,RM003,Business,Business,High,Completed,Approved,6,No,
APP03289,C03289,2025-07-18,B009,RM019,Savings,Individual,Low,Pending,Pending,10,No,
APP03290,C03290,2025-11-26,B008,RM016,Savings,Individual,Low,Completed,Approved,2,No,
APP03291,C03291,2025-03-13,B004,RM009,Savings,Individual,Low,Completed,Approved,16,Yes,KYC Documentation
APP03292,C03292,2025-02-23,B008,RM016,Savings,Individual,Medium,Completed,Approved,8,No,
APP03293,C03293,2025-01-09,B001,RM002,Savings,Individual,Low,Completed,Approved,7,No,
APP03294,C03294,2025-01-17,B003,RM007,Current,Individual,Medium,Completed,Pending,10,No,
APP03295,C03295,2025-07-19,B004,RM008,Business,Business,Medium,Completed,Approved,2,No,
APP03296,C03296,2025-05-24,B004,RM008,Savings,Individual,Low,Completed,Approved,4,No,
APP03297,C03297,2025-12-11,B006,RM013,Current,Individual,Low,Completed,Pending,11,No,
APP03298,C03298,2025-11-06,B009,RM019,Savings,Individual,Medium,Completed,Approved,10,No,
APP03299,C03299,2025-11-24,B001,RM002,Savings,Individual,Low,Completed,Approved,2,No,
APP03300,C03300,2025-05-12,B010,RM020,Business,Business,High,Pending,Pending,18,No,
APP03301,C03301,2025-09-06,B003,RM006,Business,Business,Medium,Completed,Approved,15,Yes,Enhanced Due Diligence
APP03302,C03302,2025-04-27,B009,RM018,Savings,Individual,Medium,Completed,Approved,6,No,
APP03303,C03303,2025-05-30,B001,RM003,Current,Business,Medium,Completed,Approved,9,No,
APP03304,C03304,2025-02-28,B009,RM018,Savings,Individual,Medium,Completed,Approved,6,No,
APP03305,C03305,2025-06-22,B001,RM001,Business,Business,High,Completed,Approved,7,No,
APP03306,C03306,2025-07-01,B004,RM008,Current,Individual,Low,Completed,Approved,4,No,
APP03307,C03307,2025-11-18,B006,RM012,Savings,Individual,Medium,Completed,Approved,16,Yes,KYC Documentation
APP03308,C03308,2025-06-06,B009,RM018,Current,Individual,Medium,Completed,Approved,6,No,
APP03309,C03309,2025-03-11,B004,RM008,Savings,Individual,Low,Completed,Approved,5,No,
APP03310,C03310,2025-07-31,B002,RM004,Current,Business,High,Completed,Approved,5,Yes,Risk Assessment
APP03311,C03311,2025-10-17,B007,RM014,Savings,Individual,Low,Completed,Approved,10,No,
APP03312,C03312,2025-03-01,B009,RM019,Current,Business,High,Completed,Approved,2,No,
APP03313,C03313,2025-03-19,B008,RM016,Premium,Individual,Low,Completed,Approved,3,No,
APP03314,C03314,2025-09-09,B005,RM011,Premium,Individual,Medium,Completed,Approved,7,No,
APP03315,C03315,2025-03-28,B004,RM008,Current,Individual,Low,Completed,Approved,3,No,
APP03316,C03316,2025-04-07,B003,RM006,Savings,Individual,Medium,Completed,Approved,10,Yes,KYC Documentation
APP03317,C03317,2025-10-07,B006,RM012,Current,Individual,High,Completed,Approved,3,No,
APP03318,C03318,2025-09-09,B003,RM006,Premium,Business,Medium,Completed,Approved,5,No,
APP03319,C03319,2025-08-18,B001,RM002,Current,Individual,Low,Completed,Approved,10,No,
APP03320,C03320,2025-03-26,B003,RM006,Premium,Individual,Medium,Completed,Approved,5,No,
APP03321,C03321,2025-11-09,B005,RM011,Savings,Individual,Low,Completed,Approved,2,No,
APP03322,C03322,2025-10-06,B005,RM011,Premium,Individual,High,Completed,Approved,7,No,
APP03323,C03323,2025-08-11,B006,RM013,Savings,Individual,Medium,Failed,Rejected,3,No,
APP03324,C03324,2025-02-01,B010,RM020,Premium,Individual,Low,Completed,Approved,6,No,
APP03325,C03325,2025-07-29,B002,RM005,Premium,Individual,Medium,Completed,Approved,9,No,
APP03326,C03326,2025-10-12,B002,RM004,Current,Individual,High,Completed,Approved,2,No,
APP03327,C03327,2025-10-12,B010,RM021,Savings,Individual,High,Completed,Approved,3,No,
APP03328,C03328,2025-11-29,B003,RM006,Current,Business,Medium,Pending,Pending,10,No,
APP03329,C03329,2025-05-07,B004,RM009,Business,Business,High,Completed,Approved,4,No,
APP03330,C03330,2025-07-02,B001,RM001,Premium,Individual,Medium,Completed,Approved,10,Yes,Sanctions Screening
APP03331,C03331,2025-09-21,B007,RM015,Savings,Individual,Medium,Completed,Approved,15,Yes,Sanctions Screening
APP03332,C03332,2025-02-24,B002,RM004,Premium,Individual,Low,Completed,Approved,7,No,
APP03333,C03333,2025-12-16,B001,RM001,Savings,Individual,Medium,Completed,Approved,18,Yes,Enhanced Due Diligence
APP03334,C03334,2025-06-22,B001,RM001,Savings,Individual,Low,Completed,Approved,3,No,
APP03335,C03335,2025-10-16,B007,RM015,Premium,Business,Medium,Completed,Approved,4,No,
APP03336,C03336,2025-09-29,B006,RM012,Premium,Individual,Low,Completed,Approved,2,No,
APP03337,C03337,2025-06-23,B003,RM006,Savings,Individual,Low,Completed,Approved,2,No,
APP03338,C03338,2025-12-10,B006,RM013,Savings,Individual,Low,Completed,Approved,10,No,
APP03339,C03339,2025-05-29,B009,RM018,Business,Business,Medium,Completed,Approved,9,No,
APP03340,C03340,2025-07-25,B006,RM013,Savings,Individual,Low,Completed,Approved,3,No,
APP03341,C03341,2025-01-09,B003,RM007,Current,Business,Medium,Completed,Pending,19,No,
APP03342,C03342,2025-01-18,B001,RM002,Current,Individual,Low,Completed,Approved,6,No,
APP03343,C03343,2025-06-28,B003,RM007,Savings,Individual,Low,Pending,Pending,9,No,
APP03344,C03344,2025-01-13,B005,RM011,Current,Business,Medium,Pending,Pending,19,No,
APP03345,C03345,2025-03-01,B009,RM019,Business,Business,Medium,Pending,Pending,8,No,
APP03346,C03346,2025-09-19,B006,RM013,Premium,Individual,Low,Completed,Approved,6,No,
APP03347,C03347,2025-05-06,B004,RM008,Current,Individual,Low,Completed,Approved,7,No,
APP03348,C03348,2025-07-31,B010,RM021,Savings,Individual,Low,Completed,Approved,9,No,
APP03349,C03349,2025-11-16,B005,RM010,Savings,Individual,Medium,Completed,Approved,5,No,
APP03350,C03350,2025-03-26,B009,RM019,Savings,Individual,Low,Completed,Pending,12,No,
APP03351,C03351,2025-09-08,B005,RM010,Savings,Individual,Low,Completed,Approved,3,No,
APP03352,C03352,2025-10-20,B009,RM018,Savings,Individual,Low,Completed,Approved,15,Yes,KYC Documentation
APP03353,C03353,2025-12-16,B009,RM019,Savings,Individual,Medium,Completed,Pending,7,No,
APP03354,C03354,2025-12-17,B006,RM012,Savings,Individual,Low,Completed,Approved,8,No,
APP03355,C03355,2025-09-23,B007,RM015,Current,Individual,Low,Completed,Pending,19,No,
APP03356,C03356,2025-07-16,B004,RM009,Savings,Individual,Low,Completed,Approved,8,No,
APP03357,C03357,2025-01-18,B006,RM012,Savings,Individual,Low,Pending,Pending,3,No,
APP03358,C03358,2025-10-26,B003,RM007,Current,Individual,High,Completed,Approved,6,No,
APP03359,C03359,2025-04-06,B001,RM003,Savings,Individual,Low,Pending,Pending,14,No,
APP03360,C03360,2025-05-04,B007,RM014,Current,Individual,Low,Completed,Approved,5,No,
APP03361,C03361,2025-10-01,B003,RM006,Business,Business,Medium,Completed,Approved,6,No,
APP03362,C03362,2025-04-09,B001,RM001,Savings,Individual,Low,Completed,Approved,9,No,
APP03363,C03363,2025-03-03,B002,RM004,Current,Individual,Medium,Completed,Approved,3,No,
APP03364,C03364,2025-02-03,B004,RM008,Savings,Individual,Low,Completed,Approved,4,No,
APP03365,C03365,2025-01-13,B010,RM020,Current,Individual,Low,Completed,Approved,5,No,
APP03366,C03366,2025-06-26,B003,RM007,Savings,Individual,Low,Completed,Pending,16,No,
APP03367,C03367,2025-08-02,B003,RM006,Savings,Individual,Medium,Pending,Pending,15,No,
APP03368,C03368,2025-04-10,B010,RM021,Savings,Individual,Low,Completed,Approved,10,No,
APP03369,C03369,2025-06-17,B004,RM009,Current,Individual,Medium,Completed,Approved,2,No,
APP03370,C03370,2025-01-08,B004,RM009,Savings,Individual,Low,Completed,Approved,6,No,
APP03371,C03371,2025-04-25,B007,RM014,Premium,Individual,High,Completed,Pending,16,Yes,Enhanced Due Diligence
APP03372,C03372,2025-08-31,B007,RM014,Business,Business,High,Completed,Approved,7,No,
APP03373,C03373,2025-08-10,B007,RM015,Savings,Individual,High,Completed,Approved,6,No,
APP03374,C03374,2025-02-05,B010,RM020,Savings,Individual,Medium,Completed,Approved,4,No,
APP03375,C03375,2025-05-25,B006,RM013,Premium,Individual,Low,Completed,Approved,10,No,
APP03376,C03376,2025-09-27,B010,RM021,Savings,Individual,Medium,Completed,Approved,6,No,
APP03377,C03377,2025-12-21,B007,RM015,Business,Business,High,Completed,Pending,19,No,
APP03378,C03378,2025-04-22,B008,RM017,Business,Business,Medium,Completed,Approved,6,No,
APP03379,C03379,2025-10-16,B006,RM013,Current,Individual,High,Completed,Rejected,19,Yes,Enhanced Due Diligence
APP03380,C03380,2025-03-10,B004,RM008,Savings,Individual,Medium,Completed,Approved,2,No,
APP03381,C03381,2025-06-06,B010,RM021,Current,Individual,Low,Completed,Approved,10,No,
APP03382,C03382,2025-04-28,B002,RM004,Current,Individual,Low,Completed,Approved,6,No,
APP03383,C03383,2025-09-08,B009,RM018,Business,Business,Medium,Completed,Approved,5,No,
APP03384,C03384,2025-10-15,B008,RM017,Savings,Individual,Medium,Completed,Approved,5,No,
APP03385,C03385,2025-04-30,B010,RM021,Premium,Individual,Low,Pending,Pending,16,No,
APP03386,C03386,2025-11-29,B003,RM006,Current,Business,Medium,Completed,Approved,10,No,
APP03387,C03387,2025-02-22,B007,RM014,Premium,Individual,Medium,Completed,Pending,10,No,
APP03388,C03388,2025-07-06,B005,RM010,Savings,Individual,Low,Completed,Approved,4,No,
APP03389,C03389,2025-02-15,B007,RM014,Current,Individual,Low,Completed,Approved,5,No,
APP03390,C03390,2025-05-06,B010,RM020,Business,Business,High,Completed,Pending,19,Yes,Risk Assessment
APP03391,C03391,2025-07-26,B002,RM005,Current,Individual,Low,Completed,Approved,2,No,
APP03392,C03392,2025-08-30,B002,RM004,Current,Individual,Medium,Completed,Approved,10,No,
APP03393,C03393,2025-09-18,B010,RM020,Savings,Individual,Low,Completed,Approved,3,No,
APP03394,C03394,2025-08-02,B002,RM005,Current,Individual,Low,Completed,Approved,5,No,
APP03395,C03395,2025-08-16,B002,RM004,Current,Individual,Low,Completed,Approved,7,No,
APP03396,C03396,2025-11-21,B008,RM016,Savings,Individual,Medium,Completed,Rejected,8,No,
APP03397,C03397,2025-10-12,B001,RM003,Business,Business,Medium,Pending,Pending,6,No,
APP03398,C03398,2025-08-18,B008,RM016,Premium,Individual,Medium,Completed,Approved,7,No,
APP03399,C03399,2025-05-08,B001,RM002,Savings,Individual,Low,Completed,Approved,10,No,
APP03400,C03400,2025-03-18,B005,RM010,Current,Individual,Low,Completed,Approved,9,No,
APP03401,C03401,2025-03-27,B007,RM015,Business,Business,Medium,Completed,Approved,3,No,
APP03402,C03402,2025-06-24,B002,RM005,Premium,Business,High,Completed,Pending,10,No,
APP03403,C03403,2025-04-29,B005,RM011,Premium,Individual,Medium,Failed,Rejected,7,No,
APP03404,C03404,2025-07-19,B001,RM001,Business,Business,High,Completed,Approved,13,Yes,Risk Assessment
APP03405,C03405,2025-07-17,B008,RM017,Current,Individual,Medium,Completed,Approved,3,No,
APP03406,C03406,2025-03-19,B002,RM004,Savings,Individual,Low,Completed,Approved,9,No,
APP03407,C03407,2025-02-23,B001,RM002,Current,Individual,Low,Failed,Rejected,3,No,
APP03408,C03408,2025-01-20,B009,RM019,Savings,Individual,High,Failed,Rejected,3,No,
APP03409,C03409,2025-08-03,B006,RM012,Savings,Individual,Low,Completed,Approved,7,No,
APP03410,C03410,2025-07-26,B007,RM014,Current,Business,Medium,Completed,Approved,10,No,
APP03411,C03411,2025-08-06,B010,RM020,Business,Business,Medium,Completed,Approved,4,No,
APP03412,C03412,2025-08-20,B010,RM020,Premium,Individual,Medium,Completed,Approved,5,No,
APP03413,C03413,2025-11-09,B003,RM007,Premium,Individual,Low,Pending,Pending,11,No,
APP03414,C03414,2025-11-24,B006,RM012,Savings,Individual,Low,Completed,Approved,2,No,
APP03415,C03415,2025-08-07,B005,RM010,Savings,Individual,Low,Completed,Approved,8,No,
APP03416,C03416,2025-10-31,B002,RM004,Savings,Individual,Low,Completed,Pending,18,No,
APP03417,C03417,2025-07-27,B009,RM018,Premium,Individual,Low,Pending,Pending,8,No,
APP03418,C03418,2025-12-12,B009,RM018,Savings,Individual,Medium,Completed,Approved,8,No,
APP03419,C03419,2025-02-13,B006,RM012,Business,Business,Medium,Pending,Pending,17,No,
APP03420,C03420,2025-05-20,B005,RM011,Savings,Individual,Medium,Completed,Approved,9,No,
APP03421,C03421,2025-09-26,B007,RM014,Current,Business,Medium,Completed,Approved,15,Yes,Sanctions Screening
APP03422,C03422,2025-09-16,B001,RM002,Savings,Individual,Low,Completed,Pending,11,No,
APP03423,C03423,2025-08-14,B004,RM008,Premium,Individual,Low,Completed,Approved,4,No,
APP03424,C03424,2025-04-08,B003,RM007,Premium,Business,Medium,Completed,Approved,6,No,
APP03425,C03425,2025-03-08,B007,RM014,Premium,Individual,Low,Completed,Approved,8,No,
APP03426,C03426,2025-09-12,B001,RM003,Savings,Individual,Low,Completed,Rejected,8,No,
APP03427,C03427,2025-09-22,B003,RM006,Savings,Individual,Medium,Completed,Pending,7,No,
APP03428,C03428,2025-07-23,B009,RM018,Current,Individual,Low,Completed,Pending,19,No,
APP03429,C03429,2025-07-30,B010,RM020,Savings,Individual,Low,Completed,Approved,5,No,
APP03430,C03430,2025-09-18,B002,RM004,Savings,Individual,Low,Failed,Rejected,7,No,
APP03431,C03431,2025-01-16,B001,RM002,Premium,Individual,Low,Completed,Approved,4,No,
APP03432,C03432,2025-08-12,B010,RM021,Savings,Individual,Medium,Completed,Pending,17,No,
APP03433,C03433,2025-06-13,B006,RM012,Business,Business,Medium,Completed,Approved,8,Yes,Sanctions Screening
APP03434,C03434,2025-11-11,B009,RM018,Savings,Individual,Low,Completed,Rejected,8,No,
APP03435,C03435,2025-09-11,B006,RM013,Business,Business,Medium,Pending,Pending,17,No,
APP03436,C03436,2025-04-16,B002,RM005,Current,Individual,Low,Completed,Approved,4,No,
APP03437,C03437,2025-11-15,B003,RM007,Savings,Individual,Medium,Completed,Approved,7,No,
APP03438,C03438,2025-10-29,B007,RM015,Premium,Individual,Low,Completed,Approved,8,No,
APP03439,C03439,2025-07-11,B004,RM009,Current,Individual,High,Completed,Approved,10,No,
APP03440,C03440,2025-07-13,B010,RM020,Savings,Individual,Medium,Completed,Approved,2,No,
APP03441,C03441,2025-12-17,B010,RM020,Current,Business,Medium,Pending,Pending,16,No,
APP03442,C03442,2025-12-09,B010,RM020,Premium,Individual,Medium,Completed,Approved,6,Yes,KYC Documentation
APP03443,C03443,2025-06-22,B001,RM002,Savings,Individual,Medium,Failed,Rejected,5,No,
APP03444,C03444,2025-04-18,B003,RM007,Current,Individual,Low,Completed,Pending,14,No,
APP03445,C03445,2025-03-01,B006,RM013,Savings,Individual,Low,Completed,Approved,8,No,
APP03446,C03446,2025-07-14,B002,RM004,Savings,Individual,Medium,Completed,Rejected,7,No,
APP03447,C03447,2025-02-04,B005,RM011,Savings,Individual,Medium,Completed,Approved,8,No,
APP03448,C03448,2025-07-27,B005,RM011,Business,Business,Medium,Completed,Approved,7,No,
APP03449,C03449,2025-07-12,B005,RM010,Current,Individual,Medium,Completed,Approved,3,No,
APP03450,C03450,2025-05-31,B001,RM003,Savings,Individual,High,Completed,Rejected,8,No,
APP03451,C03451,2025-07-18,B005,RM010,Premium,Individual,Low,Pending,Pending,15,No,
APP03452,C03452,2025-06-18,B006,RM012,Current,Individual,Low,Completed,Approved,8,No,
APP03453,C03453,2025-01-09,B008,RM016,Savings,Individual,Low,Completed,Approved,4,No,
APP03454,C03454,2025-08-02,B010,RM020,Business,Business,High,Completed,Approved,10,Yes,Compliance Review
APP03455,C03455,2025-11-19,B004,RM008,Savings,Individual,High,Completed,Rejected,6,No,
APP03456,C03456,2025-07-24,B004,RM008,Savings,Individual,Low,Completed,Approved,3,No,
APP03457,C03457,2025-09-21,B005,RM010,Savings,Individual,Low,Completed,Approved,6,No,
APP03458,C03458,2025-02-25,B010,RM020,Business,Business,High,Completed,Approved,12,Yes,KYC Documentation
APP03459,C03459,2025-06-06,B003,RM006,Premium,Individual,Low,Completed,Approved,8,No,
APP03460,C03460,2025-03-03,B004,RM009,Premium,Individual,Low,Pending,Pending,8,No,
APP03461,C03461,2025-08-19,B001,RM001,Savings,Individual,High,Completed,Approved,5,No,
APP03462,C03462,2025-01-12,B004,RM008,Premium,Individual,Low,Completed,Approved,3,No,
APP03463,C03463,2025-12-18,B007,RM014,Savings,Individual,Low,Completed,Approved,7,No,
APP03464,C03464,2025-06-19,B010,RM021,Current,Individual,Low,Completed,Approved,2,No,
APP03465,C03465,2025-09-01,B003,RM007,Savings,Individual,Low,Completed,Approved,10,No,
APP03466,C03466,2025-09-06,B007,RM014,Savings,Individual,Medium,Completed,Approved,5,No,
APP03467,C03467,2025-08-03,B010,RM021,Savings,Individual,Low,Completed,Pending,19,No,
APP03468,C03468,2025-12-24,B006,RM013,Savings,Individual,Low,Completed,Approved,2,No,
APP03469,C03469,2025-05-26,B008,RM017,Business,Business,High,Completed,Approved,8,No,
APP03470,C03470,2025-09-07,B008,RM016,Business,Business,Medium,Completed,Approved,5,No,
APP03471,C03471,2025-03-07,B006,RM012,Current,Individual,High,Completed,Rejected,17,Yes,Compliance Review
APP03472,C03472,2025-09-03,B007,RM014,Current,Individual,High,Completed,Pending,15,Yes,KYC Documentation
APP03473,C03473,2025-06-18,B007,RM015,Current,Individual,Low,Completed,Approved,4,No,
APP03474,C03474,2025-01-16,B006,RM012,Savings,Individual,Medium,Completed,Approved,2,No,
APP03475,C03475,2025-03-25,B002,RM004,Savings,Individual,Low,Completed,Approved,6,No,
APP03476,C03476,2025-04-15,B008,RM016,Savings,Individual,Medium,Completed,Approved,9,No,
APP03477,C03477,2025-07-26,B009,RM019,Savings,Individual,Low,Completed,Approved,8,No,
APP03478,C03478,2025-07-18,B005,RM010,Current,Individual,Medium,Completed,Approved,10,No,
APP03479,C03479,2025-11-06,B003,RM007,Savings,Individual,Low,Failed,Rejected,5,No,
APP03480,C03480,2025-11-05,B004,RM009,Savings,Individual,Low,Pending,Pending,17,No,
APP03481,C03481,2025-09-03,B002,RM005,Premium,Individual,Medium,Completed,Pending,14,No,
APP03482,C03482,2025-03-04,B004,RM009,Premium,Individual,Low,Completed,Approved,6,No,
APP03483,C03483,2025-11-09,B009,RM019,Current,Business,Medium,Completed,Approved,9,No,
APP03484,C03484,2025-05-23,B006,RM013,Business,Business,High,Completed,Pending,14,Yes,Enhanced Due Diligence
APP03485,C03485,2025-05-20,B001,RM003,Business,Business,Medium,Completed,Approved,3,No,
APP03486,C03486,2025-02-01,B008,RM017,Business,Business,Medium,Completed,Approved,4,No,
APP03487,C03487,2025-10-09,B006,RM012,Business,Business,High,Completed,Approved,3,No,
APP03488,C03488,2025-11-11,B007,RM015,Premium,Individual,Low,Completed,Approved,2,No,
APP03489,C03489,2025-05-03,B008,RM017,Premium,Business,Medium,Completed,Rejected,5,Yes,Sanctions Screening
APP03490,C03490,2025-04-27,B006,RM012,Current,Individual,Low,Completed,Approved,3,No,
APP03491,C03491,2025-12-13,B003,RM006,Savings,Individual,Low,Pending,Pending,18,No,
APP03492,C03492,2025-11-30,B001,RM002,Premium,Individual,Low,Completed,Approved,2,No,
APP03493,C03493,2025-08-29,B004,RM009,Current,Individual,Low,Completed,Approved,5,No,
APP03494,C03494,2025-11-04,B005,RM010,Current,Individual,Low,Completed,Approved,9,No,
APP03495,C03495,2025-11-10,B001,RM003,Premium,Individual,Low,Pending,Pending,16,No,
APP03496,C03496,2025-12-21,B001,RM002,Savings,Individual,High,Completed,Pending,12,No,
APP03497,C03497,2025-02-17,B003,RM006,Business,Business,High,Completed,Approved,10,No,
APP03498,C03498,2025-07-26,B010,RM020,Savings,Individual,Low,Completed,Approved,10,No,
APP03499,C03499,2025-07-30,B003,RM007,Current,Individual,Low,Completed,Approved,10,No,
APP03500,C03500,2025-07-20,B007,RM015,Savings,Individual,Medium,Completed,Approved,5,No,
APP03501,C03501,2025-03-14,B003,RM007,Savings,Individual,Medium,Completed,Approved,10,No,
APP03502,C03502,2025-08-04,B001,RM001,Premium,Individual,Medium,Completed,Approved,7,No,
APP03503,C03503,2025-05-22,B003,RM007,Business,Business,High,Completed,Pending,12,No,
APP03504,C03504,2025-07-21,B004,RM009,Business,Business,High,Completed,Pending,13,No,
APP03505,C03505,2025-10-16,B003,RM006,Business,Business,High,Completed,Approved,9,No,
APP03506,C03506,2025-07-14,B006,RM012,Current,Individual,Low,Completed,Approved,3,No,
APP03507,C03507,2025-12-25,B001,RM002,Premium,Individual,Medium,Completed,Approved,6,No,
APP03508,C03508,2025-09-17,B002,RM005,Business,Business,High,Completed,Rejected,10,Yes,Enhanced Due Diligence
APP03509,C03509,2025-01-10,B006,RM012,Premium,Individual,High,Completed,Approved,6,No,
APP03510,C03510,2025-11-21,B006,RM013,Business,Business,Medium,Completed,Approved,2,No,
APP03511,C03511,2025-01-20,B001,RM002,Current,Individual,Medium,Pending,Pending,20,No,
APP03512,C03512,2025-03-28,B001,RM003,Current,Business,Medium,Pending,Pending,7,No,
APP03513,C03513,2025-02-15,B007,RM014,Savings,Individual,Low,Completed,Approved,2,No,
APP03514,C03514,2025-05-20,B009,RM018,Business,Business,Medium,Pending,Pending,4,No,
APP03515,C03515,2025-06-10,B006,RM013,Savings,Individual,Low,Completed,Approved,4,No,
APP03516,C03516,2025-08-25,B006,RM012,Savings,Individual,Low,Completed,Approved,4,No,
APP03517,C03517,2025-09-03,B010,RM020,Savings,Individual,Low,Completed,Pending,11,No,
APP03518,C03518,2025-05-04,B009,RM018,Savings,Individual,Medium,Completed,Approved,6,No,
APP03519,C03519,2025-03-21,B007,RM015,Savings,Individual,Low,Completed,Approved,7,No,
APP03520,C03520,2025-08-18,B008,RM017,Business,Business,Medium,Completed,Approved,4,No,
APP03521,C03521,2025-10-22,B007,RM014,Savings,Individual,Low,Completed,Approved,2,No,
APP03522,C03522,2025-08-01,B004,RM008,Savings,Individual,High,Completed,Pending,14,Yes,Enhanced Due Diligence
APP03523,C03523,2025-02-02,B008,RM017,Current,Individual,Low,Completed,Rejected,3,No,
APP03524,C03524,2025-12-09,B010,RM021,Premium,Individual,Low,Completed,Approved,5,No,
APP03525,C03525,2025-05-11,B008,RM017,Current,Individual,Low,Completed,Approved,7,No,
APP03526,C03526,2025-05-25,B007,RM014,Current,Individual,Medium,Completed,Approved,6,Yes,Risk Assessment
APP03527,C03527,2025-04-23,B006,RM013,Savings,Individual,Medium,Completed,Approved,8,No,
APP03528,C03528,2025-08-21,B009,RM018,Current,Individual,Low,Completed,Approved,2,No,
APP03529,C03529,2025-02-08,B003,RM006,Current,Individual,Low,Pending,Pending,17,No,
APP03530,C03530,2025-11-13,B001,RM002,Savings,Individual,High,Completed,Rejected,2,No,
APP03531,C03531,2025-06-03,B008,RM017,Savings,Individual,Medium,Completed,Rejected,4,No,
APP03532,C03532,2025-11-24,B009,RM019,Business,Business,High,Completed,Approved,18,Yes,Sanctions Screening
APP03533,C03533,2025-03-06,B002,RM005,Business,Business,Medium,Completed,Approved,2,No,
APP03534,C03534,2025-09-12,B008,RM016,Business,Business,High,Completed,Pending,12,No,
APP03535,C03535,2025-09-17,B002,RM004,Savings,Individual,Low,Completed,Approved,3,No,
APP03536,C03536,2025-05-06,B005,RM011,Savings,Individual,Low,Completed,Approved,6,No,
APP03537,C03537,2025-11-13,B008,RM016,Current,Individual,Medium,Completed,Approved,7,No,
APP03538,C03538,2025-12-24,B010,RM021,Premium,Individual,Medium,Pending,Pending,5,No,
APP03539,C03539,2025-12-09,B007,RM015,Savings,Individual,Medium,Completed,Approved,7,No,
APP03540,C03540,2025-05-18,B005,RM011,Savings,Individual,Low,Completed,Approved,8,No,
APP03541,C03541,2025-11-12,B005,RM010,Savings,Individual,Medium,Completed,Approved,3,No,
APP03542,C03542,2025-11-16,B010,RM020,Business,Business,High,Failed,Rejected,7,No,
APP03543,C03543,2025-06-28,B005,RM010,Business,Business,Medium,Completed,Approved,4,No,
APP03544,C03544,2025-06-18,B008,RM016,Business,Business,High,Completed,Rejected,13,Yes,Enhanced Due Diligence
APP03545,C03545,2025-07-13,B002,RM004,Savings,Individual,Medium,Completed,Approved,6,No,
APP03546,C03546,2025-05-19,B007,RM015,Current,Business,Medium,Pending,Pending,5,No,
APP03547,C03547,2025-10-08,B007,RM015,Business,Business,Medium,Completed,Approved,2,No,
APP03548,C03548,2025-10-27,B010,RM020,Current,Individual,Medium,Failed,Rejected,7,No,
APP03549,C03549,2025-04-18,B009,RM019,Business,Business,Medium,Completed,Pending,20,No,
APP03550,C03550,2025-10-14,B007,RM014,Savings,Individual,Low,Completed,Approved,11,Yes,Compliance Review
APP03551,C03551,2025-10-25,B007,RM015,Premium,Individual,Medium,Completed,Approved,11,Yes,Risk Assessment
APP03552,C03552,2025-04-06,B004,RM009,Current,Individual,Low,Completed,Approved,2,No,
APP03553,C03553,2025-06-19,B007,RM014,Business,Business,High,Completed,Approved,7,No,
APP03554,C03554,2025-07-15,B010,RM020,Savings,Individual,Low,Completed,Approved,9,No,
APP03555,C03555,2025-07-10,B001,RM001,Business,Business,Medium,Completed,Pending,12,No,
APP03556,C03556,2025-04-28,B001,RM002,Business,Business,Medium,Completed,Approved,5,No,
APP03557,C03557,2025-02-06,B009,RM019,Savings,Individual,Medium,Completed,Approved,10,No,
APP03558,C03558,2025-09-16,B001,RM001,Savings,Individual,Low,Completed,Approved,10,No,
APP03559,C03559,2025-04-06,B004,RM008,Premium,Individual,High,Completed,Rejected,7,No,
APP03560,C03560,2025-10-17,B001,RM001,Current,Individual,Low,Completed,Approved,10,No,
APP03561,C03561,2025-05-05,B008,RM017,Current,Individual,Low,Completed,Approved,3,No,
APP03562,C03562,2025-10-15,B001,RM001,Premium,Individual,Medium,Completed,Approved,10,No,
APP03563,C03563,2025-05-30,B010,RM021,Savings,Individual,Low,Completed,Approved,2,No,
APP03564,C03564,2025-08-19,B004,RM009,Savings,Individual,Low,Completed,Approved,7,No,
APP03565,C03565,2025-12-14,B001,RM003,Savings,Individual,Low,Completed,Approved,5,No,
APP03566,C03566,2025-03-22,B002,RM005,Current,Individual,Low,Completed,Approved,10,No,
APP03567,C03567,2025-08-17,B005,RM011,Business,Business,Medium,Completed,Approved,10,No,
APP03568,C03568,2025-01-17,B002,RM005,Business,Business,High,Completed,Approved,9,Yes,KYC Documentation
APP03569,C03569,2025-01-24,B001,RM001,Current,Business,High,Completed,Approved,2,No,
APP03570,C03570,2025-08-25,B009,RM019,Savings,Individual,Low,Failed,Rejected,3,No,
APP03571,C03571,2025-10-25,B008,RM016,Current,Business,Medium,Completed,Approved,10,No,
APP03572,C03572,2025-05-09,B008,RM016,Savings,Individual,Low,Completed,Approved,2,No,
APP03573,C03573,2025-03-18,B009,RM018,Business,Business,High,Completed,Pending,13,No,
APP03574,C03574,2025-01-07,B006,RM013,Business,Business,Medium,Completed,Approved,9,No,
APP03575,C03575,2025-02-11,B010,RM020,Savings,Individual,Low,Pending,Pending,20,No,
APP03576,C03576,2025-12-11,B010,RM021,Current,Individual,Low,Completed,Approved,5,No,
APP03577,C03577,2025-07-23,B006,RM013,Premium,Individual,High,Completed,Approved,7,Yes,Risk Assessment
APP03578,C03578,2025-07-22,B005,RM011,Premium,Individual,Low,Completed,Approved,8,No,
APP03579,C03579,2025-02-12,B010,RM021,Savings,Individual,Low,Failed,Rejected,5,No,
APP03580,C03580,2025-08-01,B001,RM001,Current,Individual,Low,Completed,Approved,2,No,
APP03581,C03581,2025-09-08,B006,RM012,Premium,Business,Medium,Completed,Approved,7,No,
APP03582,C03582,2025-08-04,B007,RM014,Business,Business,Medium,Completed,Approved,10,No,
APP03583,C03583,2025-05-07,B006,RM012,Premium,Individual,Low,Completed,Approved,5,No,
APP03584,C03584,2025-01-06,B005,RM010,Savings,Individual,Low,Completed,Approved,10,No,
APP03585,C03585,2025-04-24,B010,RM021,Current,Individual,Low,Completed,Rejected,2,No,
APP03586,C03586,2025-01-31,B008,RM017,Savings,Individual,Medium,Completed,Approved,8,No,
APP03587,C03587,2025-07-13,B001,RM003,Current,Individual,Medium,Completed,Pending,17,No,
APP03588,C03588,2025-01-13,B007,RM014,Savings,Individual,Low,Completed,Approved,5,No,
APP03589,C03589,2025-02-19,B006,RM013,Savings,Individual,Low,Completed,Approved,6,No,
APP03590,C03590,2025-07-15,B002,RM004,Business,Business,Medium,Completed,Approved,3,No,
APP03591,C03591,2025-01-20,B004,RM008,Savings,Individual,Medium,Completed,Approved,9,No,
APP03592,C03592,2025-11-26,B007,RM015,Premium,Business,High,Completed,Approved,4,No,
APP03593,C03593,2025-02-07,B005,RM010,Savings,Individual,High,Completed,Approved,9,No,
APP03594,C03594,2025-03-24,B005,RM011,Current,Individual,Medium,Completed,Approved,20,Yes,Risk Assessment
APP03595,C03595,2025-11-14,B008,RM016,Premium,Business,High,Completed,Approved,3,No,
APP03596,C03596,2025-12-02,B005,RM011,Current,Individual,Low,Completed,Approved,8,No,
APP03597,C03597,2025-05-19,B007,RM014,Current,Business,Medium,Completed,Approved,7,No,
APP03598,C03598,2025-10-04,B004,RM009,Business,Business,High,Completed,Approved,2,No,
APP03599,C03599,2025-04-26,B006,RM012,Current,Individual,Medium,Completed,Approved,7,No,
APP03600,C03600,2025-11-21,B007,RM014,Current,Individual,Low,Completed,Approved,9,No,
APP03601,C03601,2025-11-05,B009,RM018,Current,Individual,Low,Failed,Rejected,2,No,
APP03602,C03602,2025-10-26,B007,RM015,Savings,Individual,Medium,Completed,Approved,5,No,
APP03603,C03603,2025-09-05,B007,RM015,Savings,Individual,High,Completed,Rejected,4,No,
APP03604,C03604,2025-03-25,B005,RM011,Savings,Individual,Medium,Completed,Approved,15,Yes,Enhanced Due Diligence
APP03605,C03605,2025-04-20,B007,RM015,Current,Individual,Medium,Completed,Approved,10,No,
APP03606,C03606,2025-03-31,B010,RM021,Savings,Individual,Low,Completed,Approved,2,No,
APP03607,C03607,2025-03-20,B003,RM006,Savings,Individual,Medium,Completed,Approved,6,No,
APP03608,C03608,2025-08-17,B001,RM003,Current,Individual,High,Completed,Pending,18,No,
APP03609,C03609,2025-05-29,B002,RM004,Savings,Individual,High,Completed,Pending,9,Yes,KYC Documentation
APP03610,C03610,2025-06-24,B003,RM006,Savings,Individual,Low,Completed,Approved,5,No,
APP03611,C03611,2025-01-27,B005,RM010,Savings,Individual,Low,Completed,Approved,3,No,
APP03612,C03612,2025-09-01,B006,RM012,Current,Individual,Low,Completed,Approved,5,No,
APP03613,C03613,2025-12-17,B006,RM013,Savings,Individual,Low,Completed,Approved,6,Yes,Risk Assessment
APP03614,C03614,2025-05-13,B005,RM011,Savings,Individual,Low,Completed,Approved,2,No,
APP03615,C03615,2025-10-02,B001,RM001,Current,Individual,Low,Pending,Pending,17,No,
APP03616,C03616,2025-08-08,B005,RM011,Current,Individual,Low,Pending,Pending,3,No,
APP03617,C03617,2025-02-24,B010,RM021,Business,Business,Medium,Completed,Approved,6,No,
APP03618,C03618,2025-12-26,B005,RM011,Savings,Individual,Medium,Pending,Pending,2,No,
APP03619,C03619,2025-07-23,B001,RM003,Business,Business,Medium,Failed,Rejected,7,No,
APP03620,C03620,2025-08-26,B008,RM016,Savings,Individual,Low,Pending,Pending,5,No,
APP03621,C03621,2025-02-17,B006,RM013,Current,Individual,Medium,Completed,Approved,10,No,
APP03622,C03622,2025-02-24,B002,RM005,Current,Individual,Low,Completed,Approved,9,No,
APP03623,C03623,2025-08-01,B008,RM017,Savings,Individual,High,Pending,Pending,8,No,
APP03624,C03624,2025-07-08,B010,RM020,Savings,Individual,Low,Completed,Pending,20,No,
APP03625,C03625,2025-04-14,B008,RM017,Savings,Individual,Low,Completed,Approved,9,No,
APP03626,C03626,2025-01-04,B003,RM007,Savings,Individual,High,Failed,Rejected,6,No,
APP03627,C03627,2025-07-30,B004,RM009,Premium,Individual,High,Completed,Approved,6,No,
APP03628,C03628,2025-02-21,B009,RM019,Savings,Individual,Low,Completed,Approved,6,No,
APP03629,C03629,2025-08-07,B006,RM013,Current,Business,Medium,Completed,Approved,6,No,
APP03630,C03630,2025-04-06,B009,RM019,Business,Business,High,Completed,Approved,8,No,
APP03631,C03631,2025-10-03,B006,RM012,Savings,Individual,Low,Completed,Approved,9,No,
APP03632,C03632,2025-04-24,B010,RM020,Savings,Individual,Low,Completed,Approved,8,No,
APP03633,C03633,2025-01-18,B005,RM011,Savings,Individual,Medium,Completed,Approved,5,No,
APP03634,C03634,2025-12-03,B003,RM006,Premium,Individual,Medium,Completed,Approved,2,No,
APP03635,C03635,2025-11-11,B001,RM003,Current,Business,Medium,Completed,Approved,9,No,
APP03636,C03636,2025-11-27,B006,RM012,Current,Individual,Low,Completed,Rejected,2,No,
APP03637,C03637,2025-11-14,B003,RM007,Business,Business,High,Completed,Approved,5,No,
APP03638,C03638,2025-03-14,B003,RM006,Savings,Individual,Medium,Completed,Approved,9,No,
APP03639,C03639,2025-03-19,B008,RM017,Premium,Individual,Medium,Completed,Approved,3,No,
APP03640,C03640,2025-07-05,B010,RM021,Current,Individual,Low,Completed,Pending,16,No,
APP03641,C03641,2025-12-18,B010,RM021,Savings,Individual,Medium,Completed,Approved,10,No,
APP03642,C03642,2025-05-30,B003,RM007,Savings,Individual,Low,Completed,Approved,2,No,
APP03643,C03643,2025-08-11,B010,RM020,Savings,Individual,Low,Completed,Approved,7,No,
APP03644,C03644,2025-12-23,B003,RM006,Current,Business,High,Completed,Approved,5,No,
APP03645,C03645,2025-01-14,B001,RM002,Savings,Individual,Medium,Failed,Rejected,6,No,
APP03646,C03646,2025-10-01,B008,RM017,Savings,Individual,Medium,Completed,Approved,5,No,
APP03647,C03647,2025-05-15,B009,RM018,Savings,Individual,Low,Pending,Pending,9,No,
APP03648,C03648,2025-10-18,B002,RM005,Current,Individual,Low,Completed,Approved,2,No,
APP03649,C03649,2025-12-21,B002,RM004,Business,Business,Medium,Failed,Rejected,6,No,
APP03650,C03650,2025-09-13,B006,RM012,Savings,Individual,Low,Completed,Approved,5,No,
APP03651,C03651,2025-05-26,B007,RM015,Current,Individual,Low,Completed,Approved,3,No,
APP03652,C03652,2025-12-27,B009,RM018,Savings,Individual,Low,Completed,Approved,10,No,
APP03653,C03653,2025-09-09,B010,RM021,Premium,Individual,Low,Completed,Approved,6,No,
APP03654,C03654,2025-09-13,B003,RM007,Current,Individual,Low,Completed,Approved,8,No,
APP03655,C03655,2025-09-28,B001,RM002,Current,Individual,Low,Completed,Approved,4,No,
APP03656,C03656,2025-10-26,B001,RM001,Business,Business,Medium,Pending,Pending,4,No,
APP03657,C03657,2025-08-04,B009,RM018,Savings,Individual,Low,Completed,Approved,10,No,
APP03658,C03658,2025-06-09,B005,RM010,Current,Individual,Medium,Completed,Approved,4,No,
APP03659,C03659,2025-08-13,B006,RM013,Savings,Individual,Low,Completed,Approved,4,No,
APP03660,C03660,2025-06-22,B008,RM017,Business,Business,Medium,Completed,Pending,19,Yes,Risk Assessment
APP03661,C03661,2025-07-21,B007,RM015,Savings,Individual,Medium,Failed,Rejected,3,No,
APP03662,C03662,2025-05-17,B008,RM016,Current,Individual,Low,Completed,Approved,6,No,
APP03663,C03663,2025-05-14,B009,RM018,Savings,Individual,Low,Pending,Pending,15,No,
APP03664,C03664,2025-08-06,B005,RM011,Savings,Individual,Low,Completed,Approved,6,No,
APP03665,C03665,2025-07-25,B007,RM015,Premium,Individual,Low,Completed,Approved,3,No,
APP03666,C03666,2025-07-31,B002,RM004,Savings,Individual,Low,Completed,Approved,9,No,
APP03667,C03667,2025-02-23,B002,RM005,Savings,Individual,Low,Completed,Approved,10,No,
APP03668,C03668,2025-06-02,B008,RM016,Premium,Individual,Medium,Completed,Approved,7,No,
APP03669,C03669,2025-01-04,B010,RM021,Business,Business,Medium,Completed,Pending,13,No,
APP03670,C03670,2025-12-16,B004,RM009,Business,Business,Medium,Completed,Approved,8,No,
APP03671,C03671,2025-08-03,B004,RM008,Premium,Individual,Low,Completed,Approved,5,No,
APP03672,C03672,2025-10-07,B003,RM006,Premium,Business,High,Completed,Approved,6,Yes,KYC Documentation
APP03673,C03673,2025-09-11,B001,RM003,Current,Business,Medium,Completed,Approved,6,No,
APP03674,C03674,2025-10-04,B003,RM006,Premium,Individual,Low,Completed,Approved,6,No,
APP03675,C03675,2025-07-05,B002,RM004,Savings,Individual,Low,Completed,Approved,10,No,
APP03676,C03676,2025-10-02,B007,RM015,Current,Individual,Medium,Completed,Approved,7,No,
APP03677,C03677,2025-05-08,B009,RM018,Savings,Individual,Medium,Completed,Approved,7,No,
APP03678,C03678,2025-06-09,B010,RM020,Current,Individual,Low,Completed,Approved,3,No,
APP03679,C03679,2025-01-17,B007,RM015,Savings,Individual,Low,Completed,Approved,5,No,
APP03680,C03680,2025-10-18,B002,RM004,Business,Business,Medium,Completed,Approved,4,No,
APP03681,C03681,2025-10-23,B007,RM015,Savings,Individual,Low,Completed,Pending,15,No,
APP03682,C03682,2025-09-24,B006,RM012,Premium,Business,Medium,Completed,Pending,5,No,
APP03683,C03683,2025-12-12,B010,RM021,Business,Business,Medium,Completed,Approved,9,No,
APP03684,C03684,2025-09-08,B009,RM018,Current,Individual,Medium,Completed,Approved,10,No,
APP03685,C03685,2025-06-23,B003,RM006,Savings,Individual,Low,Completed,Approved,3,No,
APP03686,C03686,2025-12-15,B008,RM017,Savings,Individual,Low,Completed,Approved,6,No,
APP03687,C03687,2025-01-08,B004,RM008,Savings,Individual,Medium,Pending,Pending,1,No,
APP03688,C03688,2025-12-03,B009,RM019,Business,Business,Medium,Completed,Rejected,8,No,
APP03689,C03689,2025-10-03,B001,RM002,Savings,Individual,Medium,Completed,Approved,2,No,
APP03690,C03690,2025-07-26,B009,RM018,Savings,Individual,Medium,Completed,Approved,17,Yes,Sanctions Screening
APP03691,C03691,2025-06-16,B009,RM019,Current,Individual,High,Completed,Approved,5,No,
APP03692,C03692,2025-08-26,B010,RM021,Business,Business,High,Completed,Pending,15,No,
APP03693,C03693,2025-10-12,B002,RM005,Savings,Individual,Medium,Completed,Approved,4,No,
APP03694,C03694,2025-05-02,B005,RM011,Current,Individual,Medium,Completed,Approved,8,No,
APP03695,C03695,2025-01-23,B004,RM009,Current,Business,High,Failed,Rejected,6,No,
APP03696,C03696,2025-01-05,B005,RM011,Business,Business,Medium,Completed,Approved,3,No,
APP03697,C03697,2025-09-27,B006,RM013,Savings,Individual,Low,Completed,Approved,5,No,
APP03698,C03698,2025-01-01,B010,RM020,Premium,Individual,Medium,Completed,Approved,4,No,
APP03699,C03699,2025-10-07,B005,RM011,Current,Individual,Low,Failed,Rejected,6,No,
APP03700,C03700,2025-09-03,B001,RM002,Business,Business,Medium,Completed,Approved,4,No,
APP03701,C03701,2025-01-27,B004,RM008,Current,Business,Medium,Pending,Pending,7,No,
APP03702,C03702,2025-01-06,B004,RM008,Savings,Individual,Low,Completed,Approved,3,No,
APP03703,C03703,2025-08-06,B003,RM006,Business,Business,Medium,Completed,Approved,9,No,
APP03704,C03704,2025-07-13,B003,RM006,Current,Individual,Low,Pending,Pending,13,No,
APP03705,C03705,2025-03-27,B004,RM009,Savings,Individual,Medium,Completed,Approved,3,No,
APP03706,C03706,2025-10-24,B001,RM003,Savings,Individual,Low,Failed,Rejected,2,No,
APP03707,C03707,2025-08-17,B005,RM011,Business,Business,Medium,Completed,Pending,19,No,
APP03708,C03708,2025-03-10,B001,RM001,Business,Business,High,Completed,Rejected,14,Yes,Risk Assessment
APP03709,C03709,2025-03-21,B008,RM017,Savings,Individual,Medium,Completed,Approved,5,No,
APP03710,C03710,2025-06-06,B002,RM005,Current,Individual,Medium,Completed,Approved,10,No,
APP03711,C03711,2025-10-26,B006,RM013,Savings,Individual,Low,Completed,Approved,6,No,
APP03712,C03712,2025-11-12,B003,RM007,Savings,Individual,Low,Completed,Approved,4,No,
APP03713,C03713,2025-04-28,B003,RM007,Current,Business,Medium,Pending,Pending,12,No,
APP03714,C03714,2025-07-05,B007,RM015,Business,Business,Medium,Pending,Pending,17,No,
APP03715,C03715,2025-06-28,B003,RM006,Premium,Individual,Low,Completed,Approved,5,No,
APP03716,C03716,2025-05-15,B010,RM021,Current,Individual,High,Completed,Approved,3,No,
APP03717,C03717,2025-08-11,B005,RM010,Savings,Individual,Low,Completed,Approved,10,No,
APP03718,C03718,2025-09-07,B001,RM003,Current,Business,Medium,Completed,Approved,18,Yes,Sanctions Screening
APP03719,C03719,2025-02-14,B003,RM007,Savings,Individual,Medium,Completed,Approved,2,No,
APP03720,C03720,2025-12-13,B004,RM009,Current,Individual,Low,Completed,Approved,8,No,
APP03721,C03721,2025-08-28,B005,RM011,Current,Business,High,Completed,Approved,2,No,
APP03722,C03722,2025-04-06,B005,RM011,Savings,Individual,High,Completed,Approved,3,No,
APP03723,C03723,2025-05-21,B004,RM009,Current,Individual,Low,Completed,Approved,3,No,
APP03724,C03724,2025-10-15,B008,RM017,Current,Individual,Low,Pending,Pending,4,No,
APP03725,C03725,2025-08-31,B009,RM018,Premium,Individual,Low,Completed,Approved,10,No,
APP03726,C03726,2025-06-04,B008,RM016,Premium,Business,Medium,Completed,Approved,2,No,
APP03727,C03727,2025-01-23,B007,RM014,Current,Business,Medium,Completed,Approved,10,No,
APP03728,C03728,2025-07-23,B008,RM016,Savings,Individual,Low,Completed,Approved,9,No,
APP03729,C03729,2025-12-03,B010,RM021,Business,Business,Medium,Completed,Approved,5,Yes,Enhanced Due Diligence
APP03730,C03730,2025-07-02,B005,RM010,Savings,Individual,Low,Completed,Approved,20,Yes,Sanctions Screening
APP03731,C03731,2025-05-27,B008,RM017,Savings,Individual,Low,Pending,Pending,11,No,
APP03732,C03732,2025-08-17,B001,RM003,Savings,Individual,Low,Completed,Approved,4,No,
APP03733,C03733,2025-06-19,B004,RM009,Premium,Individual,Low,Completed,Approved,7,No,
APP03734,C03734,2025-11-22,B006,RM013,Savings,Individual,Low,Completed,Approved,13,Yes,Risk Assessment
APP03735,C03735,2025-08-06,B007,RM014,Savings,Individual,Low,Completed,Approved,7,No,
APP03736,C03736,2025-12-22,B003,RM006,Savings,Individual,Medium,Completed,Approved,8,No,
APP03737,C03737,2025-03-20,B007,RM014,Current,Individual,Medium,Completed,Approved,6,No,
APP03738,C03738,2025-09-05,B006,RM013,Savings,Individual,High,Completed,Approved,16,Yes,Compliance Review
APP03739,C03739,2025-03-01,B003,RM006,Savings,Individual,Low,Completed,Approved,19,Yes,Compliance Review
APP03740,C03740,2025-03-13,B009,RM019,Savings,Individual,Medium,Completed,Approved,7,No,
APP03741,C03741,2025-08-31,B003,RM006,Savings,Individual,Low,Completed,Approved,10,No,
APP03742,C03742,2025-09-03,B008,RM016,Savings,Individual,Medium,Completed,Approved,2,No,
APP03743,C03743,2025-12-18,B007,RM014,Savings,Individual,Medium,Completed,Approved,10,No,
APP03744,C03744,2025-11-05,B009,RM019,Savings,Individual,Medium,Completed,Approved,2,No,
APP03745,C03745,2025-01-19,B002,RM005,Savings,Individual,Medium,Completed,Approved,9,No,
APP03746,C03746,2025-06-07,B006,RM012,Savings,Individual,Low,Completed,Approved,6,No,
APP03747,C03747,2025-03-10,B009,RM018,Business,Business,Medium,Completed,Approved,7,No,
APP03748,C03748,2025-10-16,B008,RM017,Savings,Individual,Medium,Completed,Approved,8,No,
APP03749,C03749,2025-10-12,B007,RM014,Business,Business,High,Completed,Rejected,8,No,
APP03750,C03750,2025-09-03,B010,RM021,Savings,Individual,Low,Completed,Approved,7,No,
APP03751,C03751,2025-06-27,B003,RM007,Savings,Individual,Low,Completed,Approved,8,No,
APP03752,C03752,2025-10-04,B001,RM002,Savings,Individual,Medium,Completed,Approved,8,No,
APP03753,C03753,2025-05-17,B008,RM016,Business,Business,High,Failed,Rejected,6,No,
APP03754,C03754,2025-09-02,B007,RM014,Current,Business,Medium,Completed,Approved,10,No,
APP03755,C03755,2025-08-31,B010,RM020,Premium,Individual,Low,Completed,Approved,15,Yes,Enhanced Due Diligence
APP03756,C03756,2025-06-30,B010,RM020,Premium,Business,High,Completed,Approved,5,No,
APP03757,C03757,2025-05-03,B003,RM007,Current,Individual,Low,Completed,Approved,6,No,
APP03758,C03758,2025-11-22,B001,RM003,Current,Individual,Medium,Completed,Approved,2,No,
APP03759,C03759,2025-05-27,B005,RM010,Current,Individual,Low,Completed,Approved,2,No,
APP03760,C03760,2025-06-18,B008,RM016,Savings,Individual,Low,Completed,Approved,9,No,
APP03761,C03761,2025-01-21,B004,RM009,Current,Individual,Low,Completed,Approved,3,No,
APP03762,C03762,2025-09-25,B001,RM001,Current,Individual,Low,Completed,Approved,10,No,
APP03763,C03763,2025-11-27,B005,RM011,Savings,Individual,Low,Completed,Approved,7,No,
APP03764,C03764,2025-06-16,B003,RM007,Savings,Individual,Low,Completed,Approved,3,No,
APP03765,C03765,2025-12-07,B001,RM003,Business,Business,Medium,Completed,Approved,6,No,
APP03766,C03766,2025-02-09,B004,RM009,Current,Individual,Low,Completed,Approved,9,No,
APP03767,C03767,2025-02-14,B010,RM020,Savings,Individual,Medium,Completed,Pending,17,Yes,Enhanced Due Diligence
APP03768,C03768,2025-08-15,B002,RM004,Premium,Individual,Low,Completed,Pending,11,No,
APP03769,C03769,2025-07-14,B005,RM011,Premium,Business,High,Completed,Rejected,5,Yes,Sanctions Screening
APP03770,C03770,2025-10-31,B009,RM018,Savings,Individual,High,Completed,Approved,6,No,
APP03771,C03771,2025-04-25,B010,RM021,Savings,Individual,Low,Completed,Approved,6,No,
APP03772,C03772,2025-11-06,B010,RM020,Savings,Individual,Low,Completed,Approved,8,No,
APP03773,C03773,2025-12-23,B006,RM013,Savings,Individual,Low,Pending,Pending,18,No,
APP03774,C03774,2025-10-26,B001,RM003,Current,Individual,Low,Completed,Approved,3,No,
APP03775,C03775,2025-12-25,B006,RM012,Premium,Individual,Medium,Pending,Pending,16,No,
APP03776,C03776,2025-08-24,B003,RM006,Business,Business,Medium,Completed,Approved,2,No,
APP03777,C03777,2025-10-04,B005,RM011,Savings,Individual,Low,Completed,Approved,7,No,
APP03778,C03778,2025-03-25,B008,RM016,Current,Individual,Low,Completed,Approved,2,No,
APP03779,C03779,2025-11-24,B003,RM006,Savings,Individual,Low,Completed,Approved,3,No,
APP03780,C03780,2025-03-10,B003,RM006,Savings,Individual,Medium,Failed,Rejected,2,No,
APP03781,C03781,2025-07-09,B009,RM018,Current,Individual,High,Completed,Approved,4,No,
APP03782,C03782,2025-11-18,B008,RM016,Savings,Individual,High,Failed,Rejected,6,No,
APP03783,C03783,2025-06-04,B004,RM008,Premium,Individual,Low,Pending,Pending,20,No,
APP03784,C03784,2025-07-08,B006,RM013,Premium,Individual,High,Completed,Approved,7,No,
APP03785,C03785,2025-07-11,B006,RM012,Premium,Business,High,Completed,Approved,8,No,
APP03786,C03786,2025-09-22,B010,RM021,Savings,Individual,Medium,Completed,Approved,19,Yes,Sanctions Screening
APP03787,C03787,2025-04-18,B002,RM005,Current,Business,High,Completed,Approved,7,No,
APP03788,C03788,2025-10-25,B002,RM005,Business,Business,High,Pending,Pending,4,No,
APP03789,C03789,2025-03-29,B002,RM004,Savings,Individual,High,Completed,Rejected,4,No,
APP03790,C03790,2025-10-26,B001,RM003,Savings,Individual,High,Completed,Pending,6,No,
APP03791,C03791,2025-04-03,B004,RM008,Current,Individual,High,Completed,Approved,3,No,
APP03792,C03792,2025-07-16,B010,RM020,Savings,Individual,Low,Failed,Rejected,7,No,
APP03793,C03793,2025-08-27,B002,RM005,Current,Individual,Medium,Completed,Approved,6,No,
APP03794,C03794,2025-11-02,B005,RM010,Savings,Individual,High,Completed,Approved,9,No,
APP03795,C03795,2025-12-25,B004,RM009,Premium,Individual,Low,Completed,Approved,2,No,
APP03796,C03796,2025-03-08,B005,RM010,Business,Business,High,Completed,Pending,5,Yes,Compliance Review
APP03797,C03797,2025-11-20,B007,RM014,Premium,Individual,Low,Completed,Approved,6,No,
APP03798,C03798,2025-04-17,B007,RM014,Savings,Individual,Low,Completed,Approved,8,No,
APP03799,C03799,2025-04-17,B003,RM007,Savings,Individual,Medium,Completed,Approved,8,No,
APP03800,C03800,2025-11-23,B007,RM015,Savings,Individual,Low,Completed,Approved,9,No,
APP03801,C03801,2025-01-20,B007,RM015,Savings,Individual,High,Completed,Approved,3,No,
APP03802,C03802,2025-05-18,B009,RM019,Premium,Individual,Medium,Completed,Approved,7,No,
APP03803,C03803,2025-02-18,B009,RM018,Savings,Individual,Low,Completed,Approved,10,No,
APP03804,C03804,2025-07-07,B003,RM007,Savings,Individual,Medium,Completed,Approved,6,No,
APP03805,C03805,2025-10-02,B004,RM008,Premium,Individual,Low,Completed,Approved,4,No,
APP03806,C03806,2025-05-06,B010,RM021,Current,Individual,Low,Completed,Approved,4,No,
APP03807,C03807,2025-05-12,B009,RM018,Savings,Individual,Medium,Completed,Approved,7,No,
APP03808,C03808,2025-05-02,B008,RM016,Savings,Individual,Medium,Completed,Approved,3,No,
APP03809,C03809,2025-04-26,B008,RM016,Savings,Individual,Low,Completed,Pending,9,Yes,KYC Documentation
APP03810,C03810,2025-08-31,B001,RM002,Savings,Individual,Low,Completed,Approved,2,No,
APP03811,C03811,2025-09-17,B009,RM019,Current,Individual,Low,Completed,Approved,5,No,
APP03812,C03812,2025-04-23,B003,RM007,Savings,Individual,Medium,Completed,Approved,10,No,
APP03813,C03813,2025-07-09,B007,RM015,Premium,Individual,Low,Completed,Approved,13,Yes,Risk Assessment
APP03814,C03814,2025-04-18,B002,RM004,Current,Business,Medium,Completed,Approved,8,No,
APP03815,C03815,2025-10-24,B005,RM011,Savings,Individual,High,Completed,Pending,16,Yes,KYC Documentation
APP03816,C03816,2025-09-08,B009,RM019,Savings,Individual,Low,Completed,Approved,5,No,
APP03817,C03817,2025-09-26,B007,RM015,Current,Individual,Low,Completed,Approved,4,No,
APP03818,C03818,2025-07-27,B007,RM015,Current,Business,Medium,Completed,Approved,5,Yes,Risk Assessment
APP03819,C03819,2025-06-05,B010,RM021,Current,Business,Medium,Completed,Approved,3,No,
APP03820,C03820,2025-08-21,B007,RM014,Current,Business,Medium,Completed,Approved,17,Yes,KYC Documentation
APP03821,C03821,2025-06-27,B002,RM005,Business,Business,High,Completed,Pending,6,No,
APP03822,C03822,2025-11-27,B005,RM010,Savings,Individual,Low,Completed,Approved,9,No,
APP03823,C03823,2025-12-31,B010,RM020,Current,Individual,High,Completed,Approved,10,Yes,Enhanced Due Diligence
APP03824,C03824,2025-01-22,B001,RM003,Savings,Individual,Medium,Completed,Approved,7,Yes,KYC Documentation
APP03825,C03825,2025-10-21,B007,RM015,Current,Individual,Medium,Completed,Approved,20,Yes,KYC Documentation
APP03826,C03826,2025-02-21,B007,RM014,Current,Individual,Low,Completed,Approved,7,No,
APP03827,C03827,2025-10-30,B009,RM018,Current,Individual,Low,Completed,Approved,6,No,
APP03828,C03828,2025-03-17,B003,RM007,Current,Individual,Low,Completed,Approved,8,No,
APP03829,C03829,2025-02-25,B003,RM006,Premium,Individual,Low,Completed,Approved,8,No,
APP03830,C03830,2025-12-14,B006,RM012,Savings,Individual,Low,Completed,Approved,2,No,
APP03831,C03831,2025-03-09,B007,RM014,Savings,Individual,Medium,Completed,Approved,4,No,
APP03832,C03832,2025-05-14,B005,RM010,Business,Business,High,Completed,Approved,5,Yes,Enhanced Due Diligence
APP03833,C03833,2025-03-18,B010,RM020,Current,Business,Medium,Completed,Approved,5,Yes,Risk Assessment
APP03834,C03834,2025-01-14,B006,RM013,Savings,Individual,Medium,Completed,Approved,4,No,
APP03835,C03835,2025-10-06,B008,RM017,Premium,Individual,Medium,Completed,Approved,7,No,
APP03836,C03836,2025-02-01,B005,RM010,Premium,Individual,Low,Completed,Approved,5,No,
APP03837,C03837,2025-06-21,B002,RM005,Savings,Individual,Medium,Completed,Approved,8,No,
APP03838,C03838,2025-03-01,B005,RM011,Savings,Individual,Low,Completed,Approved,6,No,
APP03839,C03839,2025-12-23,B002,RM004,Current,Individual,Low,Completed,Approved,8,No,
APP03840,C03840,2025-05-27,B001,RM002,Premium,Individual,Low,Completed,Approved,9,No,
APP03841,C03841,2025-08-23,B002,RM005,Current,Business,Medium,Completed,Approved,6,No,
APP03842,C03842,2025-01-02,B003,RM006,Current,Individual,Low,Completed,Approved,6,Yes,KYC Documentation
APP03843,C03843,2025-07-20,B004,RM009,Business,Business,Medium,Completed,Approved,4,No,
APP03844,C03844,2025-09-06,B009,RM019,Savings,Individual,Low,Pending,Pending,4,No,
APP03845,C03845,2025-06-21,B001,RM001,Current,Individual,Medium,Completed,Approved,3,No,
APP03846,C03846,2025-09-08,B006,RM012,Current,Individual,Low,Completed,Approved,4,No,
APP03847,C03847,2025-10-28,B008,RM016,Savings,Individual,High,Completed,Approved,10,No,
APP03848,C03848,2025-10-20,B004,RM008,Business,Business,Medium,Completed,Approved,10,No,
APP03849,C03849,2025-04-04,B007,RM015,Savings,Individual,Low,Completed,Approved,3,No,
APP03850,C03850,2025-05-24,B005,RM011,Savings,Individual,Low,Completed,Approved,4,No,
APP03851,C03851,2025-09-29,B006,RM012,Current,Individual,Medium,Pending,Pending,7,No,
APP03852,C03852,2025-09-25,B001,RM002,Current,Individual,Low,Completed,Approved,7,No,
APP03853,C03853,2025-04-01,B004,RM008,Premium,Business,High,Completed,Pending,5,Yes,Sanctions Screening
APP03854,C03854,2025-07-17,B003,RM007,Savings,Individual,Low,Completed,Approved,6,No,
APP03855,C03855,2025-01-22,B006,RM013,Business,Business,High,Pending,Pending,4,No,
APP03856,C03856,2025-05-23,B001,RM003,Savings,Individual,Medium,Completed,Approved,4,No,
APP03857,C03857,2025-04-05,B002,RM005,Current,Business,High,Completed,Approved,17,Yes,Risk Assessment
APP03858,C03858,2025-08-15,B005,RM011,Savings,Individual,Medium,Completed,Approved,5,No,
APP03859,C03859,2025-10-22,B007,RM014,Savings,Individual,Medium,Completed,Approved,7,No,
APP03860,C03860,2025-01-18,B010,RM021,Savings,Individual,Medium,Completed,Approved,5,No,
APP03861,C03861,2025-04-11,B001,RM002,Current,Individual,Medium,Completed,Approved,5,No,
APP03862,C03862,2025-06-25,B005,RM011,Current,Individual,Medium,Completed,Pending,12,No,
APP03863,C03863,2025-04-17,B007,RM015,Current,Business,Medium,Completed,Approved,7,No,
APP03864,C03864,2025-11-16,B001,RM002,Savings,Individual,Medium,Completed,Pending,5,No,
APP03865,C03865,2025-06-24,B008,RM017,Savings,Individual,Low,Completed,Pending,13,Yes,Sanctions Screening
APP03866,C03866,2025-06-24,B005,RM011,Savings,Individual,Low,Completed,Approved,10,No,
APP03867,C03867,2025-12-25,B005,RM011,Savings,Individual,Low,Failed,Rejected,4,No,
APP03868,C03868,2025-09-02,B007,RM015,Savings,Individual,Low,Completed,Approved,5,No,
APP03869,C03869,2025-01-08,B006,RM013,Savings,Individual,Low,Completed,Approved,7,Yes,KYC Documentation
APP03870,C03870,2025-10-13,B009,RM018,Savings,Individual,Medium,Completed,Approved,6,No,
APP03871,C03871,2025-07-21,B010,RM020,Current,Business,High,Completed,Approved,7,No,
APP03872,C03872,2025-03-28,B007,RM015,Savings,Individual,Low,Completed,Approved,7,No,
APP03873,C03873,2025-11-27,B002,RM004,Current,Individual,Low,Completed,Approved,8,No,
APP03874,C03874,2025-10-20,B008,RM016,Current,Individual,Low,Completed,Approved,2,No,
APP03875,C03875,2025-03-30,B008,RM016,Current,Individual,High,Completed,Rejected,13,Yes,Risk Assessment
APP03876,C03876,2025-11-17,B004,RM009,Current,Individual,Medium,Completed,Approved,7,No,
APP03877,C03877,2025-07-01,B004,RM009,Savings,Individual,Low,Completed,Approved,3,No,
APP03878,C03878,2025-03-15,B004,RM008,Business,Business,Medium,Completed,Approved,10,No,
APP03879,C03879,2025-01-14,B001,RM003,Business,Business,Medium,Completed,Approved,2,No,
APP03880,C03880,2025-06-10,B008,RM016,Current,Business,High,Completed,Approved,5,No,
APP03881,C03881,2025-08-06,B003,RM007,Savings,Individual,Medium,Completed,Approved,7,No,
APP03882,C03882,2025-04-12,B010,RM021,Savings,Individual,Medium,Failed,Rejected,3,No,
APP03883,C03883,2025-01-13,B004,RM009,Savings,Individual,Medium,Completed,Approved,5,No,
APP03884,C03884,2025-03-13,B006,RM012,Premium,Business,Medium,Failed,Rejected,7,No,
APP03885,C03885,2025-02-04,B009,RM018,Savings,Individual,Low,Completed,Approved,5,No,
APP03886,C03886,2025-09-02,B004,RM009,Current,Individual,High,Completed,Pending,13,Yes,Risk Assessment
APP03887,C03887,2025-04-08,B003,RM006,Savings,Individual,Medium,Completed,Approved,18,Yes,Enhanced Due Diligence
APP03888,C03888,2025-10-01,B006,RM012,Premium,Individual,Medium,Completed,Approved,7,No,
APP03889,C03889,2025-05-04,B005,RM011,Current,Individual,Medium,Completed,Approved,4,No,
APP03890,C03890,2025-03-25,B001,RM003,Current,Business,High,Failed,Rejected,3,No,
APP03891,C03891,2025-07-25,B007,RM014,Current,Individual,Medium,Completed,Approved,9,No,
APP03892,C03892,2025-02-01,B006,RM012,Savings,Individual,High,Completed,Approved,6,No,
APP03893,C03893,2025-05-25,B010,RM020,Current,Business,Medium,Completed,Pending,12,No,
APP03894,C03894,2025-01-19,B007,RM014,Premium,Individual,Low,Completed,Approved,10,No,
APP03895,C03895,2025-02-10,B003,RM006,Premium,Individual,Medium,Completed,Approved,3,No,
APP03896,C03896,2025-03-11,B002,RM005,Current,Individual,Low,Completed,Approved,2,No,
APP03897,C03897,2025-07-10,B005,RM010,Current,Individual,Medium,Completed,Pending,8,No,
APP03898,C03898,2025-02-27,B005,RM011,Premium,Business,Medium,Completed,Approved,2,No,
APP03899,C03899,2025-01-14,B005,RM010,Business,Business,High,Completed,Pending,6,No,
APP03900,C03900,2025-08-13,B006,RM012,Current,Business,High,Completed,Rejected,14,Yes,Enhanced Due Diligence
APP03901,C03901,2025-10-19,B004,RM009,Current,Individual,Low,Completed,Approved,11,Yes,Sanctions Screening
APP03902,C03902,2025-01-09,B007,RM014,Current,Business,Medium,Completed,Approved,6,No,
APP03903,C03903,2025-02-13,B005,RM011,Premium,Individual,High,Completed,Approved,13,Yes,Enhanced Due Diligence
APP03904,C03904,2025-12-17,B004,RM009,Savings,Individual,Low,Pending,Pending,3,No,
APP03905,C03905,2025-01-15,B004,RM009,Savings,Individual,Low,Completed,Approved,3,No,
APP03906,C03906,2025-07-06,B008,RM017,Premium,Individual,Low,Completed,Approved,2,No,
APP03907,C03907,2025-07-18,B009,RM019,Current,Individual,Medium,Completed,Approved,7,No,
APP03908,C03908,2025-11-28,B008,RM016,Savings,Individual,Low,Completed,Approved,7,No,
APP03909,C03909,2025-02-06,B001,RM001,Premium,Business,Medium,Completed,Pending,13,Yes,KYC Documentation
APP03910,C03910,2025-03-09,B009,RM018,Savings,Individual,Low,Pending,Pending,16,No,
APP03911,C03911,2025-01-27,B007,RM015,Current,Business,High,Completed,Rejected,17,Yes,Risk Assessment
APP03912,C03912,2025-02-28,B010,RM020,Savings,Individual,Low,Completed,Approved,8,No,
APP03913,C03913,2025-03-31,B005,RM011,Current,Individual,Low,Pending,Pending,16,No,
APP03914,C03914,2025-02-19,B003,RM006,Current,Individual,Low,Completed,Approved,6,No,
APP03915,C03915,2025-02-27,B001,RM003,Premium,Business,Medium,Completed,Pending,15,Yes,Compliance Review
APP03916,C03916,2025-01-06,B009,RM018,Current,Individual,Low,Completed,Approved,4,No,
APP03917,C03917,2025-06-12,B006,RM012,Savings,Individual,Low,Completed,Approved,9,No,
APP03918,C03918,2025-04-13,B006,RM012,Current,Individual,Medium,Completed,Approved,19,Yes,Enhanced Due Diligence
APP03919,C03919,2025-03-16,B001,RM002,Savings,Individual,Low,Completed,Approved,14,Yes,Sanctions Screening
APP03920,C03920,2025-06-14,B010,RM021,Savings,Individual,Low,Completed,Approved,2,No,
APP03921,C03921,2025-10-08,B010,RM020,Current,Individual,Low,Completed,Approved,8,No,
APP03922,C03922,2025-12-12,B002,RM004,Premium,Individual,Low,Completed,Pending,12,No,
APP03923,C03923,2025-07-28,B002,RM005,Current,Individual,Medium,Completed,Pending,12,No,
APP03924,C03924,2025-02-08,B002,RM004,Business,Business,High,Pending,Pending,19,No,
APP03925,C03925,2025-02-20,B010,RM020,Business,Business,Medium,Pending,Pending,9,No,
APP03926,C03926,2025-01-31,B010,RM021,Savings,Individual,Medium,Completed,Approved,3,No,
APP03927,C03927,2025-03-26,B006,RM012,Current,Individual,Low,Completed,Approved,3,No,
APP03928,C03928,2025-10-28,B007,RM014,Savings,Individual,Low,Completed,Approved,4,No,
APP03929,C03929,2025-09-22,B010,RM020,Current,Individual,Medium,Completed,Approved,3,No,
APP03930,C03930,2025-06-21,B007,RM015,Savings,Individual,Medium,Completed,Approved,4,No,
APP03931,C03931,2025-07-02,B005,RM011,Savings,Individual,Low,Completed,Approved,2,No,
APP03932,C03932,2025-03-18,B008,RM016,Premium,Business,High,Completed,Approved,12,Yes,Enhanced Due Diligence
APP03933,C03933,2025-09-30,B004,RM009,Current,Individual,Low,Pending,Pending,14,No,
APP03934,C03934,2025-11-17,B008,RM017,Current,Individual,Medium,Completed,Approved,6,No,
APP03935,C03935,2025-10-08,B006,RM013,Premium,Business,High,Completed,Rejected,10,Yes,KYC Documentation
APP03936,C03936,2025-10-17,B008,RM017,Premium,Individual,Medium,Completed,Approved,4,No,
APP03937,C03937,2025-05-19,B001,RM001,Business,Business,Medium,Completed,Approved,9,No,
APP03938,C03938,2025-11-13,B010,RM021,Business,Business,High,Completed,Approved,10,No,
APP03939,C03939,2025-02-04,B002,RM005,Current,Business,Medium,Completed,Approved,9,Yes,Risk Assessment
APP03940,C03940,2025-05-09,B008,RM017,Savings,Individual,Medium,Failed,Rejected,6,No,
APP03941,C03941,2025-11-09,B008,RM017,Savings,Individual,Low,Completed,Approved,5,No,
APP03942,C03942,2025-04-08,B001,RM001,Savings,Individual,Low,Completed,Approved,4,No,
APP03943,C03943,2025-01-29,B006,RM013,Premium,Individual,Low,Completed,Approved,8,No,
APP03944,C03944,2025-02-12,B007,RM014,Current,Individual,Low,Completed,Approved,3,No,
APP03945,C03945,2025-08-17,B008,RM016,Savings,Individual,Medium,Completed,Approved,7,No,
APP03946,C03946,2025-03-01,B004,RM009,Business,Business,High,Completed,Pending,17,No,
APP03947,C03947,2025-01-30,B003,RM007,Savings,Individual,Low,Pending,Pending,18,No,
APP03948,C03948,2025-08-03,B008,RM016,Current,Business,Medium,Failed,Rejected,5,No,
APP03949,C03949,2025-02-26,B001,RM001,Current,Individual,Low,Failed,Rejected,2,No,
APP03950,C03950,2025-10-11,B004,RM009,Savings,Individual,Low,Completed,Approved,4,No,
APP03951,C03951,2025-12-04,B004,RM008,Business,Business,Medium,Completed,Approved,9,No,
APP03952,C03952,2025-04-21,B007,RM015,Current,Individual,High,Completed,Approved,12,Yes,Sanctions Screening
APP03953,C03953,2025-04-16,B010,RM020,Current,Business,Medium,Completed,Approved,7,No,
APP03954,C03954,2025-01-23,B003,RM007,Premium,Individual,Low,Completed,Approved,9,No,
APP03955,C03955,2025-08-08,B001,RM003,Savings,Individual,Medium,Completed,Approved,10,No,
APP03956,C03956,2025-11-27,B005,RM010,Current,Business,Medium,Completed,Rejected,6,Yes,Risk Assessment
APP03957,C03957,2025-12-14,B009,RM019,Premium,Individual,Low,Completed,Approved,4,No,
APP03958,C03958,2025-07-04,B001,RM002,Premium,Individual,Low,Completed,Approved,2,No,
APP03959,C03959,2025-06-29,B001,RM001,Premium,Individual,Low,Failed,Rejected,4,No,
APP03960,C03960,2025-08-09,B003,RM007,Savings,Individual,Low,Pending,Pending,10,No,
APP03961,C03961,2025-02-09,B008,RM017,Savings,Individual,High,Completed,Pending,9,No,
APP03962,C03962,2025-05-14,B007,RM015,Premium,Business,Medium,Completed,Approved,5,Yes,Enhanced Due Diligence
APP03963,C03963,2025-12-24,B010,RM020,Business,Business,High,Completed,Rejected,6,No,
APP03964,C03964,2025-01-22,B002,RM005,Savings,Individual,Medium,Completed,Pending,8,Yes,Enhanced Due Diligence
APP03965,C03965,2025-06-08,B010,RM020,Business,Business,Medium,Completed,Approved,10,No,
APP03966,C03966,2025-05-15,B004,RM009,Savings,Individual,Low,Completed,Approved,3,No,
APP03967,C03967,2025-08-19,B002,RM004,Savings,Individual,Low,Completed,Pending,7,No,
APP03968,C03968,2025-03-02,B001,RM003,Current,Individual,Low,Completed,Approved,2,No,
APP03969,C03969,2025-12-21,B006,RM013,Savings,Individual,High,Failed,Rejected,2,No,
APP03970,C03970,2025-05-23,B002,RM004,Savings,Individual,Low,Completed,Approved,5,No,
APP03971,C03971,2025-02-23,B001,RM001,Business,Business,Medium,Completed,Approved,4,No,
APP03972,C03972,2025-04-01,B001,RM002,Savings,Individual,Low,Completed,Approved,10,No,
APP03973,C03973,2025-07-21,B005,RM010,Business,Business,High,Completed,Approved,11,Yes,Sanctions Screening
APP03974,C03974,2025-08-06,B008,RM016,Current,Individual,Low,Completed,Approved,7,No,
APP03975,C03975,2025-07-22,B001,RM003,Business,Business,High,Completed,Approved,7,No,
APP03976,C03976,2025-02-08,B004,RM008,Savings,Individual,Medium,Pending,Pending,8,No,
APP03977,C03977,2025-05-13,B010,RM020,Savings,Individual,Medium,Completed,Approved,5,No,
APP03978,C03978,2025-11-03,B008,RM017,Current,Individual,Low,Pending,Pending,16,No,
APP03979,C03979,2025-01-01,B009,RM019,Current,Individual,Low,Completed,Approved,2,No,
APP03980,C03980,2025-01-14,B010,RM020,Savings,Individual,Low,Completed,Approved,3,No,
APP03981,C03981,2025-01-02,B008,RM016,Current,Business,Medium,Completed,Pending,9,Yes,Compliance Review
APP03982,C03982,2025-05-03,B006,RM013,Savings,Individual,High,Completed,Rejected,5,Yes,Risk Assessment
APP03983,C03983,2025-11-02,B008,RM017,Business,Business,Medium,Completed,Rejected,20,Yes,KYC Documentation
APP03984,C03984,2025-12-27,B008,RM017,Current,Individual,Medium,Completed,Approved,8,No,
APP03985,C03985,2025-07-24,B008,RM017,Premium,Individual,Low,Completed,Approved,13,Yes,Compliance Review
APP03986,C03986,2025-06-09,B009,RM018,Current,Individual,Low,Completed,Approved,6,No,
APP03987,C03987,2025-12-10,B008,RM016,Premium,Individual,High,Completed,Approved,8,No,
APP03988,C03988,2025-11-28,B003,RM006,Current,Individual,Medium,Completed,Rejected,7,No,
APP03989,C03989,2025-08-16,B005,RM011,Current,Individual,Low,Completed,Approved,2,No,
APP03990,C03990,2025-03-28,B006,RM013,Current,Business,High,Completed,Approved,14,Yes,Risk Assessment
APP03991,C03991,2025-07-31,B001,RM001,Savings,Individual,Low,Completed,Approved,3,No,
APP03992,C03992,2025-12-29,B001,RM002,Savings,Individual,Low,Completed,Approved,8,No,
APP03993,C03993,2025-05-09,B001,RM003,Premium,Individual,Medium,Pending,Pending,20,No,
APP03994,C03994,2025-10-22,B003,RM007,Savings,Individual,Low,Pending,Pending,7,No,
APP03995,C03995,2025-12-09,B003,RM006,Current,Business,High,Completed,Approved,3,No,
APP03996,C03996,2025-09-30,B004,RM009,Savings,Individual,Medium,Completed,Approved,9,No,
APP03997,C03997,2025-07-30,B001,RM002,Premium,Individual,Medium,Completed,Approved,5,No,
APP03998,C03998,2025-04-25,B008,RM017,Premium,Individual,Low,Completed,Approved,8,No,
APP03999,C03999,2025-11-26,B006,RM013,Business,Business,High,Completed,Pending,15,No,
APP04000,C04000,2025-08-13,B003,RM007,Current,Individual,Low,Completed,Approved,6,No,
