Customer_ID,Customer_Type,Age,Annual_Income,Account_Type,Risk_Level,Branch_ID,RM_ID
C00001,Individual,52.0,90708,Savings,Low,B009,RM018
C00002,Individual,71.0,83665,Savings,Low,B006,RM013
C00003,Individual,31.0,117170,Premium,Low,B008,RM017
C00004,Business,,137452,Business,Medium,B009,RM019
C00005,Individual,55.0,78242,Savings,Low,B003,RM006
C00006,Individual,66.0,21592,Savings,Low,B007,RM014
C00007,Individual,42.0,70674,Savings,High,B001,RM001
C00008,Individual,61.0,97486,Current,Low,B005,RM010
C00009,Individual,18.0,177399,Current,High,B003,RM007
C00010,Business,,612942,Current,Medium,B004,RM009
C00011,Individual,28.0,74757,Premium,Medium,B008,RM017
C00012,Individual,41.0,100153,Savings,Low,B010,RM020
C00013,Individual,49.0,114911,Current,Low,B008,RM016
C00014,Individual,51.0,107730,Premium,High,B004,RM008
C00015,Individual,60.0,68711,Premium,Low,B004,RM008
C00016,Individual,19.0,55080,Current,Low,B001,RM002
C00017,Individual,20.0,84643,Savings,Low,B008,RM016
C00018,Individual,64.0,117423,Current,Low,B008,RM017
C00019,Individual,24.0,63219,Savings,Low,B001,RM001
C00020,Individual,59.0,31193,Current,Medium,B002,RM005
C00021,Individual,52.0,67648,Savings,Low,B002,RM004
C00022,Business,,402664,Business,High,B001,RM001
C00023,Business,,474389,Business,Medium,B007,RM015
C00024,Individual,18.0,137380,Premium,Medium,B005,RM011
C00025,Individual,64.0,156422,Current,Medium,B004,RM009
C00026,Individual,21.0,75533,Savings,Low,B001,RM003
C00027,Individual,72.0,43727,Premium,Low,B003,RM007
C00028,Individual,61.0,106461,Savings,High,B004,RM009
C00029,Individual,57.0,39540,Current,Low,B005,RM010
C00030,Individual,38.0,30969,Savings,Low,B008,RM016
C00031,Business,,1039071,Business,High,B002,RM004
C00032,Individual,50.0,62872,Premium,Medium,B006,RM012
C00033,Individual,71.0,59825,Current,High,B009,RM018
C00034,Individual,53.0,46788,Premium,Low,B002,RM005
C00035,Individual,27.0,79638,Savings,Low,B005,RM010
C00036,Individual,75.0,83329,Savings,Medium,B005,RM010
C00037,Individual,67.0,26583,Savings,Low,B007,RM015
C00038,Individual,22.0,89768,Savings,Medium,B010,RM021
C00039,Individual,26.0,29948,Premium,Medium,B001,RM003
C00040,Individual,33.0,63178,Current,Medium,B007,RM014
C00041,Individual,33.0,91603,Premium,Low,B006,RM013
C00042,Business,,560222,Business,High,B002,RM004
C00043,Business,,533238,Business,High,B006,RM013
C00044,Business,,533752,Business,Medium,B006,RM013
C00045,Business,,2170735,Business,Medium,B009,RM019
C00046,Business,,57118,Business,High,B005,RM010
C00047,Individual,45.0,60557,Savings,High,B002,RM005
C00048,Business,,42908,Current,Medium,B009,RM018
C00049,Individual,65.0,92912,Savings,Low,B006,RM012
C00050,Individual,72.0,27840,Savings,Low,B006,RM013
C00051,Individual,53.0,31777,Current,Low,B003,RM006
C00052,Individual,43.0,40026,Savings,Low,B010,RM021
C00053,Individual,47.0,54005,Savings,Medium,B003,RM007
C00054,Individual,50.0,61966,Savings,High,B004,RM008
C00055,Individual,69.0,18800,Savings,High,B010,RM021
C00056,Individual,74.0,52742,Current,Low,B007,RM015
C00057,Individual,62.0,21492,Current,Low,B009,RM019
C00058,Individual,33.0,87953,Savings,Medium,B009,RM018
C00059,Individual,66.0,113081,Savings,High,B008,RM016
C00060,Individual,48.0,56203,Current,Low,B009,RM018
C00061,Individual,35.0,58725,Savings,Low,B009,RM018
C00062,Individual,32.0,50014,Current,Low,B007,RM015
C00063,Individual,44.0,31767,Savings,Medium,B001,RM001
C00064,Individual,18.0,99569,Current,High,B007,RM014
C00065,Individual,52.0,94453,Savings,Low,B008,RM017
C00066,Individual,60.0,66497,Current,Medium,B003,RM007
C00067,Individual,43.0,41776,Savings,Low,B008,RM016
C00068,Individual,42.0,69799,Savings,Medium,B007,RM014
C00069,Individual,71.0,45367,Savings,Medium,B001,RM003
C00070,Individual,22.0,82638,Current,High,B004,RM009
C00071,Individual,33.0,39936,Savings,Medium,B008,RM016
C00072,Individual,41.0,37898,Premium,Low,B003,RM007
C00073,Individual,19.0,117735,Current,High,B007,RM015
C00074,Individual,55.0,55915,Savings,Medium,B010,RM020
C00075,Individual,54.0,102754,Savings,Medium,B002,RM005
C00076,Individual,18.0,112125,Savings,High,B008,RM016
C00077,Individual,29.0,97700,Current,High,B008,RM016
C00078,Individual,64.0,61122,Premium,Medium,B002,RM005
C00079,Business,,70455,Business,High,B006,RM013
C00080,Individual,38.0,24950,Savings,Low,B005,RM011
C00081,Individual,35.0,73857,Premium,Low,B007,RM015
C00082,Individual,33.0,72166,Savings,Low,B005,RM010
C00083,Individual,33.0,78112,Savings,Medium,B006,RM012
C00084,Business,,192225,Current,Medium,B005,RM011
C00085,Individual,30.0,75118,Premium,Medium,B004,RM008
C00086,Individual,35.0,114382,Current,High,B004,RM008
C00087,Individual,29.0,75005,Savings,Low,B001,RM002
C00088,Individual,26.0,72170,Savings,Low,B005,RM010
C00089,Individual,39.0,19683,Savings,Medium,B002,RM004
C00090,Individual,22.0,43513,Savings,Medium,B005,RM011
C00091,Business,,90098,Business,Medium,B010,RM020
C00092,Individual,42.0,69014,Savings,Medium,B007,RM015
C00093,Individual,21.0,46503,Premium,Low,B004,RM008
C00094,Individual,28.0,36087,Savings,Low,B008,RM017
C00095,Individual,36.0,27440,Current,Low,B008,RM017
C00096,Individual,34.0,118652,Current,High,B007,RM014
C00097,Individual,59.0,26704,Current,Low,B003,RM007
C00098,Individual,70.0,58914,Savings,Low,B005,RM010
C00099,Individual,35.0,72361,Savings,Medium,B007,RM015
C00100,Individual,34.0,25501,Premium,Medium,B010,RM021
C00101,Business,,3819753,Current,Medium,B003,RM006
C00102,Individual,46.0,91894,Premium,Medium,B008,RM016
C00103,Individual,44.0,46855,Premium,Low,B008,RM016
C00104,Individual,43.0,116051,Savings,Low,B005,RM010
C00105,Individual,67.0,73724,Current,Low,B009,RM018
C00106,Individual,30.0,72669,Current,Medium,B004,RM008
C00107,Individual,36.0,71766,Savings,High,B010,RM020
C00108,Individual,37.0,76192,Savings,Low,B002,RM004
C00109,Business,,140362,Business,High,B009,RM019
C00110,Individual,71.0,70947,Savings,Medium,B007,RM014
C00111,Business,,135784,Current,Medium,B007,RM015
C00112,Business,,100672,Business,Medium,B010,RM021
C00113,Business,,138953,Business,Medium,B006,RM012
C00114,Individual,42.0,61088,Premium,High,B004,RM009
C00115,Individual,72.0,82860,Savings,Medium,B007,RM014
C00116,Business,,983691,Premium,Medium,B001,RM002
C00117,Individual,55.0,46577,Premium,Low,B009,RM018
C00118,Individual,27.0,50116,Savings,Medium,B005,RM011
C00119,Individual,43.0,61532,Premium,Medium,B007,RM015
C00120,Individual,74.0,115456,Savings,Low,B005,RM010
C00121,Individual,45.0,169831,Current,High,B008,RM016
C00122,Individual,75.0,28629,Current,Low,B006,RM012
C00123,Individual,51.0,51800,Savings,Low,B007,RM015
C00124,Individual,49.0,89379,Savings,Medium,B008,RM016
C00125,Individual,75.0,98850,Current,Low,B008,RM016
C00126,Business,,67807,Current,Medium,B005,RM011
C00127,Business,,411834,Business,Medium,B010,RM020
C00128,Business,,94397,Current,Medium,B010,RM021
C00129,Individual,21.0,112553,Current,High,B004,RM008
C00130,Business,,52460,Current,High,B003,RM006
C00131,Individual,58.0,60246,Current,Low,B006,RM013
C00132,Individual,36.0,67230,Savings,Low,B009,RM019
C00133,Individual,35.0,96840,Premium,High,B005,RM010
C00134,Business,,791081,Premium,Medium,B004,RM009
C00135,Individual,43.0,172729,Current,Low,B007,RM014
C00136,Individual,25.0,57181,Current,Medium,B006,RM012
C00137,Individual,48.0,36396,Savings,Low,B002,RM005
C00138,Business,,616869,Current,Medium,B001,RM003
C00139,Individual,49.0,25693,Premium,Low,B008,RM017
C00140,Individual,65.0,75402,Savings,Medium,B003,RM007
C00141,Individual,71.0,66746,Premium,Low,B006,RM013
C00142,Individual,33.0,86511,Premium,Low,B006,RM013
C00143,Individual,30.0,175576,Current,Low,B004,RM009
C00144,Individual,19.0,28928,Savings,Low,B010,RM020
C00145,Individual,66.0,78429,Savings,Medium,B006,RM013
C00146,Individual,56.0,22741,Premium,Low,B003,RM006
C00147,Individual,19.0,29738,Current,Low,B006,RM013
C00148,Individual,21.0,31794,Savings,Low,B008,RM017
C00149,Individual,50.0,69622,Savings,High,B001,RM001
C00150,Individual,73.0,59767,Savings,High,B001,RM003
C00151,Business,,128301,Business,High,B002,RM004
C00152,Individual,27.0,27011,Current,Low,B006,RM013
C00153,Business,,218938,Business,Medium,B002,RM004
C00154,Individual,67.0,54091,Savings,Medium,B007,RM015
C00155,Business,,291263,Business,Medium,B005,RM011
C00156,Business,,224326,Business,High,B002,RM005
C00157,Individual,65.0,48527,Current,Medium,B009,RM019
C00158,Individual,25.0,67717,Premium,Medium,B005,RM011
C00159,Individual,24.0,53942,Savings,Low,B002,RM004
C00160,Business,,299912,Business,Medium,B007,RM014
C00161,Business,,943378,Current,Medium,B010,RM020
C00162,Business,,51823,Business,High,B006,RM013
C00163,Individual,73.0,39539,Savings,Low,B001,RM003
C00164,Individual,31.0,69730,Savings,Low,B006,RM013
C00165,Individual,74.0,23158,Current,Low,B002,RM005
C00166,Individual,45.0,68969,Savings,Low,B009,RM018
C00167,Individual,25.0,78871,Savings,Medium,B001,RM002
C00168,Individual,56.0,24698,Savings,Low,B003,RM007
C00169,Individual,25.0,32111,Savings,Low,B004,RM008
C00170,Individual,60.0,84723,Savings,Medium,B007,RM015
C00171,Individual,22.0,117732,Savings,Medium,B007,RM014
C00172,Individual,19.0,131263,Current,Medium,B006,RM012
C00173,Individual,24.0,37296,Savings,Low,B005,RM010
C00174,Individual,39.0,85005,Savings,Low,B009,RM018
C00175,Business,,290678,Premium,Medium,B003,RM007
C00176,Individual,34.0,37739,Savings,Medium,B002,RM005
C00177,Business,,221622,Current,High,B008,RM017
C00178,Business,,266539,Premium,Medium,B006,RM012
C00179,Individual,48.0,59845,Current,Medium,B006,RM013
C00180,Individual,47.0,43728,Savings,Low,B002,RM005
C00181,Individual,42.0,76327,Premium,Medium,B001,RM001
C00182,Business,,149345,Business,Medium,B003,RM006
C00183,Individual,69.0,102507,Premium,Low,B003,RM007
C00184,Individual,46.0,154345,Savings,Low,B006,RM012
C00185,Individual,67.0,79183,Savings,Medium,B006,RM012
C00186,Individual,53.0,58621,Savings,Medium,B010,RM020
C00187,Individual,55.0,62925,Savings,Medium,B007,RM014
C00188,Individual,23.0,64686,Current,Low,B003,RM007
C00189,Individual,65.0,179798,Savings,Medium,B007,RM014
C00190,Individual,41.0,54037,Savings,Medium,B004,RM008
C00191,Business,,59385,Current,Medium,B009,RM018
C00192,Business,,62070,Current,Medium,B010,RM020
C00193,Individual,29.0,90848,Current,Low,B006,RM012
C00194,Individual,46.0,69420,Savings,Low,B008,RM016
C00195,Individual,54.0,150256,Current,Medium,B009,RM019
C00196,Individual,28.0,119627,Savings,Low,B008,RM017
C00197,Individual,24.0,113810,Premium,Low,B003,RM007
C00198,Individual,50.0,32335,Savings,Medium,B008,RM017
C00199,Business,,203928,Business,Medium,B002,RM004
C00200,Individual,38.0,101973,Current,Low,B005,RM010
C00201,Individual,26.0,110743,Savings,Low,B002,RM004
C00202,Individual,71.0,37951,Savings,Low,B005,RM011
C00203,Individual,21.0,38937,Current,Low,B002,RM005
C00204,Individual,19.0,77686,Savings,Low,B007,RM014
C00205,Individual,33.0,52275,Current,Low,B006,RM012
C00206,Business,,233070,Business,Medium,B008,RM017
C00207,Individual,41.0,41064,Savings,Low,B004,RM008
C00208,Individual,24.0,101791,Savings,Low,B006,RM013
C00209,Individual,67.0,71361,Current,Medium,B002,RM004
C00210,Individual,47.0,24605,Savings,Low,B001,RM001
C00211,Business,,242352,Business,Medium,B004,RM008
C00212,Individual,67.0,39487,Savings,Low,B006,RM012
C00213,Business,,705426,Business,Medium,B008,RM016
C00214,Business,,121656,Current,Medium,B010,RM021
C00215,Individual,38.0,28745,Current,Low,B010,RM020
C00216,Individual,62.0,69303,Savings,Medium,B006,RM013
C00217,Business,,91870,Premium,Medium,B007,RM014
C00218,Individual,65.0,42040,Savings,Medium,B008,RM017
C00219,Individual,33.0,104007,Savings,High,B001,RM002
C00220,Individual,46.0,104380,Savings,Low,B003,RM006
C00221,Individual,38.0,56358,Premium,Low,B003,RM007
C00222,Individual,53.0,26529,Current,Low,B010,RM021
C00223,Individual,49.0,22447,Premium,Low,B008,RM017
C00224,Business,,2340448,Current,High,B009,RM018
C00225,Individual,37.0,91409,Current,Medium,B002,RM004
C00226,Individual,33.0,81722,Savings,Medium,B008,RM017
C00227,Individual,74.0,28134,Savings,Low,B008,RM017
C00228,Individual,44.0,84833,Savings,Low,B002,RM005
C00229,Individual,51.0,76130,Current,Low,B003,RM006
C00230,Individual,73.0,22068,Savings,Low,B003,RM007
C00231,Business,,74006,Current,High,B005,RM011
C00232,Individual,53.0,59845,Current,Low,B003,RM006
C00233,Business,,83170,Current,High,B006,RM013
C00234,Individual,73.0,19489,Premium,Medium,B005,RM010
C00235,Individual,54.0,41984,Savings,Medium,B005,RM010
C00236,Business,,279566,Business,Medium,B001,RM002
C00237,Individual,48.0,62294,Current,Low,B006,RM013
C00238,Business,,204521,Business,Medium,B009,RM019
C00239,Individual,47.0,32732,Savings,Low,B005,RM010
C00240,Business,,141864,Current,High,B006,RM013
C00241,Individual,49.0,150593,Savings,Medium,B001,RM001
C00242,Business,,163105,Business,Medium,B001,RM002
C00243,Individual,74.0,110840,Savings,Low,B002,RM004
C00244,Individual,34.0,106427,Savings,Medium,B010,RM021
C00245,Individual,53.0,65319,Savings,Medium,B005,RM011
C00246,Individual,25.0,21168,Savings,Medium,B006,RM013
C00247,Business,,508727,Current,Medium,B001,RM003
C00248,Individual,63.0,71047,Savings,Low,B009,RM019
C00249,Individual,57.0,65752,Premium,Medium,B005,RM011
C00250,Individual,71.0,72102,Current,Low,B001,RM003
C00251,Individual,25.0,158253,Savings,High,B001,RM002
C00252,Individual,59.0,117910,Current,Medium,B010,RM021
C00253,Individual,58.0,104916,Savings,Medium,B001,RM003
C00254,Business,,41241,Business,Medium,B007,RM014
C00255,Individual,50.0,110907,Premium,Medium,B001,RM003
C00256,Individual,31.0,71350,Savings,Low,B003,RM007
C00257,Business,,192874,Current,High,B005,RM011
C00258,Individual,33.0,59562,Savings,High,B005,RM010
C00259,Individual,62.0,100777,Savings,Medium,B005,RM010
C00260,Individual,61.0,65856,Current,High,B003,RM006
C00261,Individual,63.0,32495,Current,Low,B004,RM008
C00262,Business,,76832,Current,Medium,B010,RM020
C00263,Individual,33.0,35401,Savings,Low,B002,RM004
C00264,Individual,48.0,22504,Savings,Low,B003,RM006
C00265,Individual,74.0,111290,Current,Medium,B005,RM010
C00266,Individual,21.0,85862,Current,Low,B001,RM002
C00267,Individual,71.0,19190,Premium,Low,B008,RM017
C00268,Business,,4884092,Business,Medium,B005,RM011
C00269,Individual,39.0,75605,Savings,Medium,B003,RM006
C00270,Individual,30.0,101671,Savings,Medium,B005,RM011
C00271,Individual,65.0,59334,Current,Medium,B003,RM007
C00272,Business,,748479,Business,Medium,B002,RM004
C00273,Business,,165024,Business,Medium,B008,RM017
C00274,Individual,39.0,77544,Savings,Medium,B004,RM009
C00275,Individual,47.0,66569,Current,Medium,B005,RM011
C00276,Individual,36.0,54473,Savings,Low,B003,RM006
C00277,Individual,56.0,75994,Premium,Medium,B004,RM008
C00278,Individual,66.0,45365,Savings,Low,B006,RM012
C00279,Business,,94314,Business,Medium,B010,RM020
C00280,Individual,38.0,108956,Savings,Low,B010,RM021
C00281,Individual,50.0,43646,Savings,Low,B008,RM016
C00282,Individual,47.0,60196,Current,Low,B001,RM001
C00283,Individual,22.0,29289,Current,Low,B001,RM001
C00284,Business,,175259,Business,High,B007,RM015
C00285,Business,,198958,Business,High,B009,RM019
C00286,Individual,40.0,35604,Savings,Low,B004,RM008
C00287,Individual,37.0,75680,Savings,Low,B004,RM009
C00288,Individual,27.0,47395,Savings,Medium,B010,RM021
C00289,Individual,22.0,19100,Savings,Low,B001,RM003
C00290,Individual,43.0,75373,Savings,Medium,B001,RM003
C00291,Individual,36.0,36877,Savings,Low,B006,RM012
C00292,Individual,27.0,154160,Savings,Medium,B001,RM002
C00293,Business,,483640,Current,Medium,B008,RM017
C00294,Business,,3815814,Business,Medium,B007,RM015
C00295,Individual,42.0,35626,Savings,Medium,B005,RM011
C00296,Individual,47.0,116856,Savings,Medium,B009,RM018
C00297,Individual,34.0,39191,Savings,Low,B006,RM013
C00298,Individual,71.0,26796,Savings,Low,B001,RM002
C00299,Individual,66.0,76624,Savings,Low,B006,RM012
C00300,Business,,52453,Premium,Medium,B008,RM016
C00301,Individual,63.0,25842,Current,Medium,B007,RM014
C00302,Individual,40.0,63569,Savings,Low,B002,RM004
C00303,Individual,71.0,53312,Savings,Low,B010,RM021
C00304,Individual,19.0,78275,Current,Low,B003,RM006
C00305,Individual,42.0,56104,Savings,Medium,B006,RM012
C00306,Individual,49.0,162054,Current,Medium,B006,RM013
C00307,Individual,52.0,75529,Premium,High,B009,RM019
C00308,Business,,93608,Current,High,B007,RM014
C00309,Business,,86345,Business,Medium,B008,RM017
C00310,Individual,58.0,71667,Current,Low,B009,RM019
C00311,Individual,19.0,58005,Savings,Low,B009,RM019
C00312,Individual,69.0,91748,Savings,Low,B003,RM007
C00313,Individual,51.0,63228,Savings,Low,B006,RM013
C00314,Individual,33.0,134801,Savings,High,B002,RM005
C00315,Business,,108305,Business,Medium,B009,RM019
C00316,Individual,18.0,85418,Savings,Medium,B006,RM012
C00317,Business,,4753026,Business,Medium,B004,RM009
C00318,Business,,112205,Premium,High,B005,RM010
C00319,Individual,20.0,28305,Savings,Low,B003,RM007
C00320,Business,,380674,Business,Medium,B010,RM021
C00321,Individual,52.0,49171,Current,Medium,B002,RM004
C00322,Individual,40.0,32322,Savings,Low,B010,RM020
C00323,Business,,185557,Business,Medium,B008,RM016
C00324,Individual,53.0,108301,Savings,Medium,B007,RM014
C00325,Individual,36.0,84817,Savings,Low,B003,RM006
C00326,Individual,41.0,18170,Premium,Low,B005,RM011
C00327,Individual,29.0,76502,Current,Low,B001,RM001
C00328,Individual,23.0,61261,Premium,Low,B007,RM015
C00329,Individual,64.0,95908,Current,Low,B007,RM015
C00330,Individual,37.0,49563,Savings,Low,B007,RM014
C00331,Individual,22.0,56160,Current,Low,B010,RM021
C00332,Individual,26.0,65932,Savings,Medium,B006,RM012
C00333,Individual,70.0,118954,Savings,Low,B004,RM009
C00334,Individual,43.0,139100,Current,Medium,B010,RM020
C00335,Individual,35.0,105751,Savings,High,B004,RM009
C00336,Business,,90306,Business,High,B008,RM016
C00337,Individual,69.0,44532,Current,Medium,B007,RM014
C00338,Individual,58.0,56559,Current,Medium,B007,RM014
C00339,Individual,56.0,66267,Savings,Medium,B007,RM014
C00340,Individual,41.0,115186,Current,High,B002,RM005
C00341,Individual,40.0,38076,Savings,High,B007,RM014
C00342,Individual,68.0,40691,Savings,Low,B009,RM018
C00343,Individual,54.0,30259,Savings,Medium,B010,RM020
C00344,Individual,40.0,151638,Savings,Medium,B002,RM005
C00345,Business,,665249,Business,Medium,B004,RM008
C00346,Individual,48.0,32825,Savings,Low,B002,RM005
C00347,Business,,277508,Current,High,B004,RM008
C00348,Individual,28.0,67942,Premium,Low,B007,RM014
C00349,Individual,58.0,65924,Savings,Medium,B004,RM008
C00350,Individual,42.0,25038,Savings,Medium,B002,RM004
C00351,Individual,73.0,63972,Savings,Low,B005,RM010
C00352,Business,,267538,Business,Medium,B007,RM014
C00353,Individual,40.0,91306,Current,Medium,B005,RM011
C00354,Individual,61.0,21862,Savings,Low,B006,RM013
C00355,Individual,42.0,49035,Current,Low,B008,RM016
C00356,Individual,59.0,91353,Current,Medium,B003,RM007
C00357,Individual,46.0,63529,Premium,Low,B004,RM008
C00358,Business,,229753,Business,Medium,B008,RM017
C00359,Individual,54.0,25226,Savings,Low,B009,RM019
C00360,Individual,47.0,72460,Savings,Low,B002,RM004
C00361,Individual,70.0,155523,Current,Low,B008,RM016
C00362,Individual,45.0,39419,Current,Low,B001,RM001
C00363,Individual,73.0,108774,Premium,Low,B004,RM008
C00364,Business,,191915,Current,Medium,B007,RM015
C00365,Individual,68.0,24781,Current,Low,B009,RM019
C00366,Individual,28.0,59178,Savings,Low,B009,RM019
C00367,Business,,89158,Current,High,B005,RM010
C00368,Individual,73.0,22792,Current,Medium,B007,RM014
C00369,Individual,58.0,67146,Savings,Low,B002,RM005
C00370,Individual,35.0,64187,Savings,Low,B010,RM020
C00371,Business,,397666,Current,Medium,B006,RM013
C00372,Individual,43.0,32078,Current,Low,B006,RM013
C00373,Individual,54.0,33903,Current,Medium,B001,RM003
C00374,Individual,68.0,81067,Savings,High,B008,RM016
C00375,Individual,45.0,22322,Premium,Low,B005,RM010
C00376,Individual,34.0,39774,Premium,Low,B007,RM015
C00377,Individual,62.0,108130,Current,Medium,B001,RM002
C00378,Individual,26.0,74042,Current,Low,B006,RM013
C00379,Business,,134648,Business,Medium,B002,RM005
C00380,Business,,64088,Current,Medium,B003,RM007
C00381,Business,,74767,Business,Medium,B003,RM007
C00382,Individual,31.0,49920,Premium,Medium,B008,RM017
C00383,Individual,24.0,22035,Current,Low,B007,RM015
C00384,Individual,33.0,45521,Savings,Medium,B010,RM021
C00385,Individual,62.0,39574,Premium,Low,B010,RM020
C00386,Individual,43.0,43576,Current,Medium,B004,RM009
C00387,Individual,33.0,78923,Savings,Medium,B001,RM001
C00388,Business,,96414,Current,Medium,B009,RM018
C00389,Individual,48.0,170486,Savings,Medium,B001,RM003
C00390,Individual,21.0,106081,Savings,Medium,B009,RM019
C00391,Individual,43.0,35582,Savings,Low,B002,RM004
C00392,Individual,31.0,130182,Savings,Medium,B002,RM005
C00393,Individual,64.0,135639,Savings,Low,B007,RM014
C00394,Individual,56.0,39826,Current,Low,B002,RM005
C00395,Individual,62.0,34266,Premium,Low,B005,RM011
C00396,Individual,65.0,97613,Current,Low,B001,RM002
C00397,Business,,44185,Business,High,B002,RM004
C00398,Individual,41.0,36575,Savings,Low,B002,RM004
C00399,Individual,25.0,34673,Savings,Medium,B001,RM001
C00400,Individual,41.0,49835,Savings,High,B001,RM003
C00401,Business,,987554,Business,Medium,B007,RM015
C00402,Individual,70.0,30216,Savings,Low,B001,RM002
C00403,Individual,51.0,146275,Savings,Medium,B005,RM011
C00404,Individual,53.0,64177,Savings,Medium,B005,RM010
C00405,Individual,47.0,72332,Premium,Medium,B009,RM019
C00406,Individual,27.0,31436,Savings,Low,B001,RM001
C00407,Individual,60.0,60153,Savings,Low,B004,RM009
C00408,Individual,21.0,129330,Current,Low,B004,RM008
C00409,Individual,75.0,45564,Current,Low,B007,RM014
C00410,Individual,21.0,48566,Savings,Low,B006,RM012
C00411,Individual,65.0,69671,Savings,Low,B004,RM009
C00412,Individual,55.0,21462,Savings,Low,B007,RM015
C00413,Individual,67.0,28102,Savings,Medium,B002,RM005
C00414,Business,,284734,Current,Medium,B006,RM012
C00415,Individual,33.0,145968,Savings,Medium,B005,RM011
C00416,Individual,43.0,116434,Current,Low,B008,RM017
C00417,Business,,40783,Business,High,B004,RM009
C00418,Individual,43.0,45507,Current,Low,B002,RM004
C00419,Business,,82335,Business,Medium,B006,RM013
C00420,Individual,47.0,36805,Savings,Low,B008,RM016
C00421,Individual,45.0,25035,Premium,Low,B008,RM017
C00422,Individual,57.0,59340,Savings,Medium,B008,RM016
C00423,Individual,42.0,24535,Current,Medium,B004,RM008
C00424,Business,,105119,Premium,High,B006,RM012
C00425,Individual,49.0,77070,Savings,Low,B003,RM007
C00426,Individual,32.0,27205,Savings,High,B009,RM019
C00427,Individual,32.0,126562,Savings,Low,B009,RM018
C00428,Individual,32.0,65455,Savings,Medium,B003,RM007
C00429,Individual,38.0,103513,Premium,Low,B006,RM013
C00430,Individual,54.0,112258,Savings,Low,B001,RM003
C00431,Individual,56.0,35250,Savings,Low,B010,RM020
C00432,Business,,146520,Premium,High,B006,RM013
C00433,Individual,55.0,89283,Current,Medium,B006,RM012
C00434,Individual,60.0,46621,Savings,Low,B003,RM006
C00435,Business,,810866,Current,Medium,B009,RM019
C00436,Business,,193539,Business,Medium,B003,RM007
C00437,Individual,62.0,51646,Current,High,B010,RM021
C00438,Business,,895048,Business,Medium,B010,RM021
C00439,Individual,24.0,89217,Savings,Low,B006,RM013
C00440,Individual,74.0,173848,Current,Medium,B006,RM013
C00441,Individual,31.0,20221,Savings,Medium,B001,RM002
C00442,Individual,64.0,50901,Premium,Low,B007,RM015
C00443,Individual,24.0,117883,Current,Medium,B003,RM007
C00444,Individual,72.0,18657,Savings,Medium,B002,RM004
C00445,Individual,42.0,20457,Savings,Medium,B002,RM004
C00446,Individual,57.0,82031,Savings,Medium,B010,RM020
C00447,Individual,24.0,52450,Savings,Medium,B009,RM018
C00448,Individual,37.0,19626,Savings,Low,B008,RM017
C00449,Individual,18.0,59303,Current,Medium,B008,RM016
C00450,Individual,31.0,27562,Premium,Low,B002,RM004
C00451,Individual,48.0,57367,Savings,Low,B003,RM007
C00452,Business,,216857,Business,Medium,B005,RM011
C00453,Business,,139617,Current,High,B002,RM005
C00454,Individual,52.0,78648,Savings,Low,B007,RM014
C00455,Individual,52.0,71118,Current,Low,B005,RM010
C00456,Individual,72.0,112905,Current,Medium,B010,RM020
C00457,Business,,89623,Business,High,B003,RM007
C00458,Business,,67746,Business,High,B004,RM009
C00459,Individual,56.0,44391,Savings,Medium,B009,RM018
C00460,Business,,103241,Current,Medium,B009,RM018
C00461,Individual,27.0,37265,Current,Medium,B002,RM005
C00462,Individual,24.0,115103,Premium,High,B005,RM010
C00463,Individual,54.0,42455,Savings,Low,B010,RM020
C00464,Individual,43.0,28862,Current,Low,B008,RM017
C00465,Business,,93568,Current,Medium,B008,RM016
C00466,Individual,73.0,27846,Premium,Low,B006,RM013
C00467,Individual,56.0,52316,Savings,Medium,B007,RM014
C00468,Individual,51.0,83683,Savings,Low,B005,RM010
C00469,Individual,26.0,114359,Premium,Low,B004,RM008
C00470,Business,,69913,Business,Medium,B004,RM008
C00471,Individual,47.0,48118,Current,Low,B008,RM016
C00472,Individual,73.0,76132,Savings,Low,B005,RM011
C00473,Business,,41798,Business,Medium,B010,RM020
C00474,Business,,277653,Business,High,B009,RM018
C00475,Business,,3861353,Business,High,B003,RM006
C00476,Business,,79868,Current,Medium,B005,RM011
C00477,Business,,781294,Business,Medium,B009,RM018
C00478,Individual,24.0,39704,Premium,Medium,B009,RM019
C00479,Individual,36.0,47084,Savings,Low,B005,RM011
C00480,Individual,35.0,59581,Savings,Low,B004,RM009
C00481,Business,,929180,Business,Medium,B003,RM006
C00482,Individual,49.0,137001,Premium,Medium,B001,RM003
C00483,Individual,54.0,102489,Current,Low,B009,RM018
C00484,Individual,60.0,59673,Current,Medium,B009,RM018
C00485,Individual,48.0,26475,Current,Low,B003,RM006
C00486,Business,,158262,Business,High,B005,RM010
C00487,Individual,39.0,78375,Savings,Medium,B008,RM016
C00488,Business,,262700,Business,High,B009,RM018
C00489,Business,,178212,Business,High,B003,RM006
C00490,Business,,249265,Current,High,B003,RM006
C00491,Business,,45296,Business,Medium,B003,RM007
C00492,Individual,18.0,53722,Current,Low,B003,RM006
C00493,Individual,67.0,38135,Savings,Low,B007,RM015
C00494,Individual,20.0,64451,Premium,Medium,B009,RM019
C00495,Individual,18.0,56306,Savings,Medium,B005,RM010
C00496,Individual,50.0,50945,Savings,Low,B005,RM011
C00497,Individual,56.0,68420,Premium,High,B006,RM013
C00498,Individual,30.0,31218,Savings,Low,B003,RM006
C00499,Individual,55.0,48071,Savings,Medium,B001,RM003
C00500,Business,,75044,Current,Medium,B001,RM003
C00501,Individual,71.0,21794,Savings,Low,B009,RM019
C00502,Individual,27.0,38654,Savings,Low,B002,RM005
C00503,Individual,57.0,48989,Savings,Medium,B009,RM018
C00504,Individual,36.0,21482,Savings,Low,B005,RM011
C00505,Business,,207415,Business,Medium,B008,RM016
C00506,Individual,48.0,40179,Savings,Low,B002,RM004
C00507,Individual,27.0,113535,Savings,Medium,B005,RM010
C00508,Individual,36.0,43282,Savings,Low,B001,RM001
C00509,Individual,61.0,47595,Savings,Medium,B001,RM002
C00510,Business,,144698,Business,High,B010,RM020
C00511,Business,,93409,Business,Medium,B007,RM014
C00512,Individual,42.0,71342,Current,Medium,B003,RM006
C00513,Individual,64.0,23223,Savings,Medium,B008,RM016
C00514,Individual,29.0,63501,Current,Medium,B003,RM007
C00515,Business,,66953,Business,Medium,B006,RM013
C00516,Individual,61.0,77791,Current,Low,B006,RM012
C00517,Individual,62.0,68367,Current,Low,B006,RM012
C00518,Individual,42.0,36295,Premium,Low,B001,RM001
C00519,Business,,223021,Current,High,B002,RM005
C00520,Individual,33.0,58229,Savings,Low,B007,RM014
C00521,Business,,69110,Current,Medium,B008,RM016
C00522,Individual,49.0,81164,Savings,Medium,B009,RM018
C00523,Individual,23.0,99962,Premium,Medium,B008,RM016
C00524,Individual,21.0,109783,Savings,Medium,B010,RM020
C00525,Individual,41.0,87472,Savings,Medium,B001,RM001
C00526,Individual,58.0,139135,Savings,Medium,B002,RM005
C00527,Business,,287919,Current,Medium,B005,RM010
C00528,Individual,25.0,105748,Savings,Medium,B004,RM008
C00529,Individual,66.0,78588,Savings,Medium,B008,RM016
C00530,Individual,50.0,34345,Savings,Low,B009,RM019
C00531,Business,,233256,Current,High,B010,RM021
C00532,Individual,26.0,39545,Current,Medium,B009,RM019
C00533,Individual,56.0,96268,Savings,High,B005,RM011
C00534,Business,,79487,Current,High,B005,RM010
C00535,Individual,38.0,116279,Current,Low,B010,RM020
C00536,Individual,40.0,88694,Premium,Medium,B003,RM007
C00537,Individual,58.0,47563,Current,Medium,B010,RM020
C00538,Business,,859837,Business,High,B001,RM002
C00539,Individual,42.0,39962,Savings,Low,B003,RM006
C00540,Individual,27.0,99342,Savings,Medium,B006,RM012
C00541,Individual,73.0,76823,Premium,Medium,B009,RM019
C00542,Individual,68.0,98850,Current,Low,B007,RM015
C00543,Individual,68.0,140490,Premium,Low,B005,RM010
C00544,Individual,67.0,109036,Current,High,B006,RM013
C00545,Individual,65.0,52681,Savings,Low,B002,RM004
C00546,Business,,425151,Business,Medium,B009,RM019
C00547,Individual,55.0,80369,Savings,Medium,B003,RM006
C00548,Individual,38.0,59736,Savings,Medium,B006,RM012
C00549,Individual,38.0,52050,Savings,Medium,B003,RM006
C00550,Individual,43.0,25248,Premium,Low,B006,RM013
C00551,Individual,66.0,71120,Premium,Medium,B001,RM001
C00552,Individual,46.0,39045,Current,Low,B001,RM003
C00553,Business,,129720,Business,Medium,B005,RM011
C00554,Business,,693172,Business,Medium,B008,RM017
C00555,Individual,59.0,34839,Savings,Low,B009,RM018
C00556,Individual,22.0,38627,Current,Medium,B007,RM014
C00557,Individual,71.0,108523,Current,High,B003,RM006
C00558,Individual,39.0,20400,Savings,Medium,B009,RM019
C00559,Individual,32.0,106714,Savings,Medium,B007,RM015
C00560,Individual,61.0,18193,Current,Low,B010,RM020
C00561,Individual,22.0,72953,Savings,Medium,B005,RM010
C00562,Individual,66.0,104996,Savings,Medium,B008,RM016
C00563,Individual,26.0,115764,Savings,Medium,B005,RM010
C00564,Business,,4637044,Current,Medium,B001,RM003
C00565,Business,,42737,Business,Medium,B009,RM019
C00566,Business,,296161,Current,High,B004,RM008
C00567,Business,,449375,Business,Medium,B005,RM010
C00568,Individual,60.0,83564,Premium,High,B009,RM019
C00569,Individual,22.0,44414,Savings,Low,B010,RM021
C00570,Business,,275976,Current,Medium,B010,RM020
C00571,Business,,218134,Business,High,B010,RM021
C00572,Individual,41.0,108069,Savings,Low,B004,RM008
C00573,Individual,45.0,63559,Savings,Medium,B008,RM016
C00574,Individual,67.0,76154,Savings,Medium,B002,RM005
C00575,Business,,75298,Business,High,B002,RM005
C00576,Individual,19.0,82044,Current,Medium,B010,RM020
C00577,Business,,242467,Current,Medium,B003,RM007
C00578,Individual,75.0,99070,Savings,Medium,B002,RM004
C00579,Individual,18.0,50868,Current,Low,B003,RM007
C00580,Individual,54.0,49581,Current,Low,B006,RM013
C00581,Individual,49.0,26662,Savings,Low,B004,RM009
C00582,Business,,223122,Premium,High,B001,RM002
C00583,Individual,63.0,161521,Current,High,B005,RM011
C00584,Individual,29.0,64806,Savings,Medium,B002,RM005
C00585,Individual,32.0,63127,Current,Low,B008,RM017
C00586,Individual,74.0,23426,Savings,Low,B005,RM010
C00587,Individual,28.0,47754,Current,Low,B006,RM013
C00588,Individual,61.0,53808,Current,Medium,B007,RM014
C00589,Individual,26.0,50559,Savings,Low,B010,RM020
C00590,Individual,34.0,113858,Premium,Medium,B010,RM020
C00591,Individual,64.0,98576,Premium,Low,B010,RM020
C00592,Business,,94418,Business,Medium,B010,RM021
C00593,Individual,50.0,62457,Premium,Medium,B002,RM004
C00594,Individual,26.0,24630,Savings,Medium,B007,RM014
C00595,Individual,29.0,79309,Savings,Medium,B009,RM018
C00596,Individual,48.0,79549,Savings,Low,B007,RM015
C00597,Individual,73.0,35361,Savings,Medium,B008,RM016
C00598,Individual,69.0,117756,Savings,Low,B008,RM017
C00599,Business,,79209,Current,Medium,B004,RM008
C00600,Individual,68.0,35122,Savings,Low,B004,RM009
C00601,Business,,127940,Business,High,B005,RM010
C00602,Business,,195851,Current,High,B007,RM014
C00603,Individual,53.0,111619,Savings,Medium,B008,RM016
C00604,Business,,284941,Business,Medium,B002,RM005
C00605,Individual,68.0,50603,Savings,Low,B006,RM013
C00606,Individual,61.0,90534,Savings,Medium,B002,RM004
C00607,Individual,56.0,44199,Savings,Low,B010,RM021
C00608,Individual,43.0,74144,Savings,High,B001,RM001
C00609,Individual,46.0,39524,Premium,Low,B004,RM009
C00610,Individual,50.0,55182,Current,Medium,B006,RM013
C00611,Individual,28.0,27041,Current,Low,B007,RM014
C00612,Individual,51.0,20248,Premium,Low,B009,RM019
C00613,Individual,70.0,79738,Premium,Low,B007,RM015
C00614,Individual,29.0,46977,Current,Low,B006,RM012
C00615,Business,,4674684,Business,High,B005,RM010
C00616,Individual,42.0,55943,Current,High,B008,RM016
C00617,Individual,55.0,111586,Savings,Low,B004,RM008
C00618,Individual,69.0,63140,Savings,Low,B005,RM011
C00619,Individual,43.0,62412,Savings,High,B008,RM016
C00620,Individual,75.0,51978,Premium,Medium,B004,RM009
C00621,Individual,33.0,97393,Savings,Low,B004,RM009
C00622,Individual,67.0,20571,Current,Low,B010,RM021
C00623,Individual,52.0,175575,Savings,Medium,B008,RM017
C00624,Business,,233990,Business,Medium,B010,RM020
C00625,Individual,69.0,75439,Savings,Low,B003,RM006
C00626,Business,,220604,Business,Medium,B004,RM008
C00627,Individual,38.0,57019,Savings,Low,B005,RM011
C00628,Business,,148211,Business,Medium,B006,RM012
C00629,Business,,51789,Business,High,B004,RM008
C00630,Individual,69.0,32162,Premium,Low,B003,RM006
C00631,Business,,72741,Business,High,B009,RM019
C00632,Individual,68.0,56447,Current,Medium,B007,RM014
C00633,Individual,21.0,26332,Savings,Low,B008,RM017
C00634,Individual,41.0,76535,Premium,Low,B001,RM003
C00635,Individual,73.0,79687,Savings,Medium,B009,RM019
C00636,Business,,61305,Current,Medium,B008,RM017
C00637,Individual,36.0,49492,Premium,Medium,B006,RM012
C00638,Individual,54.0,44675,Savings,Low,B006,RM013
C00639,Individual,63.0,65916,Savings,Low,B006,RM012
C00640,Individual,46.0,52051,Premium,Low,B004,RM009
C00641,Individual,65.0,85247,Savings,Low,B002,RM005
C00642,Business,,114110,Business,Medium,B002,RM005
C00643,Individual,27.0,30774,Savings,Low,B005,RM011
C00644,Individual,26.0,51180,Savings,Medium,B006,RM013
C00645,Individual,73.0,57852,Savings,Low,B009,RM019
C00646,Individual,47.0,76961,Savings,Medium,B009,RM019
C00647,Business,,159540,Current,Medium,B006,RM012
C00648,Individual,37.0,35148,Current,Medium,B006,RM012
C00649,Individual,18.0,72239,Premium,Low,B001,RM001
C00650,Individual,56.0,18236,Savings,Low,B009,RM018
C00651,Individual,28.0,105540,Current,Low,B002,RM004
C00652,Individual,51.0,97816,Savings,Medium,B005,RM011
C00653,Individual,22.0,27489,Savings,Low,B008,RM017
C00654,Individual,49.0,18635,Savings,Medium,B001,RM002
C00655,Business,,48194,Current,High,B004,RM009
C00656,Individual,49.0,31770,Savings,Medium,B006,RM012
C00657,Individual,20.0,49574,Savings,Medium,B002,RM004
C00658,Individual,30.0,96389,Current,Medium,B002,RM004
C00659,Individual,67.0,136198,Current,Low,B008,RM017
C00660,Individual,51.0,53660,Savings,Medium,B005,RM011
C00661,Individual,64.0,36008,Savings,Low,B005,RM011
C00662,Individual,21.0,94272,Premium,Low,B007,RM015
C00663,Individual,68.0,47841,Savings,Low,B001,RM001
C00664,Individual,48.0,50157,Savings,Low,B003,RM006
C00665,Individual,57.0,43935,Savings,Medium,B009,RM018
C00666,Individual,32.0,76592,Current,Medium,B008,RM016
C00667,Individual,62.0,48829,Savings,Low,B008,RM016
C00668,Individual,62.0,77139,Savings,Low,B008,RM016
C00669,Business,,245364,Business,Medium,B008,RM017
C00670,Business,,219034,Business,Medium,B007,RM015
C00671,Individual,19.0,63860,Current,Low,B002,RM005
C00672,Business,,499092,Business,Medium,B009,RM018
C00673,Individual,38.0,61104,Savings,Low,B002,RM004
C00674,Business,,97245,Business,Medium,B004,RM008
C00675,Individual,59.0,112106,Savings,Medium,B005,RM011
C00676,Individual,56.0,80857,Premium,Low,B008,RM016
C00677,Individual,58.0,36285,Current,Medium,B006,RM012
C00678,Individual,57.0,42664,Current,Medium,B002,RM004
C00679,Business,,87524,Business,Medium,B004,RM008
C00680,Individual,54.0,51724,Current,Medium,B002,RM004
C00681,Individual,61.0,67988,Premium,Low,B003,RM007
C00682,Individual,39.0,74989,Premium,Low,B006,RM012
C00683,Individual,38.0,107023,Current,Medium,B006,RM012
C00684,Individual,52.0,36030,Premium,Low,B008,RM016
C00685,Business,,42271,Premium,Medium,B009,RM019
C00686,Business,,178730,Premium,Medium,B006,RM013
C00687,Individual,62.0,116284,Savings,Medium,B010,RM021
C00688,Individual,47.0,49070,Savings,Medium,B004,RM008
C00689,Individual,37.0,31100,Current,Low,B002,RM004
C00690,Individual,48.0,36881,Current,Low,B005,RM010
C00691,Individual,54.0,43664,Premium,Low,B007,RM015
C00692,Business,,90488,Business,High,B010,RM020
C00693,Individual,58.0,59974,Savings,Low,B010,RM020
C00694,Individual,62.0,19655,Current,High,B008,RM016
C00695,Individual,50.0,32153,Savings,Low,B003,RM007
C00696,Individual,54.0,115923,Savings,Low,B009,RM019
C00697,Individual,26.0,111517,Current,Medium,B010,RM020
C00698,Individual,65.0,55880,Savings,Medium,B006,RM013
C00699,Business,,84023,Business,Medium,B004,RM009
C00700,Individual,59.0,27988,Savings,Low,B008,RM017
C00701,Individual,20.0,95301,Savings,Low,B002,RM005
C00702,Individual,33.0,89678,Premium,Medium,B001,RM001
C00703,Individual,25.0,70879,Savings,Low,B009,RM018
C00704,Individual,51.0,115966,Savings,Medium,B003,RM007
C00705,Individual,19.0,74524,Savings,Low,B005,RM011
C00706,Individual,57.0,70471,Current,Low,B007,RM015
C00707,Individual,72.0,103607,Premium,Low,B007,RM015
C00708,Business,,286040,Business,Medium,B010,RM021
C00709,Individual,30.0,70014,Current,Medium,B001,RM002
C00710,Business,,228432,Business,Medium,B006,RM012
C00711,Individual,58.0,72850,Savings,Low,B005,RM010
C00712,Business,,330897,Premium,High,B004,RM009
C00713,Individual,43.0,45753,Current,Low,B010,RM021
C00714,Individual,44.0,23005,Savings,Low,B010,RM020
C00715,Individual,26.0,22540,Current,Low,B004,RM008
C00716,Individual,63.0,88863,Savings,High,B003,RM007
C00717,Business,,632918,Business,Medium,B002,RM005
C00718,Individual,74.0,18966,Current,Medium,B007,RM014
C00719,Individual,65.0,97943,Savings,Low,B003,RM006
C00720,Individual,57.0,79688,Current,Low,B004,RM008
C00721,Individual,40.0,33617,Savings,Medium,B008,RM016
C00722,Individual,29.0,112207,Savings,Low,B004,RM008
C00723,Individual,18.0,107069,Savings,Medium,B004,RM008
C00724,Individual,29.0,108788,Premium,Medium,B006,RM012
C00725,Business,,110964,Current,High,B006,RM012
C00726,Individual,65.0,75137,Savings,Medium,B001,RM002
C00727,Individual,47.0,82779,Premium,Low,B009,RM018
C00728,Business,,65388,Business,Medium,B001,RM001
C00729,Individual,43.0,98737,Savings,Medium,B010,RM021
C00730,Individual,75.0,39171,Savings,Low,B002,RM004
C00731,Individual,75.0,48867,Savings,Low,B001,RM001
C00732,Individual,75.0,93233,Premium,Low,B006,RM012
C00733,Individual,63.0,88096,Savings,Medium,B006,RM013
C00734,Individual,42.0,113532,Current,Low,B009,RM018
C00735,Individual,28.0,117060,Premium,High,B003,RM006
C00736,Individual,63.0,28094,Savings,Medium,B008,RM017
C00737,Individual,25.0,93294,Savings,Medium,B001,RM003
C00738,Individual,49.0,40376,Current,Low,B004,RM008
C00739,Individual,47.0,45203,Current,Low,B009,RM019
C00740,Individual,53.0,93607,Savings,Low,B006,RM013
C00741,Individual,20.0,79536,Savings,Medium,B001,RM001
C00742,Individual,29.0,27318,Current,Low,B010,RM020
C00743,Individual,29.0,169108,Current,High,B002,RM005
C00744,Individual,75.0,44434,Current,Medium,B002,RM004
C00745,Individual,25.0,57984,Savings,Low,B004,RM009
C00746,Individual,21.0,38610,Savings,Low,B010,RM020
C00747,Individual,56.0,97017,Savings,High,B006,RM013
C00748,Individual,49.0,72619,Savings,Low,B010,RM021
C00749,Individual,30.0,18785,Savings,Medium,B004,RM009
C00750,Business,,187501,Business,High,B004,RM008
C00751,Individual,62.0,44445,Savings,Low,B006,RM012
C00752,Individual,39.0,77284,Current,Low,B003,RM006
C00753,Individual,39.0,111398,Premium,Medium,B003,RM007
C00754,Individual,47.0,115190,Premium,Medium,B007,RM015
C00755,Individual,51.0,60676,Current,Low,B010,RM021
C00756,Individual,74.0,84339,Premium,Low,B001,RM001
C00757,Business,,143507,Business,Medium,B010,RM020
C00758,Business,,629776,Current,Medium,B002,RM005
C00759,Business,,179332,Business,Medium,B002,RM004
C00760,Individual,67.0,21034,Savings,Low,B008,RM016
C00761,Individual,39.0,114316,Savings,Low,B002,RM005
C00762,Individual,26.0,19197,Savings,Low,B009,RM018
C00763,Individual,20.0,78947,Premium,Low,B001,RM003
C00764,Individual,60.0,81473,Current,Low,B004,RM009
C00765,Individual,36.0,60915,Current,Medium,B005,RM010
C00766,Individual,25.0,38412,Current,Low,B009,RM019
C00767,Individual,35.0,27282,Current,Low,B005,RM011
C00768,Business,,113297,Business,Medium,B001,RM001
C00769,Individual,23.0,51729,Current,Medium,B008,RM016
C00770,Individual,39.0,114962,Savings,High,B008,RM016
C00771,Individual,70.0,110688,Savings,Low,B008,RM016
C00772,Individual,32.0,38215,Savings,Low,B003,RM007
C00773,Business,,185134,Business,Medium,B008,RM017
C00774,Individual,47.0,98498,Current,Medium,B003,RM006
C00775,Individual,70.0,87011,Savings,Medium,B005,RM011
C00776,Individual,55.0,55970,Savings,High,B007,RM015
C00777,Individual,70.0,68255,Current,Low,B006,RM013
C00778,Individual,29.0,45104,Current,Medium,B008,RM016
C00779,Individual,47.0,46399,Current,Low,B007,RM015
C00780,Individual,61.0,104832,Savings,Medium,B001,RM002
C00781,Individual,26.0,80012,Current,Medium,B008,RM017
C00782,Individual,57.0,52823,Savings,Medium,B005,RM010
C00783,Individual,61.0,68490,Current,Medium,B002,RM004
C00784,Individual,50.0,48359,Premium,Low,B009,RM019
C00785,Individual,53.0,103543,Savings,Low,B001,RM002
C00786,Individual,55.0,60848,Current,Low,B007,RM015
C00787,Individual,29.0,52335,Current,Medium,B006,RM012
C00788,Individual,73.0,48800,Savings,Medium,B003,RM007
C00789,Business,,135592,Business,Medium,B007,RM015
C00790,Business,,211595,Current,Medium,B007,RM015
C00791,Business,,159176,Business,Medium,B010,RM021
C00792,Business,,72881,Business,High,B010,RM021
C00793,Individual,20.0,64155,Savings,Low,B002,RM004
C00794,Individual,51.0,169190,Current,Medium,B002,RM005
C00795,Business,,70962,Current,High,B002,RM004
C00796,Individual,69.0,43458,Premium,Low,B001,RM002
C00797,Individual,75.0,61726,Savings,High,B005,RM010
C00798,Individual,62.0,99927,Current,Medium,B001,RM001
C00799,Individual,28.0,59120,Current,Medium,B005,RM010
C00800,Individual,50.0,27104,Savings,Low,B005,RM011
C00801,Individual,25.0,78782,Current,Medium,B006,RM013
C00802,Individual,62.0,23924,Current,Medium,B006,RM013
C00803,Business,,140409,Current,High,B007,RM014
C00804,Individual,46.0,90963,Savings,Medium,B006,RM013
C00805,Individual,66.0,83442,Savings,Low,B005,RM011
C00806,Individual,66.0,95313,Savings,Medium,B008,RM016
C00807,Individual,73.0,58926,Premium,Low,B006,RM013
C00808,Individual,20.0,35409,Current,Medium,B007,RM014
C00809,Business,,651238,Business,High,B005,RM010
C00810,Individual,47.0,95846,Current,Medium,B004,RM008
C00811,Individual,62.0,140530,Savings,Medium,B002,RM004
C00812,Individual,51.0,32612,Savings,Low,B005,RM011
C00813,Individual,57.0,37468,Current,Medium,B010,RM021
C00814,Individual,25.0,37814,Savings,Low,B010,RM020
C00815,Business,,166410,Business,High,B002,RM005
C00816,Individual,35.0,101194,Savings,Medium,B005,RM010
C00817,Individual,39.0,136923,Premium,Low,B008,RM016
C00818,Individual,30.0,51694,Current,Low,B009,RM019
C00819,Individual,59.0,32469,Current,Low,B002,RM004
C00820,Individual,34.0,81229,Premium,Low,B001,RM002
C00821,Individual,35.0,28807,Premium,Low,B009,RM018
C00822,Business,,214309,Business,High,B002,RM004
C00823,Individual,42.0,173606,Current,Low,B009,RM019
C00824,Individual,37.0,45941,Savings,Medium,B006,RM013
C00825,Business,,604043,Current,Medium,B001,RM001
C00826,Individual,37.0,46997,Current,Low,B002,RM004
C00827,Individual,30.0,24327,Savings,High,B004,RM009
C00828,Individual,68.0,60167,Savings,High,B008,RM016
C00829,Individual,21.0,42805,Savings,Low,B009,RM019
C00830,Business,,862625,Business,Medium,B002,RM005
C00831,Individual,49.0,70881,Premium,Medium,B004,RM009
C00832,Individual,18.0,19637,Premium,Medium,B002,RM004
C00833,Individual,71.0,46968,Savings,Medium,B010,RM020
C00834,Individual,30.0,66346,Savings,High,B010,RM020
C00835,Individual,71.0,133974,Current,Medium,B006,RM013
C00836,Individual,27.0,91013,Current,Medium,B008,RM016
C00837,Business,,46551,Current,Medium,B007,RM015
C00838,Individual,49.0,18236,Savings,Low,B010,RM020
C00839,Individual,69.0,111195,Current,Low,B005,RM010
C00840,Individual,33.0,82465,Current,Medium,B010,RM020
C00841,Individual,68.0,67445,Savings,Low,B002,RM005
C00842,Business,,299525,Premium,Medium,B008,RM016
C00843,Individual,35.0,21692,Current,Low,B008,RM017
C00844,Individual,60.0,83540,Current,Low,B007,RM014
C00845,Individual,69.0,109697,Savings,Medium,B009,RM019
C00846,Individual,19.0,47606,Savings,Low,B008,RM016
C00847,Individual,44.0,28672,Savings,Low,B004,RM009
C00848,Individual,44.0,104610,Premium,Low,B010,RM020
C00849,Individual,45.0,37969,Savings,Low,B003,RM007
C00850,Individual,58.0,57674,Savings,Low,B010,RM021
C00851,Individual,25.0,110053,Savings,Medium,B004,RM008
C00852,Individual,68.0,91136,Current,Medium,B004,RM009
C00853,Individual,51.0,54184,Current,Medium,B005,RM011
C00854,Individual,65.0,96241,Savings,Medium,B010,RM020
C00855,Business,,738065,Premium,Medium,B008,RM016
C00856,Individual,20.0,65842,Savings,Medium,B002,RM005
C00857,Individual,23.0,40814,Current,Low,B004,RM008
C00858,Individual,33.0,45946,Savings,Medium,B003,RM006
C00859,Individual,54.0,81599,Premium,Medium,B003,RM007
C00860,Individual,68.0,110428,Current,Low,B002,RM005
C00861,Business,,108575,Business,High,B010,RM021
C00862,Individual,31.0,85305,Current,Low,B001,RM003
C00863,Business,,113516,Business,Medium,B010,RM020
C00864,Individual,29.0,44391,Current,Medium,B003,RM007
C00865,Individual,25.0,78018,Premium,Medium,B004,RM008
C00866,Individual,35.0,67717,Savings,Low,B006,RM013
C00867,Individual,51.0,110812,Current,Medium,B009,RM019
C00868,Individual,41.0,84300,Savings,High,B002,RM005
C00869,Individual,29.0,45042,Savings,Low,B003,RM006
C00870,Individual,31.0,41487,Savings,High,B009,RM018
C00871,Individual,44.0,41407,Savings,Low,B004,RM008
C00872,Individual,44.0,61384,Savings,Medium,B009,RM018
C00873,Individual,37.0,60086,Savings,Low,B008,RM016
C00874,Business,,349617,Business,Medium,B003,RM007
C00875,Business,,599102,Business,Medium,B003,RM006
C00876,Individual,20.0,157652,Savings,Low,B003,RM006
C00877,Individual,20.0,62534,Savings,Low,B003,RM007
C00878,Individual,19.0,72729,Current,High,B006,RM013
C00879,Individual,65.0,73253,Savings,Medium,B008,RM017
C00880,Business,,901596,Current,High,B008,RM017
C00881,Individual,64.0,42626,Savings,Medium,B005,RM010
C00882,Individual,71.0,29711,Savings,Low,B004,RM008
C00883,Individual,68.0,98214,Savings,Low,B008,RM017
C00884,Individual,23.0,145848,Savings,Medium,B010,RM020
C00885,Business,,678603,Business,High,B007,RM014
C00886,Individual,18.0,63026,Savings,Low,B009,RM019
C00887,Individual,74.0,67237,Current,Low,B007,RM014
C00888,Business,,78481,Business,Medium,B005,RM010
C00889,Business,,187927,Business,High,B007,RM015
C00890,Individual,58.0,107165,Savings,Medium,B010,RM020
C00891,Business,,94544,Business,Medium,B001,RM003
C00892,Business,,246612,Current,Medium,B001,RM003
C00893,Individual,58.0,110968,Savings,Medium,B005,RM011
C00894,Individual,62.0,41864,Savings,Low,B002,RM005
C00895,Individual,55.0,68578,Premium,Medium,B008,RM016
C00896,Business,,292140,Business,High,B003,RM007
C00897,Individual,38.0,48879,Savings,Low,B006,RM013
C00898,Individual,40.0,27557,Savings,Medium,B009,RM019
C00899,Individual,29.0,119240,Current,Medium,B006,RM013
C00900,Individual,35.0,63758,Savings,Medium,B003,RM007
C00901,Individual,36.0,71778,Savings,Medium,B003,RM007
C00902,Individual,50.0,24174,Current,Low,B009,RM018
C00903,Individual,62.0,87468,Savings,High,B002,RM005
C00904,Business,,181677,Current,Medium,B008,RM016
C00905,Individual,39.0,27983,Savings,Medium,B004,RM008
C00906,Business,,54848,Business,Medium,B002,RM005
C00907,Individual,68.0,18616,Current,Medium,B001,RM002
C00908,Individual,68.0,78874,Savings,Low,B005,RM010
C00909,Individual,60.0,21162,Current,Medium,B004,RM008
C00910,Business,,63038,Business,Medium,B005,RM011
C00911,Individual,28.0,95848,Savings,Low,B010,RM021
C00912,Individual,63.0,27235,Savings,Medium,B001,RM003
C00913,Individual,31.0,111110,Savings,Medium,B008,RM016
C00914,Business,,63253,Premium,Medium,B009,RM018
C00915,Individual,66.0,128101,Savings,Medium,B008,RM016
C00916,Individual,36.0,42661,Savings,Low,B007,RM015
C00917,Individual,65.0,69095,Savings,Low,B007,RM015
C00918,Business,,798783,Premium,Medium,B001,RM002
C00919,Individual,24.0,74253,Current,Low,B003,RM006
C00920,Individual,55.0,168590,Premium,High,B002,RM005
C00921,Business,,255965,Current,Medium,B004,RM008
C00922,Individual,35.0,118136,Current,Medium,B007,RM014
C00923,Individual,56.0,151754,Savings,Low,B008,RM017
C00924,Individual,49.0,48821,Savings,Medium,B002,RM005
C00925,Individual,29.0,61427,Savings,Medium,B002,RM004
C00926,Individual,66.0,72256,Current,Low,B008,RM016
C00927,Individual,52.0,75424,Savings,High,B001,RM003
C00928,Business,,69498,Business,Medium,B008,RM017
C00929,Individual,53.0,59860,Premium,Low,B007,RM015
C00930,Individual,42.0,47168,Current,Low,B009,RM018
C00931,Individual,48.0,50243,Savings,Low,B008,RM017
C00932,Business,,192474,Current,Medium,B001,RM001
C00933,Individual,26.0,102863,Current,Medium,B006,RM012
C00934,Individual,40.0,146996,Savings,Medium,B004,RM008
C00935,Individual,55.0,20146,Premium,Low,B003,RM006
C00936,Individual,20.0,67687,Current,Medium,B005,RM011
C00937,Individual,55.0,28371,Savings,Low,B010,RM021
C00938,Business,,84244,Business,Medium,B006,RM012
C00939,Individual,41.0,133222,Savings,High,B002,RM004
C00940,Individual,34.0,36793,Savings,Low,B002,RM005
C00941,Business,,62075,Business,Medium,B009,RM019
C00942,Individual,40.0,99781,Savings,Low,B009,RM019
C00943,Individual,43.0,73775,Savings,Medium,B003,RM006
C00944,Individual,51.0,117804,Savings,Medium,B008,RM016
C00945,Business,,261067,Current,High,B010,RM020
C00946,Individual,51.0,33154,Savings,Low,B005,RM011
C00947,Individual,73.0,84222,Current,Medium,B005,RM011
C00948,Individual,34.0,55475,Savings,Low,B004,RM009
C00949,Individual,70.0,71810,Current,Low,B001,RM002
C00950,Individual,26.0,27102,Current,Low,B001,RM001
C00951,Individual,19.0,20750,Savings,Low,B002,RM004
C00952,Business,,123673,Business,High,B003,RM007
C00953,Individual,65.0,47906,Savings,Medium,B009,RM019
C00954,Individual,23.0,22006,Current,Low,B010,RM020
C00955,Individual,65.0,107713,Savings,Low,B004,RM009
C00956,Individual,34.0,83665,Savings,Low,B002,RM005
C00957,Individual,48.0,58201,Premium,High,B006,RM013
C00958,Individual,70.0,79702,Savings,Medium,B001,RM002
C00959,Business,,166317,Business,Medium,B006,RM012
C00960,Individual,73.0,32496,Savings,Medium,B007,RM015
C00961,Individual,70.0,99491,Savings,High,B008,RM017
C00962,Individual,69.0,106626,Current,Low,B002,RM004
C00963,Individual,44.0,101805,Current,High,B002,RM004
C00964,Individual,50.0,31791,Current,Medium,B006,RM013
C00965,Individual,66.0,39023,Savings,Low,B003,RM006
C00966,Individual,58.0,77736,Savings,Low,B009,RM018
C00967,Business,,436412,Current,High,B006,RM013
C00968,Individual,65.0,23684,Current,Medium,B005,RM011
C00969,Individual,41.0,30364,Premium,Medium,B004,RM009
C00970,Business,,978540,Current,Medium,B002,RM004
C00971,Individual,62.0,83262,Savings,Medium,B005,RM010
C00972,Individual,41.0,36587,Savings,Low,B007,RM014
C00973,Business,,158847,Current,Medium,B005,RM011
C00974,Individual,42.0,24770,Current,High,B005,RM010
C00975,Individual,44.0,22782,Savings,Medium,B004,RM009
C00976,Individual,33.0,70026,Savings,Low,B006,RM012
C00977,Individual,31.0,107740,Current,Low,B002,RM005
C00978,Individual,39.0,110863,Premium,High,B010,RM020
C00979,Individual,20.0,34532,Current,Low,B007,RM015
C00980,Individual,75.0,78042,Savings,Low,B008,RM017
C00981,Business,,60795,Current,Medium,B005,RM011
C00982,Individual,26.0,58415,Current,Medium,B005,RM010
C00983,Individual,66.0,113880,Savings,High,B006,RM013
C00984,Business,,458612,Business,High,B008,RM017
C00985,Individual,21.0,19175,Savings,Low,B008,RM017
C00986,Individual,75.0,82673,Savings,High,B009,RM018
C00987,Individual,25.0,89702,Savings,Low,B005,RM011
C00988,Business,,586042,Business,High,B004,RM008
C00989,Business,,90256,Business,Medium,B002,RM005
C00990,Individual,61.0,28769,Savings,Low,B002,RM004
C00991,Individual,24.0,90077,Savings,Medium,B008,RM016
C00992,Individual,35.0,40380,Savings,Low,B010,RM021
C00993,Individual,64.0,179433,Premium,Medium,B004,RM009
C00994,Business,,92307,Business,Medium,B010,RM020
C00995,Individual,34.0,31071,Savings,Medium,B003,RM006
C00996,Individual,36.0,50101,Savings,Low,B007,RM014
C00997,Business,,279558,Current,Medium,B002,RM004
C00998,Individual,49.0,65433,Savings,Medium,B007,RM014
C00999,Individual,69.0,52213,Savings,Low,B001,RM002
C01000,Individual,47.0,50162,Premium,Low,B009,RM018
C01001,Individual,45.0,33650,Savings,High,B005,RM011
C01002,Individual,36.0,76109,Savings,Low,B002,RM004
C01003,Individual,24.0,77255,Current,Low,B010,RM021
C01004,Individual,19.0,39678,Savings,Medium,B007,RM014
C01005,Individual,74.0,100574,Current,Medium,B008,RM016
C01006,Business,,149071,Business,Medium,B010,RM020
C01007,Business,,75020,Business,Medium,B001,RM001
C01008,Individual,47.0,79445,Current,Low,B010,RM021
C01009,Individual,62.0,59834,Savings,Low,B004,RM009
C01010,Business,,149341,Current,Medium,B003,RM006
C01011,Individual,71.0,75296,Savings,Low,B008,RM016
C01012,Individual,19.0,22994,Current,Low,B008,RM017
C01013,Individual,46.0,53194,Savings,Medium,B007,RM014
C01014,Individual,24.0,68297,Premium,Medium,B010,RM021
C01015,Individual,36.0,31096,Savings,Low,B010,RM021
C01016,Business,,543170,Current,Medium,B007,RM015
C01017,Individual,22.0,67337,Premium,Low,B010,RM021
C01018,Individual,62.0,50573,Savings,Low,B006,RM012
C01019,Individual,32.0,62226,Premium,Medium,B008,RM016
C01020,Business,,709333,Premium,High,B006,RM013
C01021,Individual,72.0,24789,Savings,Low,B008,RM017
C01022,Individual,28.0,46612,Current,High,B008,RM016
C01023,Individual,53.0,18594,Savings,Low,B003,RM007
C01024,Business,,333522,Current,Medium,B002,RM005
C01025,Individual,53.0,26448,Premium,Medium,B001,RM001
C01026,Individual,27.0,113776,Current,Low,B001,RM003
C01027,Individual,71.0,86939,Current,Medium,B002,RM004
C01028,Individual,24.0,21868,Premium,Medium,B003,RM007
C01029,Individual,46.0,112662,Current,Low,B006,RM013
C01030,Business,,53231,Business,Medium,B001,RM003
C01031,Business,,175171,Business,Medium,B006,RM013
C01032,Individual,41.0,56085,Savings,Medium,B007,RM015
C01033,Individual,45.0,66824,Premium,High,B009,RM018
C01034,Individual,19.0,40651,Current,Low,B002,RM005
C01035,Individual,43.0,130769,Savings,Medium,B001,RM001
C01036,Business,,77654,Business,Medium,B009,RM019
C01037,Individual,74.0,76281,Premium,Medium,B006,RM013
C01038,Individual,35.0,89624,Current,Medium,B004,RM008
C01039,Individual,57.0,62626,Premium,Medium,B007,RM014
C01040,Business,,75221,Business,High,B003,RM007
C01041,Business,,46083,Business,Medium,B006,RM013
C01042,Individual,19.0,35692,Current,Low,B005,RM011
C01043,Individual,50.0,19964,Current,Low,B009,RM018
C01044,Individual,66.0,48175,Savings,Medium,B001,RM001
C01045,Individual,33.0,118115,Current,High,B009,RM019
C01046,Individual,37.0,77536,Current,Medium,B009,RM018
C01047,Individual,38.0,52619,Current,Low,B002,RM005
C01048,Individual,71.0,46045,Savings,Medium,B008,RM016
C01049,Individual,41.0,66394,Current,Low,B007,RM014
C01050,Individual,58.0,68841,Current,High,B007,RM015
C01051,Individual,26.0,69996,Savings,Medium,B009,RM018
C01052,Individual,47.0,50278,Premium,Low,B002,RM004
C01053,Business,,64221,Business,Medium,B003,RM006
C01054,Individual,41.0,71845,Savings,Low,B010,RM020
C01055,Individual,75.0,58578,Savings,Medium,B008,RM017
C01056,Individual,40.0,19464,Savings,Low,B010,RM021
C01057,Business,,798312,Current,High,B003,RM007
C01058,Individual,58.0,69486,Current,Low,B006,RM012
C01059,Individual,60.0,65377,Savings,Low,B009,RM018
C01060,Business,,590848,Current,High,B001,RM002
C01061,Individual,67.0,116768,Current,Medium,B002,RM005
C01062,Business,,298604,Business,Medium,B004,RM008
C01063,Individual,75.0,39569,Premium,Low,B001,RM002
C01064,Individual,33.0,117981,Savings,Medium,B010,RM021
C01065,Individual,20.0,41524,Savings,Low,B001,RM003
C01066,Individual,34.0,21254,Savings,Low,B003,RM006
C01067,Individual,27.0,66691,Current,Low,B006,RM012
C01068,Individual,21.0,46471,Savings,Low,B006,RM013
C01069,Individual,70.0,83399,Savings,Medium,B010,RM021
C01070,Individual,66.0,47541,Savings,Low,B009,RM019
C01071,Individual,19.0,55318,Premium,Low,B009,RM018
C01072,Individual,33.0,88229,Savings,Medium,B002,RM005
C01073,Individual,68.0,144464,Savings,Low,B004,RM008
C01074,Business,,3328477,Business,Medium,B008,RM017
C01075,Individual,28.0,33800,Savings,Low,B007,RM015
C01076,Business,,95095,Business,Medium,B009,RM019
C01077,Individual,23.0,48059,Current,Medium,B005,RM011
C01078,Individual,50.0,140860,Premium,High,B005,RM011
C01079,Individual,35.0,28539,Savings,Low,B010,RM020
C01080,Individual,62.0,18067,Current,Low,B001,RM003
C01081,Individual,53.0,112045,Current,Medium,B002,RM004
C01082,Individual,71.0,109175,Current,Low,B007,RM014
C01083,Individual,29.0,80552,Savings,Low,B004,RM009
C01084,Individual,65.0,27212,Current,Low,B004,RM009
C01085,Business,,288169,Business,High,B006,RM012
C01086,Individual,75.0,119716,Savings,Low,B007,RM014
C01087,Business,,229502,Business,Medium,B010,RM021
C01088,Individual,54.0,37272,Savings,Low,B005,RM011
C01089,Business,,587653,Business,High,B009,RM018
C01090,Individual,53.0,80128,Premium,Medium,B001,RM002
C01091,Individual,44.0,73966,Savings,Low,B001,RM003
C01092,Individual,35.0,114892,Savings,Low,B004,RM008
C01093,Individual,54.0,94786,Premium,Medium,B002,RM004
C01094,Individual,39.0,46339,Savings,Low,B001,RM003
C01095,Individual,39.0,96197,Savings,Low,B006,RM012
C01096,Business,,162060,Premium,High,B010,RM020
C01097,Individual,58.0,48180,Savings,Low,B001,RM002
C01098,Individual,72.0,48358,Savings,Medium,B001,RM003
C01099,Individual,45.0,19828,Current,Low,B007,RM015
C01100,Individual,66.0,79293,Current,Medium,B008,RM016
C01101,Individual,45.0,86637,Savings,High,B001,RM003
C01102,Individual,55.0,21364,Savings,Low,B010,RM020
C01103,Business,,73351,Business,Medium,B010,RM021
C01104,Individual,26.0,83964,Savings,Medium,B009,RM019
C01105,Individual,37.0,75464,Current,Low,B005,RM011
C01106,Individual,41.0,153926,Current,Medium,B001,RM001
C01107,Individual,71.0,43578,Savings,Low,B004,RM008
C01108,Business,,658143,Business,Medium,B008,RM017
C01109,Individual,72.0,61997,Current,Low,B003,RM006
C01110,Individual,68.0,112501,Savings,Low,B004,RM009
C01111,Individual,57.0,33753,Current,Medium,B006,RM012
C01112,Individual,43.0,18220,Savings,Low,B001,RM002
C01113,Individual,36.0,78383,Premium,Low,B001,RM002
C01114,Individual,29.0,26585,Current,Low,B009,RM018
C01115,Individual,19.0,26578,Premium,Low,B003,RM006
C01116,Individual,74.0,24889,Savings,Low,B006,RM012
C01117,Individual,51.0,160842,Premium,High,B002,RM004
C01118,Individual,26.0,92562,Savings,Medium,B006,RM013
C01119,Individual,58.0,19513,Current,Low,B009,RM019
C01120,Individual,38.0,38626,Current,Medium,B009,RM019
C01121,Business,,45335,Current,High,B010,RM020
C01122,Individual,42.0,113368,Savings,Medium,B003,RM007
C01123,Individual,51.0,72426,Savings,Medium,B010,RM020
C01124,Individual,32.0,109627,Premium,Low,B005,RM011
C01125,Business,,198069,Business,Medium,B002,RM005
C01126,Individual,40.0,19348,Savings,Low,B007,RM014
C01127,Individual,44.0,72606,Savings,Low,B003,RM007
C01128,Individual,59.0,20700,Savings,Low,B009,RM019
C01129,Individual,35.0,86449,Savings,Low,B009,RM019
C01130,Individual,61.0,59838,Current,Medium,B005,RM011
C01131,Individual,26.0,169308,Current,Medium,B005,RM011
C01132,Individual,36.0,106464,Premium,Medium,B001,RM001
C01133,Individual,66.0,176719,Savings,Low,B004,RM008
C01134,Individual,55.0,110719,Current,Medium,B002,RM004
C01135,Business,,282961,Business,Medium,B009,RM019
C01136,Individual,54.0,100025,Premium,Low,B006,RM013
C01137,Individual,45.0,66435,Current,Medium,B005,RM011
C01138,Individual,54.0,89118,Savings,High,B006,RM012
C01139,Individual,56.0,117609,Premium,High,B004,RM008
C01140,Individual,42.0,21559,Savings,Medium,B005,RM010
C01141,Individual,61.0,42101,Current,Medium,B001,RM001
C01142,Individual,42.0,55272,Savings,Low,B008,RM017
C01143,Individual,18.0,31463,Savings,High,B003,RM007
C01144,Individual,65.0,24765,Savings,Low,B007,RM014
C01145,Individual,28.0,60336,Current,Low,B008,RM017
C01146,Individual,27.0,66164,Current,Low,B006,RM012
C01147,Business,,251029,Business,Medium,B008,RM016
C01148,Individual,63.0,105630,Current,Medium,B003,RM007
C01149,Individual,75.0,68316,Savings,Medium,B003,RM006
C01150,Individual,43.0,42861,Savings,Medium,B005,RM010
C01151,Individual,60.0,94238,Premium,Medium,B009,RM018
C01152,Business,,46895,Business,High,B007,RM015
C01153,Individual,31.0,70288,Savings,Medium,B008,RM016
C01154,Individual,43.0,105996,Savings,Low,B003,RM007
C01155,Individual,47.0,44471,Savings,Medium,B008,RM017
C01156,Individual,35.0,91179,Current,Medium,B003,RM007
C01157,Individual,65.0,45084,Current,Low,B005,RM010
C01158,Individual,29.0,19128,Premium,Low,B008,RM017
C01159,Individual,58.0,86736,Savings,Low,B001,RM002
C01160,Individual,67.0,53221,Premium,Low,B004,RM009
C01161,Individual,44.0,18477,Savings,Low,B002,RM004
C01162,Business,,94747,Current,Medium,B003,RM006
C01163,Individual,24.0,101147,Current,Low,B004,RM009
C01164,Individual,45.0,25005,Savings,Low,B001,RM001
C01165,Individual,18.0,70066,Savings,Medium,B005,RM011
C01166,Individual,20.0,25161,Savings,Medium,B008,RM017
C01167,Individual,68.0,175736,Current,Low,B002,RM004
C01168,Individual,58.0,48711,Savings,Medium,B006,RM012
C01169,Individual,39.0,37170,Savings,Low,B004,RM008
C01170,Individual,18.0,38196,Current,Low,B004,RM009
C01171,Individual,33.0,43927,Savings,Low,B004,RM008
C01172,Individual,59.0,37597,Premium,Low,B006,RM013
C01173,Individual,59.0,82595,Savings,High,B005,RM011
C01174,Individual,72.0,102461,Savings,Medium,B004,RM008
C01175,Individual,32.0,65001,Savings,Low,B001,RM002
C01176,Business,,52613,Business,High,B004,RM009
C01177,Individual,55.0,53393,Savings,Low,B008,RM017
C01178,Individual,30.0,23781,Current,Low,B010,RM021
C01179,Business,,96519,Current,Medium,B006,RM012
C01180,Individual,48.0,73114,Current,Low,B003,RM006
C01181,Individual,42.0,45454,Current,Medium,B010,RM021
C01182,Individual,64.0,30466,Savings,Low,B007,RM014
C01183,Individual,22.0,70753,Savings,Medium,B001,RM003
C01184,Business,,692437,Business,High,B007,RM015
C01185,Individual,49.0,78555,Savings,Medium,B002,RM004
C01186,Business,,90000,Business,Medium,B006,RM012
C01187,Individual,58.0,43781,Current,Medium,B004,RM009
C01188,Individual,70.0,41851,Current,Medium,B005,RM010
C01189,Individual,61.0,26107,Current,Medium,B003,RM007
C01190,Individual,23.0,65188,Savings,Medium,B002,RM004
C01191,Business,,473878,Current,Medium,B005,RM010
C01192,Business,,200345,Business,High,B002,RM004
C01193,Individual,67.0,89352,Savings,Low,B007,RM014
C01194,Individual,28.0,80103,Savings,Medium,B007,RM014
C01195,Individual,36.0,91182,Savings,Low,B003,RM006
C01196,Individual,50.0,109534,Current,Low,B004,RM009
C01197,Individual,69.0,96996,Premium,High,B008,RM017
C01198,Business,,81709,Business,Medium,B007,RM015
C01199,Individual,39.0,25693,Savings,Low,B002,RM005
C01200,Individual,66.0,163602,Current,High,B002,RM004
C01201,Individual,18.0,74083,Premium,Medium,B008,RM016
C01202,Individual,56.0,64299,Current,Low,B006,RM012
C01203,Business,,199204,Current,High,B006,RM012
C01204,Individual,73.0,49100,Savings,Low,B009,RM018
C01205,Business,,560610,Business,Medium,B008,RM016
C01206,Individual,30.0,38908,Premium,Medium,B001,RM001
C01207,Individual,20.0,168222,Savings,Medium,B010,RM020
C01208,Individual,57.0,102828,Savings,High,B008,RM017
C01209,Business,,703553,Business,Medium,B003,RM007
C01210,Business,,829149,Business,Medium,B002,RM005
C01211,Business,,4669117,Business,High,B002,RM005
C01212,Individual,33.0,23584,Current,Low,B002,RM005
C01213,Individual,63.0,28698,Premium,Medium,B004,RM008
C01214,Individual,48.0,163948,Savings,Low,B009,RM019
C01215,Individual,23.0,101810,Premium,High,B010,RM020
C01216,Individual,42.0,105011,Current,Medium,B007,RM014
C01217,Individual,25.0,47299,Savings,Medium,B004,RM009
C01218,Business,,133401,Current,High,B010,RM021
C01219,Individual,21.0,52442,Current,High,B006,RM012
C01220,Individual,68.0,39749,Current,Low,B007,RM015
C01221,Individual,47.0,59452,Current,Low,B008,RM016
C01222,Individual,27.0,82250,Current,Low,B002,RM005
C01223,Business,,801515,Current,Medium,B005,RM011
C01224,Business,,93097,Business,High,B004,RM009
C01225,Business,,88216,Business,High,B003,RM007
C01226,Individual,37.0,163204,Premium,Low,B001,RM002
C01227,Individual,45.0,62826,Current,Low,B009,RM019
C01228,Individual,62.0,115914,Savings,Low,B010,RM021
C01229,Business,,779757,Current,Medium,B008,RM017
C01230,Individual,75.0,25147,Current,Low,B001,RM002
C01231,Individual,54.0,22836,Savings,High,B003,RM007
C01232,Individual,48.0,19719,Savings,Low,B006,RM013
C01233,Individual,27.0,66476,Savings,Low,B007,RM015
C01234,Individual,56.0,162781,Current,Medium,B002,RM004
C01235,Business,,172146,Current,Medium,B001,RM002
C01236,Individual,25.0,73406,Savings,Medium,B010,RM020
C01237,Individual,65.0,37427,Savings,Low,B007,RM015
C01238,Individual,24.0,75226,Savings,Medium,B001,RM003
C01239,Individual,52.0,114739,Savings,Medium,B010,RM020
C01240,Individual,68.0,53596,Premium,Medium,B003,RM006
C01241,Individual,18.0,60597,Savings,Low,B004,RM008
C01242,Individual,53.0,42294,Savings,Low,B005,RM010
C01243,Business,,83133,Business,Medium,B009,RM019
C01244,Individual,46.0,34070,Current,Low,B006,RM012
C01245,Individual,31.0,42931,Savings,Low,B005,RM010
C01246,Business,,156633,Business,Medium,B010,RM020
C01247,Individual,34.0,50703,Savings,Low,B005,RM010
C01248,Individual,62.0,24676,Savings,Low,B004,RM009
C01249,Individual,60.0,73516,Current,Low,B003,RM007
C01250,Business,,106792,Premium,Medium,B005,RM011
C01251,Individual,61.0,44322,Savings,Low,B006,RM013
C01252,Individual,69.0,18323,Savings,Medium,B004,RM008
C01253,Business,,429502,Business,High,B005,RM011
C01254,Business,,238663,Business,Medium,B005,RM011
C01255,Individual,24.0,91190,Savings,Medium,B003,RM007
C01256,Business,,239377,Business,High,B007,RM014
C01257,Individual,34.0,34828,Current,Low,B003,RM007
C01258,Individual,35.0,38945,Premium,Low,B004,RM009
C01259,Individual,63.0,68767,Premium,Medium,B009,RM018
C01260,Individual,45.0,54992,Savings,Medium,B005,RM011
C01261,Individual,72.0,20604,Savings,Low,B002,RM005
C01262,Individual,23.0,116317,Premium,Medium,B001,RM002
C01263,Individual,64.0,34312,Savings,High,B009,RM018
C01264,Individual,18.0,40477,Current,Medium,B006,RM013
C01265,Business,,238441,Current,Medium,B008,RM016
C01266,Individual,74.0,94750,Savings,Low,B003,RM007
C01267,Individual,21.0,64844,Savings,High,B006,RM012
C01268,Individual,52.0,87724,Savings,Medium,B005,RM011
C01269,Individual,58.0,54251,Premium,Medium,B009,RM019
C01270,Business,,811984,Business,Medium,B008,RM016
C01271,Individual,24.0,24100,Savings,Low,B007,RM015
C01272,Individual,51.0,50073,Savings,Medium,B001,RM002
C01273,Individual,34.0,30955,Savings,Low,B003,RM006
C01274,Business,,68742,Current,Medium,B003,RM006
C01275,Individual,18.0,53006,Savings,Low,B003,RM007
C01276,Individual,39.0,90506,Current,High,B005,RM011
C01277,Individual,53.0,48351,Savings,Medium,B007,RM014
C01278,Individual,65.0,105483,Savings,High,B001,RM001
C01279,Individual,50.0,25749,Savings,Medium,B007,RM014
C01280,Individual,45.0,58495,Savings,Medium,B004,RM008
C01281,Individual,50.0,27212,Current,Medium,B004,RM009
C01282,Business,,86298,Current,Medium,B009,RM019
C01283,Individual,72.0,49746,Savings,Low,B001,RM003
C01284,Business,,747011,Business,Medium,B001,RM002
C01285,Individual,37.0,95166,Savings,Medium,B001,RM001
C01286,Individual,21.0,57645,Savings,High,B007,RM014
C01287,Individual,21.0,18017,Savings,Low,B004,RM009
C01288,Individual,56.0,24056,Savings,Low,B006,RM012
C01289,Individual,60.0,36080,Current,Low,B006,RM012
C01290,Business,,917518,Business,Medium,B005,RM011
C01291,Individual,23.0,88551,Current,Medium,B001,RM003
C01292,Business,,499684,Business,Medium,B002,RM005
C01293,Business,,179030,Current,High,B004,RM008
C01294,Individual,20.0,31703,Current,Low,B009,RM019
C01295,Business,,288042,Business,Medium,B008,RM016
C01296,Individual,50.0,90940,Current,Medium,B003,RM007
C01297,Individual,54.0,24232,Current,Low,B009,RM019
C01298,Business,,89199,Business,Medium,B007,RM015
C01299,Individual,31.0,23242,Current,Low,B001,RM003
C01300,Individual,63.0,96962,Savings,Low,B005,RM011
C01301,Individual,32.0,25805,Savings,Low,B005,RM010
C01302,Individual,68.0,26159,Premium,Low,B002,RM005
C01303,Individual,58.0,64190,Savings,High,B009,RM018
C01304,Individual,44.0,99326,Savings,Low,B001,RM001
C01305,Individual,35.0,18512,Savings,Medium,B010,RM021
C01306,Individual,62.0,56865,Premium,Medium,B009,RM019
C01307,Business,,57615,Business,Medium,B007,RM014
C01308,Individual,64.0,104159,Savings,Medium,B008,RM017
C01309,Individual,70.0,92377,Current,High,B003,RM006
C01310,Individual,37.0,23823,Current,Low,B004,RM009
C01311,Individual,45.0,39139,Premium,Low,B009,RM019
C01312,Individual,69.0,21267,Savings,Low,B001,RM001
C01313,Business,,90470,Business,Medium,B010,RM020
C01314,Individual,18.0,126969,Savings,High,B002,RM005
C01315,Individual,66.0,69119,Current,Low,B008,RM016
C01316,Individual,52.0,75626,Savings,Medium,B002,RM005
C01317,Individual,50.0,107216,Savings,High,B001,RM003
C01318,Individual,27.0,58798,Savings,Medium,B007,RM015
C01319,Business,,417869,Business,High,B004,RM008
C01320,Business,,44999,Current,Medium,B002,RM004
C01321,Individual,29.0,61944,Current,Medium,B003,RM006
C01322,Individual,57.0,102831,Premium,Low,B008,RM016
C01323,Individual,34.0,85004,Current,High,B003,RM007
C01324,Individual,27.0,71354,Current,Low,B007,RM014
C01325,Individual,23.0,48358,Savings,Low,B006,RM012
C01326,Individual,62.0,159435,Current,Medium,B004,RM009
C01327,Individual,49.0,72283,Savings,Medium,B007,RM014
C01328,Individual,44.0,54374,Current,Low,B001,RM002
C01329,Business,,76593,Business,Medium,B002,RM004
C01330,Business,,136529,Business,Medium,B009,RM019
C01331,Individual,70.0,22515,Savings,Low,B003,RM006
C01332,Individual,62.0,144358,Savings,Low,B010,RM020
C01333,Individual,56.0,81978,Savings,Low,B004,RM008
C01334,Individual,71.0,89811,Current,Medium,B003,RM006
C01335,Individual,37.0,62107,Savings,Medium,B001,RM003
C01336,Individual,21.0,82104,Current,Low,B003,RM007
C01337,Individual,45.0,69772,Current,Medium,B010,RM020
C01338,Individual,32.0,50276,Savings,Low,B007,RM015
C01339,Individual,43.0,54346,Savings,Medium,B009,RM019
C01340,Business,,791190,Business,High,B007,RM015
C01341,Individual,69.0,67801,Savings,Low,B002,RM005
C01342,Individual,72.0,55697,Savings,Low,B002,RM005
C01343,Individual,66.0,92303,Current,Medium,B001,RM001
C01344,Individual,54.0,76945,Premium,Low,B001,RM002
C01345,Individual,37.0,29686,Current,Medium,B009,RM018
C01346,Individual,43.0,88488,Current,Low,B007,RM015
C01347,Individual,50.0,89842,Savings,Medium,B008,RM016
C01348,Business,,50565,Business,Medium,B002,RM004
C01349,Individual,31.0,89231,Current,Low,B009,RM019
C01350,Business,,237176,Premium,Medium,B003,RM006
C01351,Individual,57.0,108239,Savings,Medium,B007,RM014
C01352,Individual,57.0,49987,Current,High,B002,RM005
C01353,Individual,73.0,45712,Savings,Low,B003,RM007
C01354,Individual,35.0,63158,Savings,Low,B008,RM016
C01355,Business,,4200867,Current,High,B003,RM006
C01356,Business,,195282,Current,Medium,B010,RM021
C01357,Individual,41.0,60555,Savings,Medium,B009,RM019
C01358,Individual,74.0,122796,Current,Medium,B004,RM008
C01359,Business,,95906,Business,Medium,B010,RM020
C01360,Business,,97288,Business,Medium,B008,RM017
C01361,Individual,75.0,87151,Savings,Medium,B007,RM014
C01362,Individual,39.0,29220,Premium,Low,B008,RM016
C01363,Individual,20.0,70799,Savings,Low,B010,RM020
C01364,Business,,365431,Premium,Medium,B007,RM014
C01365,Individual,31.0,107716,Savings,Medium,B002,RM004
C01366,Individual,43.0,32792,Premium,Low,B005,RM010
C01367,Business,,99089,Business,High,B005,RM011
C01368,Individual,44.0,75094,Current,Low,B007,RM015
C01369,Business,,102603,Business,High,B004,RM009
C01370,Individual,55.0,61216,Current,Medium,B006,RM013
C01371,Individual,47.0,112731,Premium,Low,B007,RM014
C01372,Individual,18.0,174559,Premium,Medium,B010,RM021
C01373,Individual,65.0,147536,Current,Medium,B010,RM021
C01374,Individual,31.0,164540,Current,Low,B006,RM013
C01375,Individual,37.0,48175,Current,Medium,B008,RM017
C01376,Individual,40.0,107908,Savings,Medium,B002,RM004
C01377,Individual,41.0,37493,Savings,Low,B005,RM011
C01378,Individual,45.0,46502,Premium,Medium,B002,RM005
C01379,Individual,57.0,86794,Savings,Medium,B009,RM018
C01380,Individual,50.0,42138,Current,Medium,B004,RM009
C01381,Individual,53.0,52816,Premium,High,B006,RM012
C01382,Individual,70.0,65939,Savings,Low,B004,RM008
C01383,Individual,74.0,60145,Current,Medium,B007,RM015
C01384,Individual,75.0,82141,Savings,Low,B006,RM013
C01385,Business,,187841,Business,Medium,B007,RM015
C01386,Individual,43.0,39116,Savings,Low,B010,RM021
C01387,Individual,58.0,51384,Savings,Low,B003,RM007
C01388,Individual,63.0,113046,Savings,Medium,B007,RM015
C01389,Individual,34.0,90423,Premium,Low,B002,RM005
C01390,Individual,58.0,90030,Savings,Medium,B002,RM005
C01391,Individual,65.0,109734,Current,Medium,B003,RM007
C01392,Individual,32.0,75089,Current,Medium,B007,RM015
C01393,Individual,35.0,22711,Current,Low,B010,RM021
C01394,Individual,56.0,22647,Savings,Medium,B002,RM004
C01395,Individual,41.0,93629,Savings,Medium,B001,RM001
C01396,Individual,58.0,31759,Savings,Low,B008,RM017
C01397,Individual,18.0,117178,Current,High,B002,RM004
C01398,Business,,260957,Business,Medium,B009,RM018
C01399,Individual,25.0,18968,Savings,Low,B003,RM007
C01400,Business,,54218,Business,Medium,B002,RM005
C01401,Individual,26.0,71560,Savings,Low,B009,RM019
C01402,Individual,65.0,108577,Savings,Low,B004,RM009
C01403,Individual,61.0,98421,Premium,Low,B010,RM021
C01404,Individual,31.0,151970,Savings,Medium,B010,RM020
C01405,Individual,38.0,79799,Savings,Low,B006,RM013
C01406,Business,,771233,Business,Medium,B009,RM018
C01407,Individual,36.0,74766,Savings,Low,B003,RM007
C01408,Individual,29.0,44760,Savings,Low,B003,RM006
C01409,Individual,38.0,61552,Savings,Medium,B006,RM013
C01410,Individual,42.0,53905,Savings,Low,B005,RM010
C01411,Individual,74.0,84903,Current,Medium,B007,RM014
C01412,Business,,43254,Current,Medium,B005,RM011
C01413,Individual,46.0,28711,Current,Low,B001,RM003
C01414,Individual,68.0,80304,Premium,Low,B007,RM015
C01415,Business,,341020,Business,Medium,B008,RM016
C01416,Business,,178904,Business,High,B007,RM014
C01417,Individual,38.0,43084,Savings,Medium,B008,RM017
C01418,Business,,1509242,Current,High,B002,RM004
C01419,Individual,70.0,21445,Premium,Medium,B007,RM014
C01420,Individual,30.0,104174,Current,Medium,B001,RM001
C01421,Business,,91442,Business,Medium,B005,RM010
C01422,Individual,62.0,64874,Savings,Low,B003,RM006
C01423,Individual,26.0,49699,Current,Medium,B007,RM014
C01424,Individual,25.0,55762,Current,Medium,B005,RM010
C01425,Individual,48.0,26644,Current,Low,B006,RM013
C01426,Business,,82410,Current,Medium,B002,RM004
C01427,Business,,40860,Current,Medium,B007,RM015
C01428,Individual,39.0,37350,Current,Low,B006,RM013
C01429,Business,,987120,Business,Medium,B003,RM007
C01430,Business,,218602,Current,Medium,B007,RM014
C01431,Individual,45.0,28064,Premium,Low,B002,RM005
C01432,Individual,24.0,95765,Savings,Medium,B005,RM011
C01433,Individual,51.0,57404,Savings,Medium,B006,RM013
C01434,Individual,43.0,73287,Savings,Low,B006,RM012
C01435,Individual,42.0,107694,Savings,Low,B003,RM006
C01436,Individual,56.0,68414,Savings,Low,B004,RM008
C01437,Individual,21.0,117698,Savings,Low,B002,RM005
C01438,Individual,57.0,66513,Savings,Low,B005,RM011
C01439,Individual,68.0,38869,Savings,Low,B001,RM001
C01440,Individual,62.0,60009,Premium,Medium,B003,RM007
C01441,Individual,28.0,32916,Savings,Low,B008,RM016
C01442,Individual,29.0,177754,Savings,Medium,B001,RM002
C01443,Individual,48.0,72001,Premium,Low,B001,RM001
C01444,Individual,36.0,114424,Savings,Medium,B002,RM004
C01445,Individual,65.0,72156,Current,High,B005,RM010
C01446,Individual,41.0,63109,Savings,Low,B009,RM019
C01447,Business,,924682,Business,Medium,B009,RM019
C01448,Individual,27.0,176116,Savings,High,B006,RM012
C01449,Individual,54.0,108227,Savings,Medium,B004,RM008
C01450,Individual,35.0,115711,Premium,Medium,B009,RM019
C01451,Individual,61.0,61705,Savings,Low,B005,RM011
C01452,Individual,55.0,62496,Current,Low,B008,RM016
C01453,Business,,602418,Business,Medium,B003,RM006
C01454,Individual,51.0,160881,Current,Low,B008,RM017
C01455,Individual,36.0,19341,Savings,Medium,B002,RM004
C01456,Individual,18.0,40042,Savings,Low,B005,RM011
C01457,Individual,67.0,45636,Current,Low,B004,RM009
C01458,Individual,23.0,42106,Savings,Low,B007,RM014
C01459,Individual,75.0,26560,Premium,Low,B003,RM006
C01460,Individual,74.0,77890,Savings,Medium,B005,RM011
C01461,Individual,30.0,45609,Savings,Medium,B008,RM017
C01462,Individual,68.0,108632,Savings,Medium,B006,RM013
C01463,Business,,791130,Business,Medium,B007,RM014
C01464,Individual,53.0,31792,Savings,Low,B005,RM010
C01465,Individual,41.0,35801,Premium,Medium,B001,RM002
C01466,Business,,83914,Business,High,B009,RM018
C01467,Business,,57706,Current,Medium,B006,RM013
C01468,Individual,36.0,61712,Premium,Low,B010,RM020
C01469,Individual,63.0,24719,Savings,Low,B008,RM017
C01470,Individual,61.0,50143,Savings,Low,B001,RM002
C01471,Individual,30.0,18001,Savings,Medium,B009,RM018
C01472,Individual,24.0,73148,Savings,Low,B002,RM004
C01473,Individual,29.0,115829,Savings,Medium,B008,RM017
C01474,Individual,45.0,18709,Savings,Medium,B004,RM009
C01475,Individual,62.0,71205,Savings,Low,B002,RM005
C01476,Individual,60.0,65285,Current,Low,B007,RM014
C01477,Individual,36.0,76976,Savings,Medium,B001,RM002
C01478,Individual,60.0,42793,Premium,Low,B003,RM006
C01479,Business,,102390,Premium,Medium,B009,RM018
C01480,Individual,63.0,73622,Savings,Medium,B006,RM013
C01481,Individual,39.0,49177,Savings,Medium,B005,RM011
C01482,Individual,71.0,64675,Premium,Medium,B003,RM006
C01483,Individual,50.0,114434,Savings,Medium,B010,RM020
C01484,Individual,57.0,84428,Savings,High,B003,RM007
C01485,Individual,24.0,71222,Savings,Low,B004,RM009
C01486,Business,,98489,Business,High,B002,RM004
C01487,Individual,25.0,20388,Savings,Low,B001,RM002
C01488,Individual,62.0,48730,Premium,Medium,B004,RM009
C01489,Individual,46.0,54778,Savings,Low,B009,RM019
C01490,Individual,19.0,46304,Savings,Medium,B001,RM001
C01491,Individual,54.0,44716,Savings,Medium,B009,RM019
C01492,Individual,31.0,71046,Savings,Low,B009,RM019
C01493,Business,,263963,Business,Medium,B002,RM004
C01494,Individual,37.0,34341,Savings,Low,B006,RM013
C01495,Individual,36.0,96474,Savings,Low,B003,RM006
C01496,Individual,54.0,34965,Premium,Low,B007,RM014
C01497,Individual,62.0,118192,Savings,High,B005,RM011
C01498,Individual,39.0,53140,Savings,Medium,B003,RM007
C01499,Individual,64.0,44084,Savings,Low,B010,RM020
C01500,Individual,66.0,102665,Premium,High,B010,RM020
C01501,Individual,23.0,111376,Premium,Low,B001,RM001
C01502,Individual,50.0,29477,Savings,Low,B004,RM009
C01503,Business,,91237,Current,Medium,B007,RM015
C01504,Individual,19.0,43417,Savings,Low,B003,RM007
C01505,Individual,53.0,32350,Savings,Low,B006,RM013
C01506,Individual,45.0,95608,Savings,Medium,B004,RM009
C01507,Individual,74.0,115141,Current,High,B001,RM002
C01508,Individual,21.0,22152,Savings,Low,B006,RM013
C01509,Individual,74.0,27581,Savings,Low,B002,RM004
C01510,Individual,34.0,93491,Savings,Medium,B006,RM013
C01511,Individual,37.0,116136,Savings,Medium,B009,RM019
C01512,Individual,52.0,43538,Savings,Low,B010,RM020
C01513,Individual,31.0,114143,Savings,Medium,B004,RM009
C01514,Individual,70.0,82350,Premium,Medium,B008,RM016
C01515,Individual,71.0,27108,Current,Low,B002,RM005
C01516,Individual,57.0,41235,Premium,Low,B001,RM002
C01517,Individual,29.0,74897,Savings,Low,B009,RM019
C01518,Business,,652550,Premium,High,B010,RM020
C01519,Individual,39.0,108447,Premium,Medium,B001,RM003
C01520,Individual,64.0,98836,Premium,High,B008,RM016
C01521,Individual,54.0,97045,Savings,Low,B004,RM008
C01522,Business,,84734,Premium,Medium,B004,RM008
C01523,Individual,54.0,57974,Savings,Medium,B010,RM021
C01524,Individual,54.0,57335,Current,Low,B001,RM003
C01525,Individual,20.0,151470,Current,Medium,B007,RM014
C01526,Individual,23.0,79998,Current,High,B008,RM016
C01527,Individual,68.0,72435,Savings,Medium,B003,RM006
C01528,Individual,32.0,19261,Savings,Low,B008,RM016
C01529,Individual,53.0,83985,Premium,High,B005,RM011
C01530,Individual,72.0,115418,Current,Medium,B006,RM012
C01531,Individual,46.0,20537,Savings,Low,B006,RM013
C01532,Individual,59.0,58552,Savings,Low,B006,RM013
C01533,Business,,692917,Business,High,B010,RM020
C01534,Individual,20.0,49834,Premium,Low,B010,RM021
C01535,Business,,294522,Business,Medium,B006,RM012
C01536,Individual,55.0,22917,Savings,High,B002,RM004
C01537,Business,,3371469,Business,Medium,B009,RM019
C01538,Individual,64.0,35293,Current,Low,B009,RM018
C01539,Individual,35.0,36849,Savings,Low,B004,RM008
C01540,Individual,38.0,87563,Current,Medium,B007,RM015
C01541,Individual,53.0,63743,Current,Medium,B008,RM017
C01542,Individual,70.0,88210,Premium,Low,B007,RM014
C01543,Individual,26.0,58801,Savings,Low,B007,RM015
C01544,Individual,27.0,52982,Premium,Medium,B001,RM002
C01545,Individual,34.0,110792,Current,Low,B001,RM001
C01546,Individual,28.0,128675,Savings,Medium,B007,RM014
C01547,Individual,43.0,55822,Current,Low,B006,RM012
C01548,Individual,24.0,122964,Savings,High,B008,RM016
C01549,Individual,65.0,98958,Current,Medium,B003,RM007
C01550,Individual,70.0,85491,Savings,Low,B010,RM021
C01551,Individual,47.0,68743,Savings,Medium,B005,RM011
C01552,Individual,49.0,76970,Savings,Low,B009,RM018
C01553,Individual,42.0,51692,Premium,Low,B004,RM008
C01554,Individual,54.0,100602,Savings,Low,B002,RM005
C01555,Individual,46.0,23548,Savings,Medium,B010,RM021
C01556,Individual,32.0,49240,Savings,Medium,B009,RM019
C01557,Individual,56.0,115378,Savings,Low,B008,RM017
C01558,Individual,36.0,117431,Savings,Medium,B003,RM007
C01559,Individual,25.0,87860,Savings,Medium,B005,RM010
C01560,Business,,4068694,Current,High,B002,RM004
C01561,Individual,64.0,23135,Savings,Low,B009,RM019
C01562,Individual,63.0,42513,Savings,High,B009,RM018
C01563,Individual,53.0,42335,Premium,Medium,B004,RM009
C01564,Individual,73.0,92823,Savings,Low,B003,RM007
C01565,Individual,26.0,20906,Premium,Medium,B004,RM008
C01566,Individual,49.0,53667,Current,Low,B005,RM011
C01567,Individual,55.0,29426,Savings,Low,B003,RM006
C01568,Business,,808622,Business,Medium,B010,RM020
C01569,Individual,36.0,21682,Premium,Medium,B005,RM010
C01570,Business,,273648,Business,Medium,B006,RM012
C01571,Individual,62.0,48392,Current,Low,B008,RM017
C01572,Individual,33.0,26779,Savings,Medium,B007,RM014
C01573,Individual,38.0,60815,Savings,Medium,B007,RM015
C01574,Individual,21.0,54348,Savings,Medium,B005,RM011
C01575,Individual,54.0,115128,Savings,Medium,B010,RM021
C01576,Individual,56.0,41383,Current,Low,B006,RM012
C01577,Individual,53.0,19612,Savings,Low,B004,RM009
C01578,Business,,288172,Business,High,B006,RM012
C01579,Individual,53.0,80893,Savings,Low,B009,RM018
C01580,Individual,68.0,50285,Savings,Low,B004,RM008
C01581,Individual,25.0,104763,Current,Low,B005,RM011
C01582,Individual,50.0,107222,Savings,Medium,B009,RM019
C01583,Business,,78547,Current,Medium,B010,RM020
C01584,Individual,45.0,41535,Savings,Low,B002,RM005
C01585,Business,,198718,Business,Medium,B007,RM015
C01586,Individual,36.0,114944,Savings,Low,B008,RM017
C01587,Individual,41.0,87097,Savings,Medium,B001,RM001
C01588,Individual,46.0,76906,Savings,Low,B003,RM007
C01589,Business,,51092,Business,High,B010,RM021
C01590,Individual,43.0,71032,Savings,Medium,B004,RM008
C01591,Individual,34.0,62142,Current,Low,B010,RM020
C01592,Individual,18.0,53711,Current,Medium,B009,RM019
C01593,Individual,59.0,33118,Current,Low,B002,RM004
C01594,Individual,22.0,40892,Savings,Medium,B003,RM006
C01595,Individual,25.0,31899,Savings,Low,B009,RM019
C01596,Individual,73.0,66175,Savings,Low,B005,RM010
C01597,Business,,236965,Business,High,B010,RM020
C01598,Individual,36.0,53399,Current,High,B006,RM012
C01599,Individual,48.0,61638,Premium,Medium,B003,RM006
C01600,Individual,71.0,60820,Savings,Low,B002,RM005
C01601,Individual,30.0,21075,Savings,Low,B001,RM001
C01602,Individual,28.0,38851,Current,Low,B001,RM001
C01603,Individual,70.0,107929,Current,Low,B010,RM020
C01604,Business,,268191,Current,Medium,B003,RM007
C01605,Individual,35.0,36470,Savings,Medium,B010,RM020
C01606,Individual,39.0,78808,Current,High,B010,RM021
C01607,Business,,40175,Current,High,B002,RM005
C01608,Individual,28.0,40016,Savings,Medium,B001,RM003
C01609,Individual,46.0,70912,Savings,Low,B002,RM005
C01610,Individual,42.0,111095,Savings,Medium,B006,RM012
C01611,Individual,56.0,90886,Premium,Medium,B003,RM006
C01612,Individual,49.0,56419,Current,Medium,B007,RM014
C01613,Individual,19.0,110544,Current,Low,B007,RM015
C01614,Individual,74.0,132516,Savings,Low,B001,RM003
C01615,Individual,51.0,37208,Savings,Low,B006,RM012
C01616,Individual,18.0,42197,Current,Medium,B007,RM014
C01617,Business,,587492,Current,High,B001,RM002
C01618,Business,,3651807,Business,Medium,B009,RM018
C01619,Individual,19.0,50039,Current,Low,B003,RM006
C01620,Individual,72.0,32528,Current,Low,B002,RM005
C01621,Individual,72.0,38119,Current,Low,B006,RM012
C01622,Individual,55.0,104002,Savings,High,B007,RM014
C01623,Business,,117027,Business,High,B003,RM006
C01624,Individual,29.0,58056,Current,Medium,B007,RM015
C01625,Individual,71.0,80211,Savings,Medium,B002,RM005
C01626,Individual,71.0,77105,Premium,Low,B002,RM004
C01627,Individual,29.0,41317,Current,Medium,B004,RM008
C01628,Individual,23.0,96169,Savings,Medium,B004,RM008
C01629,Individual,26.0,64858,Current,Low,B003,RM006
C01630,Individual,32.0,97878,Premium,Low,B005,RM011
C01631,Individual,34.0,29637,Current,Low,B009,RM019
C01632,Business,,144688,Business,High,B007,RM014
C01633,Individual,31.0,148433,Savings,High,B005,RM010
C01634,Individual,50.0,57625,Savings,Medium,B005,RM011
C01635,Individual,20.0,113884,Current,Low,B003,RM007
C01636,Individual,41.0,78560,Premium,Low,B002,RM004
C01637,Individual,75.0,31808,Savings,Low,B002,RM004
C01638,Business,,222379,Business,High,B008,RM016
C01639,Individual,54.0,66170,Savings,Low,B006,RM012
C01640,Individual,61.0,42629,Premium,Medium,B009,RM019
C01641,Individual,67.0,77846,Savings,Low,B009,RM019
C01642,Business,,849543,Business,High,B003,RM006
C01643,Individual,68.0,125924,Savings,Medium,B006,RM013
C01644,Individual,47.0,22832,Savings,Low,B005,RM010
C01645,Individual,72.0,20954,Current,Low,B009,RM018
C01646,Individual,28.0,70854,Savings,Low,B004,RM008
C01647,Individual,71.0,55908,Current,Low,B003,RM007
C01648,Individual,26.0,61437,Premium,Medium,B007,RM014
C01649,Individual,22.0,78432,Savings,Medium,B003,RM007
C01650,Individual,39.0,40104,Current,Medium,B002,RM004
C01651,Individual,49.0,24921,Savings,Low,B007,RM014
C01652,Individual,27.0,65350,Current,Low,B005,RM010
C01653,Individual,43.0,46975,Savings,Low,B002,RM004
C01654,Business,,312818,Business,Medium,B009,RM018
C01655,Individual,18.0,66326,Savings,Low,B007,RM014
C01656,Individual,25.0,69508,Savings,Medium,B006,RM012
C01657,Business,,51720,Premium,Medium,B007,RM014
C01658,Individual,18.0,78676,Savings,Low,B010,RM021
C01659,Business,,221834,Business,Medium,B008,RM017
C01660,Individual,74.0,64202,Savings,Low,B005,RM010
C01661,Individual,29.0,67332,Savings,Low,B001,RM002
C01662,Individual,64.0,30983,Savings,Low,B002,RM004
C01663,Individual,58.0,58002,Savings,Low,B010,RM020
C01664,Business,,848991,Business,Medium,B006,RM013
C01665,Individual,56.0,161799,Current,Low,B009,RM018
C01666,Individual,58.0,107690,Savings,Low,B005,RM010
C01667,Individual,74.0,32202,Premium,Medium,B010,RM020
C01668,Business,,241336,Current,Medium,B001,RM002
C01669,Individual,31.0,108635,Savings,Medium,B003,RM006
C01670,Individual,20.0,51879,Current,Low,B007,RM014
C01671,Individual,44.0,58007,Savings,Medium,B006,RM013
C01672,Individual,19.0,94487,Savings,Low,B010,RM021
C01673,Individual,58.0,75484,Savings,Medium,B001,RM001
C01674,Individual,40.0,89946,Savings,Medium,B004,RM009
C01675,Individual,61.0,66406,Savings,Medium,B002,RM005
C01676,Individual,40.0,35353,Savings,Low,B006,RM012
C01677,Individual,19.0,37167,Savings,Low,B007,RM014
C01678,Business,,58604,Business,Medium,B004,RM009
C01679,Business,,79788,Premium,Medium,B007,RM015
C01680,Individual,25.0,51706,Premium,Medium,B007,RM015
C01681,Individual,66.0,37636,Savings,Medium,B002,RM004
C01682,Business,,4195024,Current,Medium,B009,RM018
C01683,Individual,43.0,70403,Savings,Medium,B003,RM007
C01684,Individual,18.0,61892,Current,Medium,B002,RM005
C01685,Individual,44.0,146889,Savings,Low,B004,RM009
C01686,Individual,50.0,159293,Current,Medium,B001,RM001
C01687,Individual,28.0,70927,Current,High,B001,RM001
C01688,Individual,68.0,76179,Savings,Low,B003,RM007
C01689,Individual,73.0,33472,Premium,Medium,B006,RM012
C01690,Individual,75.0,36926,Savings,Low,B010,RM021
C01691,Business,,783819,Business,Medium,B010,RM021
C01692,Business,,556757,Business,High,B001,RM002
C01693,Individual,61.0,74063,Premium,Medium,B002,RM005
C01694,Business,,863443,Business,High,B009,RM019
C01695,Individual,48.0,83918,Savings,Low,B001,RM001
C01696,Individual,50.0,68838,Savings,Low,B003,RM006
C01697,Individual,55.0,87325,Current,Low,B006,RM012
C01698,Business,,520290,Business,Medium,B002,RM005
C01699,Business,,164154,Current,Medium,B008,RM017
C01700,Individual,62.0,58041,Current,Medium,B003,RM006
C01701,Individual,32.0,116932,Savings,Low,B003,RM007
C01702,Individual,48.0,99325,Savings,Medium,B003,RM007
C01703,Individual,72.0,54936,Savings,Low,B005,RM010
C01704,Individual,34.0,73331,Current,High,B007,RM014
C01705,Individual,28.0,162195,Savings,High,B006,RM013
C01706,Individual,73.0,91083,Premium,Medium,B008,RM017
C01707,Individual,22.0,60270,Savings,Low,B010,RM021
C01708,Individual,59.0,34344,Savings,Medium,B001,RM001
C01709,Business,,849577,Current,High,B006,RM013
C01710,Individual,58.0,28797,Savings,Low,B009,RM018
C01711,Individual,23.0,123668,Savings,Medium,B004,RM009
C01712,Individual,29.0,56062,Savings,Medium,B003,RM007
C01713,Business,,58184,Business,Medium,B002,RM004
C01714,Individual,21.0,25993,Current,Low,B008,RM016
C01715,Individual,68.0,38771,Savings,Low,B008,RM016
C01716,Individual,24.0,54089,Current,Low,B001,RM002
C01717,Individual,75.0,32504,Current,Low,B010,RM020
C01718,Individual,18.0,66684,Current,Low,B003,RM007
C01719,Individual,50.0,59637,Savings,Low,B006,RM012
C01720,Individual,50.0,68838,Savings,Medium,B003,RM006
C01721,Individual,75.0,150835,Savings,Low,B007,RM014
C01722,Individual,73.0,75297,Current,Low,B002,RM005
C01723,Individual,37.0,60972,Current,Low,B005,RM010
C01724,Individual,61.0,23124,Savings,Low,B003,RM006
C01725,Individual,28.0,73847,Premium,Medium,B007,RM015
C01726,Individual,34.0,59897,Savings,Low,B006,RM012
C01727,Individual,37.0,65791,Current,Low,B007,RM015
C01728,Business,,136681,Premium,High,B001,RM002
C01729,Individual,60.0,99319,Current,Low,B007,RM015
C01730,Individual,53.0,94088,Current,Medium,B005,RM010
C01731,Individual,28.0,71436,Premium,Medium,B001,RM001
C01732,Individual,63.0,58359,Premium,Medium,B001,RM002
C01733,Individual,39.0,64212,Savings,Low,B008,RM017
C01734,Business,,90806,Current,High,B003,RM007
C01735,Individual,30.0,68721,Savings,Medium,B005,RM011
C01736,Individual,36.0,49205,Current,Low,B006,RM013
C01737,Business,,156311,Business,Medium,B008,RM017
C01738,Individual,61.0,136975,Savings,Medium,B001,RM003
C01739,Individual,44.0,71873,Current,Medium,B001,RM001
C01740,Individual,54.0,42102,Premium,Medium,B006,RM012
C01741,Individual,54.0,44398,Current,Medium,B009,RM018
C01742,Individual,69.0,45749,Current,Low,B004,RM008
C01743,Individual,61.0,58144,Savings,Medium,B003,RM006
C01744,Individual,29.0,62269,Savings,Medium,B007,RM014
C01745,Individual,36.0,30777,Savings,Low,B007,RM014
C01746,Individual,32.0,61405,Savings,Medium,B004,RM008
C01747,Business,,904877,Business,High,B004,RM008
C01748,Individual,19.0,42585,Current,Low,B002,RM004
C01749,Business,,990138,Business,Medium,B007,RM014
C01750,Individual,31.0,81788,Savings,High,B008,RM017
C01751,Business,,216379,Current,High,B004,RM008
C01752,Individual,46.0,53476,Current,Medium,B002,RM005
C01753,Business,,251598,Current,Medium,B004,RM009
C01754,Business,,675799,Current,Medium,B004,RM009
C01755,Business,,677338,Business,Medium,B008,RM016
C01756,Individual,69.0,46557,Savings,High,B002,RM004
C01757,Business,,160125,Premium,Medium,B007,RM014
C01758,Individual,35.0,101185,Savings,Medium,B003,RM006
C01759,Individual,51.0,33394,Current,Low,B004,RM009
C01760,Individual,41.0,50320,Savings,Low,B009,RM019
C01761,Individual,69.0,63925,Premium,Low,B003,RM006
C01762,Individual,37.0,64456,Premium,Low,B006,RM013
C01763,Individual,39.0,33417,Savings,Medium,B007,RM014
C01764,Individual,66.0,74419,Savings,Low,B006,RM013
C01765,Individual,22.0,33587,Savings,Low,B009,RM019
C01766,Individual,56.0,80047,Savings,Medium,B005,RM010
C01767,Individual,52.0,46317,Savings,Medium,B010,RM020
C01768,Individual,50.0,22672,Savings,Low,B002,RM005
C01769,Individual,74.0,56369,Savings,Low,B005,RM010
C01770,Individual,47.0,74073,Savings,High,B005,RM011
C01771,Business,,198243,Current,Medium,B001,RM003
C01772,Business,,112587,Current,High,B001,RM002
C01773,Individual,71.0,90609,Savings,Low,B008,RM017
C01774,Business,,96985,Current,Medium,B008,RM017
C01775,Individual,34.0,47721,Current,Medium,B009,RM018
C01776,Individual,75.0,29173,Current,Low,B009,RM018
C01777,Individual,60.0,114017,Savings,Medium,B007,RM014
C01778,Individual,52.0,25442,Premium,Medium,B002,RM004
C01779,Individual,26.0,100121,Savings,Medium,B002,RM005
C01780,Individual,70.0,113482,Savings,Medium,B004,RM009
C01781,Individual,65.0,79382,Current,Medium,B009,RM018
C01782,Individual,52.0,55101,Current,High,B003,RM007
C01783,Individual,61.0,38785,Premium,Low,B003,RM007
C01784,Business,,153004,Business,High,B007,RM014
C01785,Individual,51.0,178572,Savings,Medium,B005,RM010
C01786,Individual,63.0,60421,Savings,Medium,B010,RM020
C01787,Individual,44.0,33759,Current,Medium,B004,RM008
C01788,Individual,59.0,78759,Savings,Medium,B002,RM005
C01789,Business,,98499,Business,High,B010,RM020
C01790,Individual,46.0,27026,Current,Low,B002,RM004
C01791,Individual,24.0,119219,Savings,Medium,B005,RM010
C01792,Individual,57.0,44613,Premium,Medium,B006,RM013
C01793,Business,,94917,Current,Medium,B008,RM017
C01794,Individual,74.0,111935,Current,Low,B002,RM004
C01795,Business,,257036,Current,Medium,B008,RM017
C01796,Business,,267263,Business,High,B005,RM011
C01797,Individual,39.0,56465,Premium,Low,B002,RM005
C01798,Business,,72438,Business,Medium,B005,RM010
C01799,Business,,811560,Business,High,B007,RM015
C01800,Individual,60.0,79430,Savings,Medium,B002,RM005
C01801,Individual,66.0,37009,Current,Medium,B007,RM015
C01802,Individual,20.0,68851,Premium,Medium,B009,RM018
C01803,Business,,958629,Current,Medium,B001,RM003
C01804,Individual,19.0,61558,Savings,Medium,B001,RM002
C01805,Individual,75.0,62547,Savings,High,B005,RM011
C01806,Individual,38.0,57247,Current,Low,B009,RM019
C01807,Individual,65.0,62841,Current,Low,B008,RM017
C01808,Individual,57.0,54914,Savings,Low,B002,RM005
C01809,Individual,57.0,52202,Current,Low,B008,RM016
C01810,Individual,46.0,90434,Premium,Low,B002,RM004
C01811,Individual,50.0,116731,Savings,Medium,B003,RM006
C01812,Individual,22.0,20966,Current,Medium,B007,RM014
C01813,Individual,39.0,66001,Savings,Low,B005,RM011
C01814,Individual,23.0,54734,Savings,Low,B009,RM018
C01815,Individual,35.0,25355,Current,High,B004,RM009
C01816,Individual,69.0,18406,Savings,Medium,B010,RM020
C01817,Business,,244500,Premium,Medium,B003,RM006
C01818,Individual,58.0,65369,Current,Medium,B006,RM013
C01819,Individual,41.0,95381,Savings,Low,B003,RM007
C01820,Business,,2035554,Current,Medium,B002,RM004
C01821,Individual,52.0,79589,Savings,Low,B009,RM018
C01822,Individual,54.0,110162,Current,Medium,B007,RM015
C01823,Business,,76697,Business,High,B006,RM012
C01824,Business,,84696,Business,High,B005,RM011
C01825,Individual,75.0,119173,Savings,Medium,B003,RM006
C01826,Individual,46.0,59966,Savings,Medium,B009,RM018
C01827,Individual,52.0,158461,Savings,Low,B010,RM020
C01828,Individual,40.0,44653,Current,Low,B003,RM007
C01829,Individual,56.0,91753,Current,Low,B008,RM017
C01830,Individual,23.0,31223,Current,Medium,B007,RM014
C01831,Individual,48.0,29249,Savings,Low,B003,RM006
C01832,Individual,34.0,52095,Savings,Low,B006,RM012
C01833,Individual,39.0,46162,Savings,Low,B010,RM020
C01834,Business,,64454,Business,Medium,B009,RM019
C01835,Individual,42.0,77229,Current,Medium,B003,RM006
C01836,Individual,49.0,25155,Premium,Low,B003,RM006
C01837,Individual,29.0,91632,Savings,Medium,B008,RM017
C01838,Individual,52.0,87882,Current,Low,B005,RM011
C01839,Individual,29.0,50969,Premium,Low,B010,RM020
C01840,Business,,776752,Premium,Medium,B007,RM015
C01841,Business,,117160,Business,Medium,B004,RM009
C01842,Individual,43.0,19920,Premium,Medium,B010,RM021
C01843,Business,,82913,Business,Medium,B010,RM021
C01844,Individual,43.0,93168,Savings,Low,B004,RM009
C01845,Business,,214069,Business,Medium,B008,RM017
C01846,Individual,48.0,60047,Savings,Medium,B005,RM010
C01847,Individual,51.0,92325,Premium,Low,B010,RM021
C01848,Business,,268016,Business,Medium,B001,RM002
C01849,Business,,192213,Premium,Medium,B007,RM015
C01850,Individual,72.0,30151,Current,Low,B004,RM008
C01851,Individual,29.0,100991,Savings,Low,B004,RM008
C01852,Individual,18.0,30500,Savings,Low,B005,RM010
C01853,Business,,186704,Premium,High,B004,RM009
C01854,Business,,140875,Business,Medium,B005,RM010
C01855,Individual,63.0,100299,Savings,High,B005,RM010
C01856,Individual,44.0,104715,Savings,High,B008,RM017
C01857,Individual,58.0,42739,Current,Low,B004,RM008
C01858,Individual,25.0,34008,Savings,Low,B003,RM006
C01859,Individual,61.0,106096,Savings,Low,B010,RM021
C01860,Individual,25.0,53246,Premium,Medium,B008,RM017
C01861,Individual,20.0,47165,Savings,Low,B007,RM015
C01862,Individual,62.0,95843,Savings,Low,B003,RM007
C01863,Individual,20.0,73005,Current,Low,B004,RM009
C01864,Individual,54.0,23004,Savings,Medium,B003,RM006
C01865,Individual,75.0,65645,Savings,High,B009,RM018
C01866,Individual,58.0,39561,Current,Low,B008,RM017
C01867,Business,,175446,Business,Medium,B006,RM012
C01868,Individual,22.0,75014,Savings,Medium,B006,RM013
C01869,Individual,75.0,25656,Savings,Low,B001,RM002
C01870,Individual,25.0,82306,Current,Low,B008,RM016
C01871,Individual,36.0,65347,Savings,Medium,B008,RM017
C01872,Individual,58.0,50036,Savings,Medium,B004,RM009
C01873,Individual,64.0,30728,Premium,Medium,B006,RM012
C01874,Individual,69.0,42788,Savings,Medium,B009,RM019
C01875,Business,,81058,Business,High,B007,RM014
C01876,Individual,46.0,65456,Savings,Low,B007,RM014
C01877,Individual,31.0,24257,Current,Medium,B010,RM020
C01878,Business,,207009,Business,Medium,B007,RM014
C01879,Individual,52.0,59681,Premium,High,B010,RM020
C01880,Individual,31.0,50270,Current,High,B007,RM014
C01881,Business,,53530,Business,High,B005,RM010
C01882,Individual,67.0,31168,Current,Medium,B003,RM007
C01883,Individual,33.0,88556,Current,Medium,B010,RM020
C01884,Individual,58.0,86361,Current,Low,B001,RM003
C01885,Individual,23.0,63376,Savings,Low,B004,RM008
C01886,Business,,182706,Business,High,B008,RM017
C01887,Individual,36.0,76823,Savings,Medium,B003,RM006
C01888,Individual,57.0,76809,Current,Low,B005,RM011
C01889,Business,,47429,Current,Medium,B008,RM016
C01890,Individual,26.0,110986,Savings,Low,B001,RM002
C01891,Individual,70.0,68897,Current,Low,B001,RM002
C01892,Business,,189070,Premium,High,B002,RM004
C01893,Individual,37.0,49796,Savings,High,B004,RM008
C01894,Individual,63.0,85444,Savings,High,B008,RM017
C01895,Individual,55.0,51079,Savings,Low,B009,RM018
C01896,Business,,324583,Business,High,B001,RM002
C01897,Individual,37.0,68373,Savings,Low,B008,RM016
C01898,Individual,53.0,38452,Savings,Low,B005,RM011
C01899,Individual,48.0,42358,Current,Low,B007,RM014
C01900,Individual,50.0,107820,Savings,Low,B006,RM013
C01901,Individual,30.0,57476,Savings,Low,B002,RM005
C01902,Business,,419039,Business,Medium,B002,RM005
C01903,Individual,41.0,36740,Current,Medium,B002,RM004
C01904,Individual,65.0,84612,Savings,Medium,B008,RM016
C01905,Business,,410973,Current,Medium,B003,RM006
C01906,Business,,494589,Business,High,B001,RM001
C01907,Individual,32.0,20602,Savings,Low,B004,RM009
C01908,Business,,819360,Current,Medium,B005,RM011
C01909,Individual,73.0,109000,Savings,Low,B003,RM006
C01910,Individual,74.0,52408,Current,Medium,B002,RM004
C01911,Individual,38.0,94923,Savings,Medium,B010,RM021
C01912,Individual,50.0,54303,Savings,Medium,B004,RM009
C01913,Individual,74.0,136493,Savings,Low,B001,RM001
C01914,Individual,75.0,108186,Savings,Medium,B008,RM017
C01915,Business,,183466,Business,High,B006,RM013
C01916,Individual,61.0,157303,Savings,High,B008,RM016
C01917,Individual,48.0,59676,Current,Low,B004,RM008
C01918,Individual,20.0,66852,Savings,Low,B007,RM015
C01919,Business,,140025,Business,High,B007,RM015
C01920,Business,,699987,Premium,Medium,B007,RM015
C01921,Individual,68.0,91323,Savings,High,B004,RM009
C01922,Individual,48.0,29053,Savings,Low,B003,RM007
C01923,Business,,591157,Business,Medium,B008,RM016
C01924,Individual,72.0,39816,Savings,Medium,B002,RM004
C01925,Individual,56.0,55410,Savings,Low,B004,RM009
C01926,Individual,37.0,62189,Current,Medium,B007,RM014
C01927,Individual,26.0,62354,Current,Medium,B003,RM006
C01928,Individual,48.0,32649,Savings,Low,B006,RM012
C01929,Individual,73.0,111207,Current,Medium,B010,RM020
C01930,Individual,75.0,28545,Current,Low,B004,RM008
C01931,Individual,33.0,96324,Savings,Medium,B001,RM001
C01932,Individual,24.0,49722,Current,Low,B008,RM016
C01933,Individual,75.0,97433,Savings,Low,B004,RM008
C01934,Individual,41.0,83868,Savings,Low,B001,RM001
C01935,Individual,57.0,49576,Current,High,B008,RM016
C01936,Individual,52.0,39162,Savings,Medium,B010,RM021
C01937,Individual,21.0,92775,Savings,Medium,B004,RM009
C01938,Individual,70.0,99541,Savings,Low,B001,RM001
C01939,Individual,66.0,64158,Savings,Medium,B003,RM007
C01940,Individual,53.0,32553,Current,Low,B005,RM011
C01941,Individual,63.0,58662,Savings,Low,B001,RM003
C01942,Individual,38.0,64171,Savings,Medium,B007,RM015
C01943,Individual,45.0,65921,Savings,Medium,B001,RM002
C01944,Individual,54.0,82580,Premium,Low,B003,RM007
C01945,Individual,22.0,21350,Savings,Medium,B004,RM008
C01946,Individual,40.0,67042,Savings,Low,B007,RM015
C01947,Individual,44.0,65951,Current,Low,B002,RM004
C01948,Individual,25.0,97088,Savings,Low,B009,RM019
C01949,Individual,71.0,71371,Savings,Low,B004,RM009
C01950,Business,,60936,Business,High,B007,RM015
C01951,Individual,36.0,67193,Current,Low,B010,RM020
C01952,Individual,55.0,62897,Current,Medium,B006,RM013
C01953,Business,,53944,Business,Medium,B010,RM021
C01954,Individual,41.0,50476,Current,Medium,B005,RM011
C01955,Individual,75.0,47809,Current,Low,B008,RM016
C01956,Business,,206349,Business,Medium,B007,RM015
C01957,Individual,73.0,36684,Current,Low,B004,RM008
C01958,Business,,114252,Current,Medium,B005,RM010
C01959,Individual,37.0,23928,Premium,Low,B007,RM014
C01960,Individual,43.0,50830,Premium,Low,B010,RM021
C01961,Individual,60.0,96286,Savings,Low,B001,RM003
C01962,Individual,72.0,26986,Premium,Low,B007,RM014
C01963,Individual,28.0,30060,Savings,Low,B007,RM015
C01964,Business,,67360,Current,Medium,B001,RM001
C01965,Individual,34.0,53412,Savings,Medium,B001,RM003
C01966,Individual,25.0,25694,Savings,Medium,B009,RM019
C01967,Individual,62.0,44147,Current,Low,B002,RM004
C01968,Individual,19.0,32171,Current,Low,B001,RM001
C01969,Business,,173616,Current,High,B004,RM008
C01970,Individual,35.0,132325,Savings,Medium,B001,RM003
C01971,Individual,54.0,108530,Current,Medium,B004,RM008
C01972,Business,,63857,Business,Medium,B008,RM016
C01973,Individual,60.0,116111,Savings,Low,B006,RM013
C01974,Individual,43.0,62769,Current,Low,B008,RM017
C01975,Individual,41.0,125665,Current,High,B006,RM012
C01976,Individual,46.0,90766,Premium,Low,B003,RM007
C01977,Individual,58.0,90448,Premium,Medium,B004,RM009
C01978,Individual,70.0,47332,Premium,Low,B009,RM018
C01979,Individual,34.0,90793,Current,Medium,B006,RM012
C01980,Individual,64.0,104466,Savings,Low,B007,RM014
C01981,Individual,65.0,46974,Savings,Medium,B003,RM007
C01982,Business,,40039,Current,High,B002,RM005
C01983,Individual,22.0,60090,Savings,Low,B004,RM008
C01984,Individual,70.0,18531,Savings,Low,B003,RM006
C01985,Individual,34.0,47795,Savings,Low,B007,RM014
C01986,Individual,37.0,64570,Savings,Low,B010,RM020
C01987,Individual,55.0,34100,Premium,Low,B006,RM013
C01988,Individual,48.0,105149,Current,Medium,B007,RM014
C01989,Individual,74.0,72132,Premium,Low,B008,RM017
C01990,Business,,242536,Business,Medium,B002,RM005
C01991,Individual,39.0,33377,Savings,Low,B008,RM017
C01992,Individual,24.0,22206,Current,Low,B001,RM003
C01993,Individual,50.0,27002,Current,Low,B009,RM019
C01994,Individual,34.0,73864,Savings,Medium,B005,RM010
C01995,Individual,56.0,47187,Current,High,B002,RM005
C01996,Individual,33.0,39426,Premium,Medium,B001,RM003
C01997,Individual,39.0,118244,Current,Low,B008,RM017
C01998,Business,,50776,Business,High,B010,RM021
C01999,Individual,49.0,68178,Savings,Low,B006,RM012
C02000,Individual,44.0,58278,Savings,Medium,B002,RM004
C02001,Individual,74.0,103438,Savings,Medium,B004,RM008
C02002,Individual,28.0,24120,Current,Low,B009,RM019
C02003,Individual,48.0,39504,Savings,Low,B009,RM018
C02004,Individual,27.0,65605,Savings,Low,B001,RM003
C02005,Individual,35.0,40580,Savings,Medium,B006,RM013
C02006,Business,,497831,Current,Medium,B004,RM009
C02007,Individual,53.0,75481,Premium,Low,B003,RM006
C02008,Individual,66.0,34822,Premium,Low,B003,RM006
C02009,Individual,44.0,103705,Premium,Medium,B007,RM015
C02010,Individual,20.0,105862,Savings,Medium,B006,RM013
C02011,Individual,71.0,88344,Savings,High,B009,RM018
C02012,Individual,66.0,55816,Current,Low,B002,RM004
C02013,Individual,44.0,20780,Current,Medium,B001,RM003
C02014,Individual,35.0,62379,Savings,Low,B006,RM012
C02015,Business,,227870,Business,High,B010,RM021
C02016,Individual,61.0,77616,Savings,Low,B008,RM016
C02017,Individual,57.0,56488,Current,High,B005,RM010
C02018,Individual,38.0,101244,Premium,Medium,B006,RM013
C02019,Individual,39.0,66970,Savings,Medium,B004,RM009
C02020,Business,,90456,Current,Medium,B006,RM012
C02021,Individual,38.0,33161,Current,Low,B005,RM011
C02022,Individual,56.0,102110,Savings,Medium,B008,RM016
C02023,Individual,48.0,117236,Savings,Low,B005,RM011
C02024,Individual,25.0,173288,Current,Medium,B002,RM005
C02025,Business,,72443,Business,High,B010,RM020
C02026,Individual,44.0,19670,Premium,Low,B008,RM017
C02027,Individual,45.0,47827,Savings,Low,B001,RM001
C02028,Business,,75945,Business,Medium,B002,RM004
C02029,Individual,31.0,39636,Current,Low,B006,RM013
C02030,Individual,36.0,55105,Savings,Medium,B005,RM011
C02031,Individual,33.0,36143,Current,Medium,B003,RM006
C02032,Individual,57.0,23255,Savings,Low,B005,RM010
C02033,Individual,33.0,94481,Savings,Medium,B003,RM006
C02034,Individual,18.0,28108,Savings,Medium,B007,RM015
C02035,Individual,24.0,106773,Current,Medium,B007,RM015
C02036,Individual,19.0,57807,Savings,Medium,B007,RM015
C02037,Individual,19.0,65421,Current,Medium,B006,RM012
C02038,Individual,56.0,104750,Savings,Medium,B004,RM009
C02039,Individual,35.0,27524,Premium,Low,B008,RM017
C02040,Individual,54.0,20119,Savings,Medium,B007,RM014
C02041,Individual,42.0,32296,Current,Medium,B002,RM005
C02042,Individual,32.0,57030,Savings,Low,B010,RM021
C02043,Individual,51.0,82378,Premium,Low,B004,RM009
C02044,Individual,28.0,36114,Savings,Low,B005,RM011
C02045,Individual,27.0,98252,Premium,Low,B007,RM014
C02046,Individual,22.0,21023,Current,Low,B003,RM007
C02047,Individual,45.0,95482,Savings,High,B010,RM021
C02048,Individual,67.0,23856,Savings,Medium,B009,RM019
C02049,Individual,29.0,24121,Savings,Low,B003,RM007
C02050,Individual,19.0,43725,Savings,Low,B008,RM016
C02051,Business,,79909,Current,Medium,B005,RM011
C02052,Individual,29.0,96267,Savings,Medium,B001,RM002
C02053,Business,,58822,Business,High,B007,RM015
C02054,Individual,43.0,110580,Premium,High,B006,RM013
C02055,Individual,71.0,96477,Savings,Medium,B009,RM018
C02056,Individual,20.0,37654,Premium,Medium,B002,RM004
C02057,Business,,178516,Business,Medium,B004,RM008
C02058,Individual,45.0,89644,Savings,Medium,B003,RM006
C02059,Individual,43.0,18536,Premium,Medium,B005,RM010
C02060,Individual,63.0,53414,Savings,Low,B001,RM002
C02061,Business,,406204,Business,Medium,B008,RM016
C02062,Business,,381918,Business,Medium,B009,RM018
C02063,Individual,73.0,84440,Savings,Low,B009,RM018
C02064,Individual,24.0,36402,Savings,Low,B004,RM009
C02065,Individual,19.0,61891,Current,Low,B010,RM020
C02066,Individual,21.0,118379,Savings,Medium,B008,RM016
C02067,Individual,20.0,75913,Current,Medium,B002,RM004
C02068,Business,,273176,Current,High,B005,RM010
C02069,Individual,30.0,30579,Savings,Low,B001,RM002
C02070,Individual,26.0,36654,Savings,Medium,B003,RM007
C02071,Individual,34.0,133802,Savings,Low,B001,RM002
C02072,Individual,68.0,33345,Premium,Low,B008,RM016
C02073,Individual,47.0,102461,Current,High,B008,RM017
C02074,Individual,53.0,101666,Current,Low,B003,RM006
C02075,Individual,63.0,58282,Current,Medium,B004,RM009
C02076,Business,,171352,Business,Medium,B008,RM016
C02077,Business,,78777,Business,High,B002,RM005
C02078,Individual,72.0,96301,Savings,Low,B002,RM005
C02079,Individual,41.0,66204,Savings,Low,B002,RM005
C02080,Individual,48.0,84346,Current,High,B001,RM001
C02081,Individual,45.0,33504,Premium,Low,B006,RM012
C02082,Individual,49.0,112234,Premium,Low,B004,RM008
C02083,Individual,33.0,50806,Savings,Medium,B010,RM021
C02084,Business,,45394,Current,Medium,B009,RM019
C02085,Individual,23.0,89954,Premium,Low,B003,RM007
C02086,Individual,71.0,63412,Current,Low,B003,RM006
C02087,Individual,20.0,125396,Premium,Medium,B004,RM008
C02088,Business,,814179,Business,Medium,B010,RM020
C02089,Individual,57.0,44256,Savings,Medium,B003,RM007
C02090,Individual,50.0,37873,Savings,Low,B007,RM015
C02091,Individual,62.0,69655,Savings,Low,B005,RM010
C02092,Individual,43.0,55409,Current,Medium,B006,RM012
C02093,Individual,27.0,82411,Savings,Medium,B002,RM004
C02094,Individual,46.0,20406,Savings,Low,B006,RM013
C02095,Individual,48.0,48035,Premium,Medium,B009,RM018
C02096,Individual,63.0,33506,Current,Low,B007,RM014
C02097,Individual,21.0,26263,Savings,Medium,B008,RM017
C02098,Business,,639297,Business,High,B007,RM014
C02099,Individual,66.0,52056,Savings,Medium,B005,RM011
C02100,Individual,74.0,129710,Savings,Low,B009,RM019
C02101,Individual,35.0,91830,Savings,Medium,B006,RM012
C02102,Individual,57.0,40179,Savings,Medium,B009,RM019
C02103,Individual,39.0,73094,Savings,Low,B009,RM019
C02104,Individual,57.0,19291,Savings,Low,B009,RM018
C02105,Individual,66.0,58644,Savings,Low,B002,RM005
C02106,Business,,221515,Premium,Medium,B004,RM008
C02107,Business,,57347,Business,High,B001,RM003
C02108,Individual,55.0,57391,Savings,Low,B004,RM008
C02109,Individual,18.0,44987,Current,Low,B009,RM019
C02110,Individual,73.0,172076,Current,Medium,B010,RM020
C02111,Individual,55.0,39669,Current,Medium,B004,RM008
C02112,Individual,39.0,39499,Savings,Low,B002,RM005
C02113,Individual,48.0,22255,Premium,Low,B003,RM006
C02114,Individual,34.0,67947,Savings,Low,B002,RM005
C02115,Individual,52.0,44495,Savings,Low,B002,RM004
C02116,Business,,90484,Current,High,B003,RM007
C02117,Individual,39.0,35517,Savings,Low,B010,RM021
C02118,Individual,40.0,103149,Savings,Medium,B009,RM019
C02119,Individual,57.0,85663,Premium,Low,B006,RM012
C02120,Individual,62.0,71371,Premium,Medium,B006,RM012
C02121,Individual,42.0,108337,Savings,Medium,B007,RM014
C02122,Individual,57.0,78427,Current,Low,B004,RM008
C02123,Business,,884536,Current,Medium,B006,RM012
C02124,Business,,52326,Business,Medium,B006,RM012
C02125,Individual,65.0,100654,Premium,Low,B002,RM005
C02126,Individual,67.0,22448,Savings,Low,B009,RM018
C02127,Individual,25.0,42128,Current,Medium,B004,RM009
C02128,Individual,45.0,46984,Savings,Low,B003,RM006
C02129,Individual,42.0,138393,Savings,Medium,B002,RM005
C02130,Individual,49.0,59649,Savings,Low,B005,RM011
C02131,Individual,23.0,114403,Current,High,B006,RM013
C02132,Individual,34.0,100860,Premium,Low,B004,RM008
C02133,Business,,58121,Business,High,B009,RM018
C02134,Business,,251351,Current,Medium,B009,RM019
C02135,Individual,75.0,42669,Savings,Medium,B002,RM004
C02136,Individual,65.0,20252,Savings,Medium,B001,RM001
C02137,Business,,93051,Business,Medium,B005,RM010
C02138,Individual,53.0,96225,Savings,Low,B010,RM021
C02139,Business,,104415,Business,High,B003,RM007
C02140,Individual,70.0,113402,Savings,Medium,B009,RM019
C02141,Individual,64.0,92291,Savings,Low,B007,RM015
C02142,Individual,42.0,35294,Savings,Low,B010,RM021
C02143,Business,,56320,Current,High,B007,RM014
C02144,Individual,49.0,21755,Savings,Low,B005,RM011
C02145,Individual,29.0,118024,Savings,Medium,B003,RM007
C02146,Individual,33.0,84731,Current,Low,B004,RM009
C02147,Business,,270879,Business,Medium,B001,RM003
C02148,Individual,31.0,49632,Current,Medium,B006,RM012
C02149,Business,,236017,Current,Medium,B004,RM008
C02150,Individual,42.0,55910,Savings,High,B007,RM015
C02151,Individual,45.0,44024,Current,Medium,B008,RM016
C02152,Individual,44.0,27411,Savings,Low,B007,RM014
C02153,Individual,66.0,78435,Savings,Low,B004,RM008
C02154,Individual,73.0,71249,Premium,Low,B008,RM016
C02155,Individual,26.0,25681,Current,Low,B009,RM019
C02156,Individual,27.0,30151,Savings,Low,B005,RM011
C02157,Individual,37.0,81330,Savings,High,B002,RM005
C02158,Business,,56010,Current,High,B009,RM019
C02159,Individual,51.0,112573,Premium,Low,B001,RM002
C02160,Individual,67.0,77221,Savings,Low,B003,RM006
C02161,Individual,64.0,96460,Current,Low,B004,RM008
C02162,Individual,71.0,157041,Current,Low,B008,RM017
C02163,Individual,33.0,62029,Savings,Medium,B009,RM018
C02164,Individual,45.0,121076,Current,Low,B003,RM007
C02165,Individual,20.0,31512,Savings,Low,B002,RM004
C02166,Business,,288332,Business,High,B004,RM009
C02167,Individual,34.0,37251,Savings,High,B010,RM021
C02168,Business,,55512,Current,Medium,B005,RM010
C02169,Individual,58.0,95807,Savings,Medium,B009,RM018
C02170,Individual,62.0,112083,Current,Low,B007,RM014
C02171,Individual,50.0,77727,Savings,Low,B006,RM013
C02172,Individual,53.0,41762,Current,High,B010,RM020
C02173,Individual,30.0,23143,Savings,Low,B003,RM006
C02174,Business,,59333,Business,High,B004,RM008
C02175,Individual,25.0,93380,Savings,Medium,B005,RM011
C02176,Individual,62.0,23212,Savings,Low,B006,RM012
C02177,Individual,61.0,107548,Savings,Medium,B004,RM008
C02178,Individual,24.0,50891,Savings,Low,B009,RM019
C02179,Individual,75.0,118379,Premium,High,B003,RM007
C02180,Individual,54.0,32714,Savings,Low,B008,RM017
C02181,Individual,56.0,18656,Savings,Low,B009,RM018
C02182,Business,,420950,Current,Medium,B001,RM002
C02183,Individual,52.0,87416,Current,Low,B010,RM020
C02184,Individual,26.0,23891,Savings,Low,B003,RM007
C02185,Business,,259095,Business,Medium,B009,RM019
C02186,Individual,51.0,57016,Savings,Low,B003,RM007
C02187,Individual,72.0,89156,Current,Low,B002,RM004
C02188,Individual,46.0,38770,Savings,Low,B006,RM013
C02189,Individual,35.0,142130,Savings,Medium,B001,RM002
C02190,Individual,73.0,81988,Savings,Low,B010,RM021
C02191,Individual,30.0,46439,Savings,Medium,B006,RM013
C02192,Individual,65.0,121693,Current,High,B006,RM012
C02193,Individual,68.0,98996,Current,Low,B002,RM005
C02194,Business,,251095,Business,Medium,B009,RM019
C02195,Individual,70.0,112860,Current,Low,B007,RM014
C02196,Individual,45.0,42893,Current,Low,B005,RM010
C02197,Individual,58.0,63689,Current,Low,B003,RM006
C02198,Individual,25.0,22891,Current,Low,B006,RM012
C02199,Individual,41.0,51156,Current,Low,B001,RM001
C02200,Individual,58.0,66655,Savings,Low,B010,RM020
C02201,Individual,40.0,81113,Current,Medium,B009,RM018
C02202,Individual,21.0,43079,Premium,Medium,B005,RM011
C02203,Individual,53.0,80325,Savings,Medium,B003,RM006
C02204,Business,,165277,Business,Medium,B004,RM009
C02205,Individual,43.0,50148,Current,Low,B007,RM014
C02206,Individual,64.0,36724,Current,Low,B005,RM010
C02207,Individual,19.0,31755,Current,Low,B009,RM018
C02208,Individual,37.0,136505,Savings,High,B007,RM014
C02209,Business,,141070,Business,High,B005,RM011
C02210,Individual,68.0,30092,Savings,Low,B005,RM011
C02211,Business,,324394,Current,Medium,B005,RM010
C02212,Individual,73.0,77729,Premium,Low,B001,RM002
C02213,Individual,41.0,34415,Savings,Medium,B005,RM010
C02214,Individual,26.0,44032,Current,Low,B005,RM011
C02215,Individual,72.0,53411,Premium,Low,B006,RM012
C02216,Business,,60648,Current,Medium,B004,RM009
C02217,Business,,86616,Business,Medium,B002,RM004
C02218,Individual,30.0,20995,Current,Low,B004,RM008
C02219,Individual,38.0,122569,Premium,High,B002,RM004
C02220,Business,,232352,Business,High,B007,RM014
C02221,Individual,50.0,116211,Current,Medium,B001,RM001
C02222,Business,,41741,Premium,Medium,B002,RM005
C02223,Individual,25.0,79137,Savings,Low,B007,RM014
C02224,Individual,62.0,58589,Current,Medium,B007,RM015
C02225,Business,,202697,Business,High,B003,RM007
C02226,Individual,56.0,22036,Premium,Low,B010,RM021
C02227,Individual,36.0,31008,Savings,Low,B001,RM003
C02228,Individual,44.0,23166,Premium,Low,B009,RM019
C02229,Individual,46.0,62131,Savings,Low,B001,RM001
C02230,Individual,64.0,74057,Savings,High,B001,RM001
C02231,Individual,67.0,95574,Savings,Low,B007,RM014
C02232,Individual,62.0,22220,Savings,Medium,B001,RM003
C02233,Business,,97995,Business,Medium,B010,RM020
C02234,Business,,705048,Business,Medium,B006,RM013
C02235,Individual,29.0,96647,Premium,Low,B007,RM014
C02236,Individual,45.0,71810,Current,Low,B009,RM019
C02237,Business,,237492,Current,Medium,B001,RM002
C02238,Individual,75.0,74590,Premium,Medium,B006,RM013
C02239,Individual,73.0,76063,Current,Low,B007,RM015
C02240,Individual,59.0,48135,Savings,Medium,B008,RM016
C02241,Individual,56.0,113252,Savings,Medium,B002,RM005
C02242,Individual,29.0,109694,Premium,Medium,B003,RM006
C02243,Individual,63.0,67573,Current,Medium,B007,RM014
C02244,Individual,53.0,79341,Current,Medium,B008,RM016
C02245,Business,,75079,Current,Medium,B010,RM021
C02246,Individual,54.0,18697,Current,Medium,B010,RM020
C02247,Individual,72.0,23738,Premium,Low,B004,RM009
C02248,Individual,67.0,146490,Current,High,B001,RM002
C02249,Individual,19.0,150997,Savings,Medium,B008,RM017
C02250,Business,,68966,Business,Medium,B009,RM018
C02251,Individual,56.0,39959,Current,Medium,B004,RM008
C02252,Individual,75.0,41146,Current,High,B001,RM003
C02253,Business,,423527,Premium,High,B010,RM020
C02254,Individual,19.0,49649,Savings,Medium,B009,RM018
C02255,Individual,60.0,76085,Savings,Low,B007,RM015
C02256,Individual,71.0,36408,Savings,Low,B003,RM006
C02257,Business,,188303,Premium,High,B005,RM010
C02258,Individual,43.0,55768,Current,Medium,B009,RM018
C02259,Individual,20.0,90763,Savings,Low,B001,RM002
C02260,Business,,202412,Premium,Medium,B001,RM003
C02261,Business,,828376,Business,Medium,B004,RM008
C02262,Individual,70.0,83140,Premium,Low,B001,RM001
C02263,Individual,23.0,79749,Savings,Medium,B001,RM003
C02264,Individual,29.0,114197,Savings,Medium,B008,RM017
C02265,Individual,27.0,30070,Savings,Low,B001,RM002
C02266,Individual,56.0,50637,Savings,High,B003,RM007
C02267,Individual,73.0,48521,Current,Low,B009,RM018
C02268,Individual,49.0,111073,Premium,High,B003,RM006
C02269,Individual,56.0,26635,Savings,Medium,B009,RM018
C02270,Individual,30.0,32872,Savings,Medium,B006,RM013
C02271,Individual,28.0,31150,Savings,Low,B002,RM005
C02272,Individual,72.0,179482,Savings,Low,B010,RM020
C02273,Individual,25.0,31824,Savings,Low,B006,RM013
C02274,Individual,52.0,62607,Savings,Low,B008,RM016
C02275,Business,,180503,Business,Medium,B003,RM006
C02276,Individual,27.0,99268,Savings,High,B002,RM004
C02277,Individual,21.0,24713,Current,Medium,B007,RM015
C02278,Individual,27.0,112745,Current,Low,B003,RM006
C02279,Individual,28.0,72215,Premium,Medium,B003,RM006
C02280,Individual,34.0,67516,Savings,Low,B008,RM017
C02281,Individual,46.0,31959,Premium,Low,B009,RM019
C02282,Business,,485825,Business,High,B007,RM014
C02283,Individual,54.0,81501,Savings,Medium,B009,RM018
C02284,Individual,43.0,47798,Savings,Medium,B007,RM014
C02285,Individual,43.0,49603,Premium,Low,B001,RM003
C02286,Individual,23.0,51202,Savings,Medium,B006,RM013
C02287,Individual,43.0,63988,Savings,Low,B008,RM017
C02288,Individual,43.0,44775,Savings,Medium,B003,RM006
C02289,Business,,77215,Business,Medium,B010,RM021
C02290,Individual,52.0,97597,Savings,Medium,B009,RM019
C02291,Individual,73.0,23188,Savings,Medium,B006,RM013
C02292,Business,,160240,Current,Medium,B010,RM021
C02293,Individual,50.0,162491,Savings,High,B006,RM013
C02294,Individual,53.0,45505,Savings,Low,B009,RM019
C02295,Individual,69.0,82346,Current,Medium,B006,RM013
C02296,Individual,52.0,65591,Savings,Low,B003,RM006
C02297,Business,,199732,Current,High,B002,RM005
C02298,Individual,47.0,74878,Savings,Low,B010,RM021
C02299,Business,,288360,Current,High,B003,RM006
C02300,Individual,30.0,42502,Current,Low,B009,RM019
C02301,Individual,29.0,55563,Savings,Medium,B001,RM001
C02302,Business,,202276,Business,Medium,B008,RM016
C02303,Individual,61.0,27161,Premium,Low,B006,RM013
C02304,Individual,29.0,105767,Savings,Low,B003,RM006
C02305,Business,,148677,Current,Medium,B003,RM007
C02306,Individual,54.0,105649,Current,Low,B004,RM009
C02307,Business,,408110,Business,Medium,B002,RM004
C02308,Individual,38.0,29071,Current,Medium,B003,RM006
C02309,Individual,54.0,37304,Savings,Low,B006,RM013
C02310,Individual,61.0,54650,Premium,High,B002,RM005
C02311,Individual,41.0,72088,Savings,High,B009,RM018
C02312,Individual,38.0,98828,Current,Low,B004,RM009
C02313,Individual,25.0,113574,Current,Low,B002,RM004
C02314,Individual,28.0,35089,Current,Low,B004,RM008
C02315,Individual,23.0,93774,Savings,Low,B005,RM011
C02316,Individual,70.0,47026,Savings,Low,B010,RM021
C02317,Business,,237501,Business,High,B008,RM017
C02318,Individual,57.0,49809,Current,Medium,B002,RM005
C02319,Business,,336901,Current,Medium,B007,RM014
C02320,Individual,25.0,74322,Savings,Low,B003,RM007
C02321,Individual,35.0,55401,Current,Low,B006,RM012
C02322,Individual,26.0,116530,Current,Medium,B007,RM014
C02323,Individual,38.0,118244,Savings,Medium,B008,RM017
C02324,Individual,37.0,89058,Savings,Low,B006,RM012
C02325,Business,,81430,Business,Medium,B006,RM013
C02326,Individual,71.0,51650,Savings,Low,B010,RM021
C02327,Business,,748903,Premium,Medium,B001,RM002
C02328,Individual,69.0,55045,Current,Medium,B002,RM005
C02329,Individual,74.0,87584,Current,High,B002,RM004
C02330,Individual,39.0,74195,Savings,Medium,B009,RM018
C02331,Individual,24.0,58636,Premium,Low,B007,RM015
C02332,Individual,63.0,72740,Premium,Medium,B004,RM009
C02333,Individual,58.0,99180,Current,Low,B001,RM002
C02334,Individual,50.0,166116,Savings,Medium,B004,RM009
C02335,Individual,69.0,115609,Current,Low,B003,RM007
C02336,Business,,79752,Business,High,B001,RM002
C02337,Individual,23.0,18265,Premium,Low,B007,RM015
C02338,Individual,31.0,110355,Savings,Medium,B008,RM016
C02339,Individual,23.0,51596,Current,Medium,B008,RM017
C02340,Individual,65.0,156833,Current,Medium,B007,RM015
C02341,Business,,2364970,Business,Medium,B008,RM017
C02342,Business,,291248,Business,Medium,B003,RM006
C02343,Individual,25.0,51504,Savings,Medium,B004,RM009
C02344,Individual,64.0,36497,Current,Medium,B001,RM003
C02345,Individual,27.0,77150,Premium,Low,B007,RM015
C02346,Business,,642836,Current,Medium,B005,RM011
C02347,Individual,27.0,23457,Savings,Low,B004,RM009
C02348,Business,,183939,Business,Medium,B007,RM015
C02349,Individual,59.0,72315,Savings,Medium,B005,RM010
C02350,Business,,168429,Current,Medium,B008,RM016
C02351,Individual,25.0,32641,Current,Medium,B010,RM020
C02352,Individual,54.0,20289,Savings,Low,B010,RM020
C02353,Individual,49.0,94040,Savings,High,B006,RM013
C02354,Individual,53.0,114009,Savings,Low,B002,RM005
C02355,Individual,43.0,83557,Savings,Low,B001,RM001
C02356,Individual,49.0,70513,Savings,Low,B010,RM020
C02357,Individual,31.0,64392,Current,Low,B004,RM008
C02358,Individual,21.0,82650,Savings,Low,B005,RM011
C02359,Business,,250120,Current,Medium,B002,RM004
C02360,Individual,71.0,93765,Premium,Medium,B002,RM004
C02361,Individual,59.0,78461,Current,Medium,B002,RM004
C02362,Individual,35.0,73513,Savings,Medium,B004,RM008
C02363,Individual,48.0,37447,Savings,Low,B002,RM005
C02364,Individual,58.0,22973,Savings,Low,B008,RM017
C02365,Individual,60.0,21773,Current,Low,B002,RM005
C02366,Individual,43.0,23921,Savings,Low,B001,RM001
C02367,Individual,39.0,74678,Current,High,B004,RM008
C02368,Individual,31.0,36739,Savings,Low,B004,RM009
C02369,Individual,29.0,59756,Current,Low,B005,RM011
C02370,Individual,36.0,36297,Current,Low,B003,RM007
C02371,Business,,185626,Premium,Medium,B005,RM011
C02372,Individual,71.0,92691,Current,Low,B006,RM013
C02373,Individual,68.0,39468,Savings,Medium,B010,RM021
C02374,Individual,67.0,72542,Current,Medium,B004,RM009
C02375,Individual,35.0,29764,Savings,Low,B007,RM015
C02376,Individual,26.0,18886,Savings,Low,B003,RM007
C02377,Individual,48.0,107686,Savings,Medium,B008,RM016
C02378,Individual,35.0,37630,Current,Low,B002,RM005
C02379,Individual,55.0,25477,Savings,Medium,B009,RM019
C02380,Business,,60934,Business,High,B001,RM001
C02381,Individual,73.0,56364,Savings,Low,B006,RM012
C02382,Business,,267729,Business,Medium,B005,RM010
C02383,Individual,46.0,62808,Savings,Low,B003,RM006
C02384,Individual,71.0,26228,Savings,Low,B001,RM002
C02385,Individual,25.0,113697,Savings,Low,B007,RM014
C02386,Individual,46.0,45896,Savings,Low,B001,RM003
C02387,Individual,24.0,104002,Savings,Low,B001,RM002
C02388,Individual,39.0,110373,Savings,Medium,B007,RM014
C02389,Individual,21.0,55020,Savings,High,B005,RM011
C02390,Business,,3063736,Business,High,B003,RM006
C02391,Individual,19.0,32257,Savings,Low,B009,RM018
C02392,Individual,45.0,119069,Savings,Low,B002,RM005
C02393,Individual,30.0,172668,Premium,Low,B007,RM015
C02394,Business,,760824,Premium,High,B007,RM015
C02395,Business,,78348,Business,Medium,B003,RM007
C02396,Business,,43773,Premium,Medium,B007,RM015
C02397,Individual,39.0,41634,Current,Medium,B001,RM003
C02398,Individual,60.0,56535,Savings,Medium,B005,RM010
C02399,Individual,67.0,84452,Current,Medium,B005,RM011
C02400,Individual,33.0,44310,Savings,Low,B005,RM010
C02401,Individual,20.0,99505,Current,Medium,B008,RM016
C02402,Individual,51.0,161869,Savings,Low,B008,RM016
C02403,Individual,25.0,105049,Current,Medium,B002,RM004
C02404,Business,,1622601,Business,Medium,B001,RM001
C02405,Individual,35.0,23708,Current,Low,B004,RM008
C02406,Individual,50.0,79001,Savings,Medium,B002,RM004
C02407,Individual,18.0,26654,Savings,Low,B003,RM006
C02408,Individual,21.0,75425,Current,Low,B007,RM015
C02409,Business,,272822,Business,High,B005,RM010
C02410,Business,,872257,Premium,High,B004,RM008
C02411,Individual,66.0,73617,Current,Medium,B010,RM020
C02412,Business,,387556,Premium,High,B009,RM019
C02413,Individual,36.0,113306,Savings,Medium,B002,RM005
C02414,Business,,618886,Business,Medium,B002,RM005
C02415,Business,,847300,Business,High,B010,RM020
C02416,Business,,103023,Business,Medium,B001,RM001
C02417,Individual,44.0,71016,Current,Medium,B003,RM007
C02418,Individual,23.0,66426,Savings,Medium,B002,RM004
C02419,Individual,49.0,78694,Savings,Low,B007,RM015
C02420,Business,,87592,Current,Medium,B008,RM017
C02421,Individual,35.0,29620,Savings,Low,B002,RM004
C02422,Individual,40.0,72398,Premium,Medium,B003,RM007
C02423,Individual,75.0,116255,Current,Low,B007,RM014
C02424,Individual,47.0,66093,Savings,Medium,B010,RM020
C02425,Individual,36.0,104662,Savings,Low,B005,RM010
C02426,Individual,35.0,60473,Savings,Low,B003,RM007
C02427,Individual,42.0,29651,Current,Low,B007,RM014
C02428,Individual,26.0,36804,Premium,Medium,B005,RM010
C02429,Individual,62.0,42692,Premium,Low,B005,RM011
C02430,Individual,66.0,79448,Current,Low,B010,RM020
C02431,Individual,22.0,21701,Current,Medium,B004,RM008
C02432,Individual,56.0,50698,Premium,Medium,B007,RM014
C02433,Individual,48.0,80027,Savings,High,B001,RM003
C02434,Individual,50.0,28893,Current,Low,B003,RM006
C02435,Business,,59797,Business,Medium,B010,RM021
C02436,Individual,59.0,24332,Current,Low,B010,RM021
C02437,Individual,22.0,71735,Premium,High,B002,RM004
C02438,Individual,34.0,77567,Current,Medium,B009,RM019
C02439,Business,,720169,Business,Medium,B002,RM004
C02440,Individual,35.0,46854,Current,Medium,B010,RM021
C02441,Business,,169475,Business,Medium,B009,RM018
C02442,Business,,78126,Business,Medium,B008,RM016
C02443,Business,,181880,Current,High,B006,RM012
C02444,Individual,38.0,83230,Savings,Medium,B010,RM021
C02445,Individual,72.0,71310,Premium,Low,B007,RM015
C02446,Individual,25.0,20575,Savings,Low,B004,RM009
C02447,Individual,67.0,65879,Savings,Low,B007,RM015
C02448,Individual,24.0,57033,Savings,Medium,B007,RM015
C02449,Individual,19.0,77512,Savings,Low,B009,RM019
C02450,Individual,21.0,64663,Premium,Medium,B005,RM011
C02451,Business,,213073,Business,Medium,B007,RM014
C02452,Individual,70.0,100364,Savings,High,B008,RM017
C02453,Individual,52.0,117434,Savings,High,B006,RM012
C02454,Individual,50.0,81893,Savings,Low,B006,RM012
C02455,Individual,74.0,48572,Premium,Low,B007,RM014
C02456,Individual,21.0,38729,Savings,Low,B004,RM008
C02457,Individual,61.0,52238,Savings,Low,B003,RM006
C02458,Individual,45.0,151350,Current,Medium,B007,RM015
C02459,Individual,57.0,18909,Savings,Low,B002,RM004
C02460,Individual,72.0,56462,Savings,Low,B007,RM014
C02461,Individual,75.0,120983,Savings,Medium,B007,RM014
C02462,Individual,53.0,20593,Savings,Low,B006,RM013
C02463,Business,,586467,Business,High,B007,RM014
C02464,Business,,211408,Business,High,B003,RM006
C02465,Individual,34.0,33686,Savings,Low,B010,RM021
C02466,Individual,66.0,70225,Current,High,B003,RM007
C02467,Business,,1733283,Business,Medium,B009,RM018
C02468,Individual,50.0,56594,Savings,Medium,B005,RM010
C02469,Individual,45.0,64079,Savings,Low,B003,RM007
C02470,Business,,49171,Premium,Medium,B008,RM016
C02471,Individual,57.0,112194,Current,Medium,B002,RM004
C02472,Individual,67.0,53518,Savings,Low,B003,RM006
C02473,Individual,30.0,116378,Savings,Medium,B002,RM005
C02474,Individual,18.0,43983,Current,Low,B007,RM015
C02475,Business,,86842,Current,Medium,B010,RM021
C02476,Individual,52.0,49491,Savings,Medium,B006,RM012
C02477,Business,,96219,Premium,High,B002,RM005
C02478,Individual,73.0,71075,Savings,Low,B002,RM004
C02479,Individual,29.0,56671,Premium,High,B005,RM010
C02480,Individual,70.0,75067,Premium,Medium,B008,RM016
C02481,Individual,46.0,116206,Savings,Medium,B006,RM013
C02482,Individual,25.0,32958,Premium,Low,B005,RM010
C02483,Individual,69.0,77963,Savings,Medium,B009,RM018
C02484,Business,,927940,Business,High,B006,RM013
C02485,Individual,26.0,86858,Savings,Medium,B003,RM006
C02486,Individual,20.0,119204,Savings,High,B005,RM010
C02487,Individual,75.0,36243,Current,Low,B003,RM006
C02488,Individual,54.0,89892,Premium,High,B009,RM019
C02489,Individual,70.0,36565,Savings,Low,B009,RM019
C02490,Individual,53.0,90995,Savings,Low,B002,RM004
C02491,Individual,29.0,81066,Savings,Medium,B008,RM016
C02492,Individual,20.0,113287,Current,Medium,B009,RM018
C02493,Individual,42.0,35948,Savings,Low,B006,RM012
C02494,Individual,36.0,25708,Premium,Low,B006,RM012
C02495,Individual,23.0,43104,Current,Low,B009,RM019
C02496,Individual,38.0,78581,Savings,Medium,B002,RM005
C02497,Individual,64.0,81107,Savings,Medium,B003,RM007
C02498,Individual,70.0,61589,Premium,Medium,B008,RM017
C02499,Individual,75.0,68567,Savings,Medium,B007,RM015
C02500,Individual,22.0,39210,Savings,Low,B002,RM005
C02501,Individual,71.0,94732,Premium,Low,B008,RM017
C02502,Individual,43.0,78763,Savings,Medium,B001,RM001
C02503,Individual,41.0,92756,Savings,Medium,B005,RM011
C02504,Individual,52.0,117001,Current,Low,B010,RM021
C02505,Individual,51.0,32203,Current,Low,B010,RM020
C02506,Individual,61.0,71804,Current,Low,B001,RM003
C02507,Business,,195163,Business,Medium,B008,RM017
C02508,Individual,56.0,18729,Premium,Low,B006,RM012
C02509,Business,,251338,Business,High,B007,RM015
C02510,Individual,23.0,40383,Current,High,B010,RM021
C02511,Business,,4288187,Business,Medium,B006,RM013
C02512,Individual,47.0,45912,Current,Low,B005,RM011
C02513,Individual,68.0,35754,Current,Medium,B009,RM019
C02514,Individual,56.0,106398,Premium,Medium,B003,RM007
C02515,Individual,48.0,78511,Savings,Low,B005,RM011
C02516,Individual,35.0,86896,Current,Low,B005,RM011
C02517,Individual,71.0,32257,Current,Low,B010,RM020
C02518,Individual,73.0,40003,Current,Low,B001,RM002
C02519,Individual,32.0,102424,Savings,High,B008,RM016
C02520,Individual,26.0,70802,Premium,Low,B009,RM018
C02521,Individual,64.0,98349,Savings,Low,B009,RM018
C02522,Business,,491646,Business,Medium,B008,RM016
C02523,Individual,44.0,35768,Premium,Medium,B006,RM012
C02524,Individual,21.0,116861,Current,Medium,B001,RM001
C02525,Individual,41.0,160004,Savings,Medium,B002,RM005
C02526,Individual,29.0,42858,Current,Low,B008,RM016
C02527,Business,,42873,Business,Medium,B007,RM014
C02528,Individual,18.0,33855,Savings,Low,B002,RM004
C02529,Individual,37.0,61445,Current,Low,B003,RM006
C02530,Individual,44.0,77557,Savings,Medium,B006,RM013
C02531,Individual,35.0,170199,Savings,High,B002,RM005
C02532,Individual,50.0,111072,Savings,Low,B009,RM019
C02533,Individual,67.0,84634,Savings,Low,B003,RM006
C02534,Individual,60.0,54534,Current,Low,B005,RM010
C02535,Business,,677427,Business,Medium,B004,RM008
C02536,Business,,74730,Business,High,B009,RM018
C02537,Individual,45.0,78553,Savings,High,B005,RM011
C02538,Business,,243435,Business,Medium,B004,RM009
C02539,Business,,961255,Premium,Medium,B003,RM006
C02540,Individual,39.0,32559,Premium,Low,B007,RM015
C02541,Individual,39.0,63869,Premium,Low,B010,RM021
C02542,Individual,18.0,75444,Premium,Medium,B006,RM012
C02543,Individual,58.0,41805,Current,Medium,B004,RM009
C02544,Business,,2940703,Current,High,B002,RM004
C02545,Business,,61530,Current,High,B008,RM016
C02546,Individual,61.0,91022,Current,Medium,B010,RM020
C02547,Business,,170267,Current,Medium,B003,RM007
C02548,Business,,147773,Business,Medium,B010,RM020
C02549,Business,,50348,Current,High,B001,RM003
C02550,Individual,39.0,23999,Premium,Low,B010,RM020
C02551,Individual,74.0,42096,Savings,Low,B008,RM016
C02552,Individual,63.0,22231,Savings,Low,B006,RM012
C02553,Individual,61.0,41838,Premium,Medium,B002,RM005
C02554,Individual,43.0,54170,Premium,Medium,B001,RM002
C02555,Individual,55.0,27090,Savings,Medium,B004,RM008
C02556,Individual,57.0,58626,Savings,Low,B010,RM020
C02557,Business,,2412686,Current,Medium,B003,RM007
C02558,Individual,66.0,104497,Current,Low,B001,RM001
C02559,Individual,20.0,33954,Current,Low,B001,RM001
C02560,Individual,70.0,44829,Savings,Medium,B008,RM017
C02561,Individual,62.0,111390,Savings,Medium,B003,RM006
C02562,Business,,52703,Business,Medium,B010,RM020
C02563,Business,,158989,Business,Medium,B008,RM016
C02564,Individual,72.0,28750,Savings,Low,B006,RM012
C02565,Individual,31.0,140519,Savings,High,B003,RM006
C02566,Individual,52.0,78149,Savings,Low,B010,RM021
C02567,Individual,32.0,100166,Savings,Low,B001,RM002
C02568,Individual,54.0,31820,Current,Low,B004,RM008
C02569,Individual,52.0,67132,Savings,Low,B003,RM006
C02570,Individual,43.0,48918,Current,Low,B006,RM012
C02571,Individual,74.0,156469,Current,Medium,B006,RM013
C02572,Business,,78890,Current,High,B005,RM011
C02573,Individual,32.0,135746,Savings,High,B003,RM007
C02574,Business,,64251,Business,Medium,B005,RM011
C02575,Business,,924781,Business,High,B002,RM004
C02576,Business,,536610,Current,Medium,B003,RM007
C02577,Individual,28.0,37922,Current,Low,B006,RM013
C02578,Individual,51.0,72036,Current,Medium,B010,RM020
C02579,Individual,67.0,32304,Savings,Low,B009,RM019
C02580,Individual,55.0,117288,Current,Medium,B008,RM016
C02581,Individual,24.0,73866,Savings,Low,B006,RM013
C02582,Individual,66.0,119575,Premium,Low,B007,RM014
C02583,Business,,252537,Business,Medium,B009,RM019
C02584,Individual,74.0,43500,Current,High,B003,RM007
C02585,Individual,48.0,19768,Savings,Low,B005,RM010
C02586,Individual,71.0,128865,Current,Low,B005,RM011
C02587,Individual,49.0,162915,Savings,Low,B009,RM018
C02588,Individual,44.0,143586,Current,Medium,B001,RM002
C02589,Individual,58.0,88361,Savings,Low,B001,RM001
C02590,Business,,157414,Current,Medium,B008,RM017
C02591,Individual,26.0,46765,Savings,Medium,B001,RM001
C02592,Individual,23.0,43082,Savings,Low,B001,RM002
C02593,Business,,86874,Current,Medium,B008,RM017
C02594,Individual,43.0,86288,Current,Low,B002,RM005
C02595,Individual,28.0,125875,Savings,High,B002,RM004
C02596,Individual,73.0,50428,Current,High,B004,RM008
C02597,Business,,56249,Current,High,B005,RM010
C02598,Individual,43.0,36595,Savings,Medium,B002,RM004
C02599,Individual,50.0,31299,Current,Low,B007,RM015
C02600,Individual,66.0,82659,Savings,Medium,B003,RM007
C02601,Individual,69.0,63702,Savings,Medium,B005,RM011
C02602,Individual,46.0,145658,Premium,Medium,B010,RM020
C02603,Individual,54.0,40559,Savings,Medium,B003,RM006
C02604,Individual,72.0,22413,Savings,Medium,B002,RM005
C02605,Business,,91500,Business,Medium,B006,RM012
C02606,Individual,38.0,49915,Savings,Low,B009,RM018
C02607,Business,,88165,Business,High,B010,RM021
C02608,Individual,44.0,25867,Current,Medium,B002,RM004
C02609,Individual,61.0,54457,Savings,Low,B004,RM009
C02610,Individual,36.0,92232,Premium,Medium,B006,RM012
C02611,Individual,33.0,53258,Premium,Low,B004,RM008
C02612,Individual,71.0,74668,Savings,Low,B005,RM010
C02613,Business,,709368,Premium,Medium,B005,RM011
C02614,Individual,47.0,57580,Current,High,B006,RM013
C02615,Individual,33.0,76983,Savings,Medium,B007,RM015
C02616,Business,,231803,Business,High,B007,RM014
C02617,Business,,51605,Business,Medium,B009,RM018
C02618,Business,,262090,Premium,Medium,B002,RM005
C02619,Individual,43.0,61174,Current,Low,B007,RM015
C02620,Individual,46.0,25848,Savings,Medium,B005,RM010
C02621,Individual,67.0,87776,Savings,Low,B005,RM011
C02622,Business,,3729087,Business,Medium,B003,RM006
C02623,Business,,183030,Current,Medium,B001,RM003
C02624,Individual,32.0,70008,Savings,High,B001,RM003
C02625,Individual,61.0,112485,Premium,Medium,B003,RM006
C02626,Business,,87834,Business,Medium,B009,RM018
C02627,Individual,31.0,58308,Current,Low,B009,RM018
C02628,Individual,72.0,72640,Savings,Low,B003,RM006
C02629,Business,,281272,Business,High,B003,RM007
C02630,Business,,134617,Business,Medium,B006,RM012
C02631,Individual,47.0,27131,Premium,Low,B001,RM001
C02632,Individual,70.0,32395,Premium,Low,B006,RM013
C02633,Individual,60.0,122383,Savings,Low,B003,RM007
C02634,Individual,37.0,33175,Current,Medium,B002,RM004
C02635,Individual,37.0,36797,Current,Low,B004,RM009
C02636,Individual,58.0,72399,Premium,Medium,B004,RM008
C02637,Individual,57.0,50103,Savings,Low,B001,RM001
C02638,Individual,54.0,111761,Current,Low,B006,RM013
C02639,Individual,75.0,93972,Premium,Low,B003,RM006
C02640,Individual,70.0,52458,Premium,Medium,B003,RM006
C02641,Individual,72.0,54552,Current,Low,B004,RM008
C02642,Individual,50.0,42277,Savings,Low,B001,RM001
C02643,Business,,52283,Business,Medium,B002,RM004
C02644,Business,,509613,Business,Medium,B008,RM017
C02645,Individual,24.0,76282,Savings,High,B009,RM019
C02646,Business,,816942,Current,High,B007,RM014
C02647,Individual,52.0,106380,Savings,Low,B005,RM010
C02648,Individual,31.0,130011,Savings,Low,B009,RM019
C02649,Individual,66.0,56630,Premium,Low,B010,RM020
C02650,Individual,60.0,161375,Premium,Low,B006,RM012
C02651,Individual,29.0,102120,Savings,Medium,B007,RM014
C02652,Business,,289283,Business,High,B002,RM004
C02653,Individual,21.0,72229,Savings,Medium,B001,RM002
C02654,Individual,32.0,99981,Current,Medium,B006,RM013
C02655,Individual,60.0,30627,Savings,Low,B009,RM018
C02656,Individual,32.0,71033,Current,Low,B006,RM012
C02657,Individual,48.0,28434,Savings,Low,B003,RM007
C02658,Individual,41.0,26770,Savings,Low,B006,RM012
C02659,Individual,19.0,45985,Current,Low,B004,RM009
C02660,Individual,53.0,52115,Savings,Medium,B003,RM007
C02661,Individual,45.0,163690,Savings,Medium,B008,RM017
C02662,Individual,60.0,28075,Savings,Low,B004,RM008
C02663,Individual,75.0,106445,Savings,Medium,B008,RM017
C02664,Individual,51.0,44862,Savings,Low,B008,RM016
C02665,Individual,56.0,132148,Savings,Medium,B001,RM001
C02666,Business,,239045,Business,Medium,B009,RM019
C02667,Individual,71.0,53631,Premium,Medium,B005,RM010
C02668,Individual,23.0,65049,Savings,Low,B009,RM019
C02669,Individual,55.0,51907,Savings,Low,B003,RM006
C02670,Individual,40.0,102878,Savings,Low,B005,RM010
C02671,Individual,69.0,111453,Savings,Low,B003,RM006
C02672,Business,,180260,Business,High,B007,RM014
C02673,Individual,54.0,69500,Premium,Medium,B002,RM005
C02674,Business,,191110,Business,High,B005,RM011
C02675,Individual,44.0,28313,Current,Low,B001,RM001
C02676,Individual,35.0,52220,Premium,Low,B002,RM005
C02677,Individual,40.0,30456,Savings,Low,B006,RM012
C02678,Individual,18.0,29461,Savings,Low,B008,RM016
C02679,Individual,45.0,45135,Premium,Medium,B009,RM019
C02680,Business,,651691,Current,Medium,B005,RM011
C02681,Individual,33.0,61653,Current,Medium,B005,RM010
C02682,Individual,63.0,44783,Current,Low,B002,RM005
C02683,Individual,56.0,79810,Savings,Medium,B005,RM011
C02684,Individual,36.0,26835,Premium,Low,B009,RM018
C02685,Individual,60.0,51228,Savings,Low,B006,RM013
C02686,Individual,56.0,94321,Premium,Medium,B009,RM018
C02687,Individual,51.0,57669,Savings,Low,B001,RM003
C02688,Individual,26.0,23679,Savings,Low,B001,RM001
C02689,Individual,75.0,102789,Savings,Medium,B007,RM015
C02690,Individual,69.0,48235,Savings,Low,B005,RM011
C02691,Individual,72.0,44200,Savings,Medium,B010,RM020
C02692,Business,,88319,Current,Medium,B002,RM004
C02693,Individual,47.0,65787,Premium,Low,B010,RM021
C02694,Individual,55.0,70890,Premium,Medium,B007,RM015
C02695,Business,,118031,Business,Medium,B005,RM011
C02696,Individual,38.0,54502,Savings,Low,B009,RM019
C02697,Individual,74.0,24015,Savings,Low,B003,RM006
C02698,Business,,69983,Business,Medium,B004,RM009
C02699,Individual,37.0,32770,Current,Low,B007,RM014
C02700,Business,,91869,Premium,High,B006,RM012
C02701,Individual,27.0,58388,Savings,Medium,B001,RM003
C02702,Business,,269511,Current,Medium,B005,RM010
C02703,Individual,30.0,139798,Savings,Medium,B003,RM006
C02704,Individual,68.0,83075,Savings,Medium,B010,RM021
C02705,Individual,39.0,29035,Current,Medium,B003,RM007
C02706,Individual,51.0,160868,Current,Low,B001,RM001
C02707,Individual,54.0,134124,Savings,Low,B001,RM001
C02708,Individual,44.0,44438,Current,Low,B007,RM014
C02709,Individual,70.0,31987,Savings,Low,B010,RM021
C02710,Individual,38.0,19856,Savings,Low,B004,RM009
C02711,Individual,75.0,25563,Current,Low,B005,RM011
C02712,Individual,19.0,22319,Savings,Low,B008,RM017
C02713,Business,,317181,Business,High,B003,RM006
C02714,Individual,36.0,30232,Savings,Medium,B007,RM015
C02715,Individual,52.0,46657,Current,Low,B008,RM017
C02716,Business,,263131,Current,Medium,B003,RM006
C02717,Individual,41.0,54902,Savings,Medium,B003,RM007
C02718,Individual,27.0,44200,Savings,Low,B001,RM001
C02719,Individual,39.0,74981,Savings,Low,B009,RM018
C02720,Individual,33.0,52296,Savings,Medium,B002,RM005
C02721,Individual,23.0,19544,Savings,Low,B009,RM019
C02722,Individual,40.0,156228,Savings,High,B010,RM020
C02723,Individual,75.0,124845,Savings,Low,B008,RM017
C02724,Individual,69.0,54780,Current,Low,B010,RM020
C02725,Individual,62.0,79202,Savings,Medium,B002,RM004
C02726,Individual,29.0,34129,Premium,Low,B004,RM008
C02727,Individual,29.0,29819,Premium,Low,B002,RM005
C02728,Individual,61.0,57083,Current,Medium,B004,RM008
C02729,Individual,18.0,52812,Savings,Low,B005,RM010
C02730,Business,,619535,Business,Medium,B009,RM018
C02731,Individual,39.0,33224,Savings,Low,B006,RM012
C02732,Individual,67.0,62895,Savings,Medium,B006,RM013
C02733,Individual,46.0,51905,Savings,Medium,B004,RM008
C02734,Business,,182977,Business,Medium,B008,RM017
C02735,Individual,68.0,29753,Current,Low,B002,RM005
C02736,Individual,23.0,37811,Savings,Low,B010,RM020
C02737,Business,,58732,Business,Medium,B007,RM014
C02738,Individual,55.0,78113,Savings,Low,B008,RM017
C02739,Individual,27.0,51295,Current,Medium,B003,RM007
C02740,Individual,22.0,56987,Current,Low,B009,RM018
C02741,Individual,31.0,94616,Current,Medium,B001,RM001
C02742,Individual,52.0,94709,Current,Low,B002,RM004
C02743,Business,,94318,Business,Medium,B005,RM010
C02744,Individual,74.0,30205,Savings,Medium,B009,RM019
C02745,Individual,43.0,40552,Savings,Medium,B009,RM019
C02746,Individual,52.0,28135,Premium,Medium,B001,RM001
C02747,Individual,29.0,72930,Premium,Low,B009,RM018
C02748,Individual,38.0,65409,Current,Low,B007,RM015
C02749,Individual,65.0,32265,Current,Low,B003,RM006
C02750,Individual,63.0,89491,Savings,Low,B001,RM002
C02751,Individual,20.0,56576,Savings,Medium,B002,RM005
C02752,Individual,50.0,117247,Current,Medium,B002,RM004
C02753,Individual,57.0,66624,Current,Medium,B010,RM021
C02754,Individual,51.0,23271,Savings,Low,B009,RM019
C02755,Individual,74.0,66858,Savings,Medium,B003,RM006
C02756,Individual,18.0,52891,Current,Low,B004,RM008
C02757,Individual,73.0,28543,Current,Low,B003,RM006
C02758,Individual,51.0,116033,Current,High,B009,RM019
C02759,Individual,44.0,91201,Current,Medium,B010,RM021
C02760,Individual,43.0,68324,Savings,Low,B007,RM014
C02761,Business,,76425,Premium,Medium,B009,RM018
C02762,Business,,153437,Business,Medium,B002,RM004
C02763,Individual,25.0,115542,Premium,Medium,B007,RM015
C02764,Individual,24.0,36092,Savings,Medium,B001,RM003
C02765,Individual,60.0,50279,Savings,Low,B010,RM020
C02766,Individual,52.0,94667,Savings,Low,B010,RM020
C02767,Business,,185292,Current,High,B001,RM002
C02768,Business,,201093,Business,Medium,B006,RM013
C02769,Individual,58.0,115273,Savings,High,B005,RM010
C02770,Individual,57.0,37880,Savings,Low,B008,RM016
C02771,Individual,40.0,147459,Current,Medium,B004,RM009
C02772,Individual,40.0,51678,Current,Low,B003,RM006
C02773,Individual,41.0,66165,Savings,Medium,B010,RM020
C02774,Individual,24.0,32687,Savings,Low,B010,RM020
C02775,Business,,61374,Business,Medium,B007,RM014
C02776,Individual,66.0,59520,Premium,Medium,B010,RM021
C02777,Individual,58.0,67001,Savings,High,B005,RM010
C02778,Individual,54.0,71747,Savings,Low,B010,RM021
C02779,Individual,61.0,76644,Savings,Medium,B010,RM020
C02780,Individual,22.0,132683,Current,High,B005,RM011
C02781,Individual,33.0,70037,Savings,Medium,B004,RM008
C02782,Individual,52.0,87000,Premium,Low,B010,RM020
C02783,Individual,36.0,79644,Savings,Medium,B007,RM015
C02784,Individual,28.0,19028,Savings,Low,B008,RM016
C02785,Individual,36.0,44011,Savings,Low,B005,RM011
C02786,Business,,127361,Current,Medium,B009,RM018
C02787,Individual,73.0,42696,Savings,Low,B009,RM019
C02788,Individual,56.0,97164,Current,Medium,B002,RM004
C02789,Individual,73.0,22894,Premium,Low,B006,RM012
C02790,Individual,31.0,29302,Current,Medium,B007,RM015
C02791,Individual,73.0,103323,Current,Low,B006,RM012
C02792,Individual,53.0,77049,Savings,Low,B009,RM018
C02793,Business,,2811910,Business,Medium,B008,RM016
C02794,Business,,239151,Business,Medium,B001,RM003
C02795,Individual,66.0,30201,Premium,Low,B004,RM009
C02796,Business,,166077,Business,Medium,B001,RM003
C02797,Individual,60.0,67652,Current,Medium,B006,RM012
C02798,Individual,20.0,48260,Savings,Medium,B010,RM020
C02799,Individual,48.0,31941,Current,Low,B003,RM007
C02800,Individual,39.0,38814,Current,Low,B001,RM001
C02801,Individual,48.0,99895,Savings,Medium,B006,RM012
C02802,Individual,56.0,51188,Savings,Medium,B004,RM008
C02803,Individual,18.0,45363,Premium,Low,B006,RM012
C02804,Individual,62.0,119055,Savings,Medium,B007,RM014
C02805,Individual,23.0,84455,Premium,Medium,B004,RM009
C02806,Individual,47.0,67892,Current,Low,B009,RM018
C02807,Individual,40.0,61052,Current,Low,B010,RM021
C02808,Individual,61.0,89171,Current,Low,B007,RM015
C02809,Business,,196532,Current,Medium,B001,RM001
C02810,Business,,266915,Business,Medium,B002,RM004
C02811,Individual,37.0,55094,Current,Medium,B006,RM012
C02812,Individual,73.0,59385,Savings,Medium,B008,RM016
C02813,Individual,37.0,117426,Savings,Low,B010,RM020
C02814,Individual,32.0,75016,Savings,Low,B009,RM019
C02815,Individual,73.0,93175,Savings,Medium,B010,RM021
C02816,Individual,20.0,73163,Savings,Low,B009,RM018
C02817,Individual,29.0,71143,Savings,Low,B009,RM018
C02818,Individual,61.0,23948,Savings,Low,B007,RM015
C02819,Business,,61458,Current,Medium,B009,RM018
C02820,Individual,54.0,103346,Savings,Medium,B005,RM011
C02821,Business,,292733,Business,High,B003,RM007
C02822,Business,,117119,Premium,Medium,B007,RM015
C02823,Individual,54.0,64646,Current,Low,B006,RM013
C02824,Individual,54.0,41900,Current,Low,B009,RM018
C02825,Individual,48.0,18555,Savings,Low,B006,RM012
C02826,Individual,23.0,66843,Current,Low,B005,RM010
C02827,Individual,42.0,73724,Current,Low,B010,RM021
C02828,Individual,41.0,76768,Premium,Low,B008,RM016
C02829,Individual,54.0,74072,Savings,Low,B002,RM004
C02830,Individual,27.0,37130,Savings,Low,B002,RM005
C02831,Individual,52.0,37937,Premium,Low,B002,RM005
C02832,Individual,39.0,114676,Savings,High,B006,RM012
C02833,Individual,68.0,107882,Savings,High,B009,RM019
C02834,Business,,51942,Current,Medium,B004,RM009
C02835,Individual,66.0,75151,Savings,Low,B004,RM009
C02836,Business,,241235,Business,High,B006,RM013
C02837,Individual,70.0,38224,Current,Medium,B010,RM020
C02838,Business,,766925,Business,Medium,B006,RM012
C02839,Individual,45.0,118351,Savings,Medium,B006,RM013
C02840,Individual,60.0,73068,Savings,Low,B008,RM017
C02841,Individual,71.0,52789,Savings,Low,B002,RM005
C02842,Individual,68.0,40683,Savings,Medium,B003,RM007
C02843,Business,,269428,Current,Medium,B004,RM008
C02844,Individual,54.0,35403,Savings,Low,B002,RM005
C02845,Individual,20.0,43997,Premium,Low,B008,RM017
C02846,Individual,75.0,74795,Savings,Low,B007,RM015
C02847,Business,,85233,Business,High,B007,RM015
C02848,Individual,40.0,38272,Savings,Low,B006,RM013
C02849,Individual,73.0,175152,Premium,Low,B005,RM010
C02850,Individual,23.0,65286,Current,Low,B008,RM017
C02851,Individual,40.0,87581,Savings,Low,B007,RM014
C02852,Individual,60.0,34648,Premium,Low,B003,RM007
C02853,Individual,28.0,67644,Premium,Medium,B007,RM015
C02854,Individual,33.0,74159,Savings,Medium,B005,RM010
C02855,Business,,120065,Business,Medium,B008,RM017
C02856,Individual,31.0,59635,Savings,Low,B006,RM013
C02857,Individual,60.0,40080,Savings,High,B001,RM003
C02858,Individual,44.0,22401,Premium,Low,B002,RM004
C02859,Individual,61.0,47606,Savings,Medium,B010,RM021
C02860,Individual,19.0,77691,Current,Low,B007,RM015
C02861,Individual,73.0,119768,Current,Medium,B001,RM003
C02862,Individual,50.0,58233,Premium,Low,B005,RM011
C02863,Individual,40.0,25770,Current,Medium,B009,RM018
C02864,Business,,72175,Business,Medium,B004,RM009
C02865,Individual,45.0,116696,Premium,Medium,B007,RM014
C02866,Individual,67.0,93310,Savings,Low,B009,RM018
C02867,Individual,22.0,53470,Savings,Low,B006,RM013
C02868,Individual,32.0,27304,Current,Low,B005,RM011
C02869,Individual,18.0,47387,Premium,Low,B009,RM019
C02870,Business,,1781355,Business,Medium,B006,RM013
C02871,Individual,20.0,84444,Current,Low,B004,RM009
C02872,Individual,64.0,69504,Savings,Low,B005,RM011
C02873,Individual,63.0,78768,Current,Low,B010,RM020
C02874,Individual,41.0,135741,Current,Medium,B001,RM001
C02875,Individual,57.0,49466,Savings,Low,B008,RM016
C02876,Individual,65.0,49897,Current,High,B010,RM021
C02877,Individual,29.0,72506,Current,Medium,B003,RM006
C02878,Individual,71.0,94023,Savings,Low,B009,RM018
C02879,Individual,30.0,74461,Savings,Medium,B004,RM009
C02880,Individual,27.0,69402,Current,Low,B003,RM006
C02881,Individual,39.0,95495,Savings,Medium,B003,RM006
C02882,Individual,30.0,75632,Current,Low,B008,RM016
C02883,Individual,19.0,34217,Savings,Low,B010,RM021
C02884,Individual,47.0,33121,Savings,Medium,B001,RM001
C02885,Individual,28.0,24691,Savings,Low,B001,RM002
C02886,Individual,74.0,30774,Savings,Low,B001,RM002
C02887,Individual,63.0,106706,Current,High,B002,RM005
C02888,Individual,69.0,124482,Savings,Low,B005,RM011
C02889,Individual,21.0,129483,Current,Medium,B005,RM011
C02890,Individual,27.0,31019,Savings,Low,B004,RM009
C02891,Individual,23.0,39768,Current,Low,B005,RM010
C02892,Business,,797507,Current,Medium,B001,RM001
C02893,Individual,44.0,63142,Savings,Low,B003,RM006
C02894,Individual,59.0,59667,Current,Low,B003,RM006
C02895,Business,,676533,Business,Medium,B007,RM015
C02896,Individual,24.0,47237,Savings,High,B010,RM021
C02897,Individual,45.0,66516,Premium,Medium,B010,RM020
C02898,Business,,76438,Business,High,B009,RM018
C02899,Individual,31.0,43852,Premium,Low,B005,RM010
C02900,Individual,19.0,55120,Savings,Medium,B002,RM004
C02901,Individual,20.0,77175,Savings,Low,B001,RM002
C02902,Individual,65.0,114674,Premium,Medium,B004,RM008
C02903,Individual,64.0,52935,Current,High,B005,RM011
C02904,Individual,45.0,42560,Savings,Low,B010,RM020
C02905,Individual,35.0,49701,Current,Low,B002,RM004
C02906,Individual,64.0,49724,Premium,Low,B006,RM013
C02907,Business,,302074,Business,Medium,B009,RM018
C02908,Individual,36.0,106431,Savings,Medium,B010,RM021
C02909,Individual,51.0,77232,Premium,Low,B002,RM004
C02910,Individual,19.0,46051,Savings,Medium,B003,RM006
C02911,Individual,49.0,32966,Current,Low,B009,RM018
C02912,Individual,65.0,82931,Savings,Medium,B006,RM013
C02913,Individual,71.0,176005,Premium,Medium,B008,RM016
C02914,Individual,20.0,37553,Current,Medium,B009,RM018
C02915,Individual,33.0,46342,Current,Low,B008,RM017
C02916,Business,,122324,Business,High,B009,RM018
C02917,Individual,34.0,49274,Current,High,B005,RM010
C02918,Business,,57024,Current,High,B002,RM005
C02919,Individual,66.0,31529,Savings,Low,B007,RM014
C02920,Individual,34.0,57913,Premium,Low,B003,RM006
C02921,Individual,21.0,57497,Premium,Medium,B003,RM007
C02922,Individual,23.0,49975,Premium,Medium,B009,RM018
C02923,Individual,67.0,40073,Savings,Medium,B003,RM007
C02924,Individual,50.0,112563,Savings,Low,B003,RM007
C02925,Individual,40.0,52625,Savings,Low,B004,RM009
C02926,Business,,59310,Business,Medium,B009,RM018
C02927,Individual,39.0,21807,Current,Medium,B003,RM006
C02928,Business,,104692,Business,High,B007,RM015
C02929,Business,,79427,Business,Medium,B007,RM014
C02930,Individual,23.0,25939,Savings,Low,B001,RM002
C02931,Individual,65.0,93140,Premium,Low,B007,RM014
C02932,Individual,26.0,26666,Premium,Low,B001,RM003
C02933,Individual,45.0,94705,Premium,Medium,B005,RM010
C02934,Individual,20.0,140018,Current,High,B008,RM016
C02935,Business,,614411,Business,High,B002,RM004
C02936,Individual,33.0,34358,Current,Medium,B004,RM009
C02937,Individual,72.0,25696,Savings,Medium,B002,RM005
C02938,Business,,142777,Premium,High,B003,RM007
C02939,Individual,29.0,40248,Savings,Medium,B007,RM014
C02940,Business,,460057,Current,Medium,B002,RM005
C02941,Business,,728626,Current,Medium,B005,RM011
C02942,Individual,47.0,90462,Current,Medium,B006,RM013
C02943,Individual,24.0,99877,Savings,Medium,B005,RM010
C02944,Individual,38.0,93728,Savings,Low,B007,RM014
C02945,Individual,53.0,21619,Savings,Low,B007,RM014
C02946,Individual,66.0,63390,Savings,Medium,B001,RM003
C02947,Individual,35.0,85763,Current,Low,B010,RM021
C02948,Individual,52.0,74812,Savings,Low,B007,RM015
C02949,Individual,39.0,58841,Savings,Medium,B003,RM006
C02950,Individual,51.0,67510,Savings,High,B007,RM015
C02951,Business,,95492,Business,Medium,B001,RM001
C02952,Individual,70.0,100381,Savings,Medium,B002,RM004
C02953,Individual,73.0,31154,Savings,Low,B009,RM018
C02954,Individual,33.0,46585,Current,Medium,B009,RM018
C02955,Individual,21.0,20047,Premium,Low,B010,RM020
C02956,Individual,55.0,43243,Savings,Medium,B001,RM003
C02957,Individual,48.0,95774,Savings,Medium,B002,RM004
C02958,Business,,881724,Business,High,B002,RM005
C02959,Individual,74.0,103250,Current,Medium,B001,RM001
C02960,Individual,24.0,58670,Current,Medium,B009,RM018
C02961,Business,,959225,Business,Medium,B008,RM017
C02962,Individual,51.0,21911,Savings,Medium,B009,RM019
C02963,Individual,71.0,40226,Savings,Medium,B010,RM021
C02964,Individual,32.0,67230,Savings,Low,B009,RM018
C02965,Individual,48.0,130133,Savings,Low,B010,RM020
C02966,Individual,42.0,72139,Current,Low,B008,RM016
C02967,Business,,97560,Business,High,B001,RM003
C02968,Individual,53.0,35990,Savings,Low,B009,RM018
C02969,Individual,59.0,59212,Savings,Medium,B004,RM009
C02970,Business,,94017,Business,Medium,B007,RM015
C02971,Individual,42.0,69877,Savings,Medium,B001,RM001
C02972,Business,,193456,Business,Medium,B002,RM005
C02973,Individual,41.0,49308,Savings,Low,B002,RM005
C02974,Business,,707261,Business,Medium,B001,RM002
C02975,Individual,20.0,173305,Current,Medium,B003,RM007
C02976,Business,,417971,Current,High,B010,RM021
C02977,Individual,72.0,44322,Savings,Low,B002,RM005
C02978,Individual,69.0,81013,Savings,Low,B003,RM007
C02979,Individual,22.0,63902,Current,Medium,B007,RM014
C02980,Individual,63.0,95144,Current,High,B006,RM013
C02981,Individual,23.0,28677,Savings,Low,B005,RM011
C02982,Individual,67.0,152150,Savings,High,B007,RM014
C02983,Individual,33.0,61033,Current,Medium,B002,RM005
C02984,Individual,22.0,112288,Savings,Low,B004,RM009
C02985,Individual,54.0,46452,Savings,Low,B007,RM014
C02986,Individual,60.0,110268,Savings,Medium,B001,RM003
C02987,Individual,36.0,64235,Current,Low,B008,RM017
C02988,Individual,40.0,21334,Savings,Low,B009,RM019
C02989,Individual,42.0,111502,Savings,Medium,B004,RM009
C02990,Individual,21.0,33947,Savings,Medium,B009,RM018
C02991,Individual,74.0,44777,Current,Low,B006,RM012
C02992,Individual,29.0,50616,Current,Low,B007,RM014
C02993,Individual,27.0,92185,Current,Medium,B001,RM002
C02994,Individual,34.0,32592,Current,Low,B004,RM008
C02995,Individual,22.0,93534,Premium,Low,B009,RM018
C02996,Individual,62.0,37783,Savings,Medium,B007,RM015
C02997,Individual,48.0,66636,Premium,Medium,B005,RM011
C02998,Business,,203123,Business,Medium,B001,RM003
C02999,Individual,41.0,97020,Savings,Medium,B009,RM018
C03000,Individual,48.0,31700,Current,Medium,B006,RM013
C03001,Business,,167468,Current,Medium,B006,RM012
C03002,Individual,65.0,79018,Premium,Low,B006,RM013
C03003,Individual,45.0,118449,Current,Low,B009,RM019
C03004,Individual,29.0,66374,Current,Low,B004,RM008
C03005,Individual,29.0,39085,Savings,Low,B002,RM005
C03006,Business,,228475,Business,Medium,B008,RM016
C03007,Individual,21.0,90329,Current,Medium,B002,RM005
C03008,Individual,53.0,76271,Savings,Low,B002,RM004
C03009,Business,,78306,Current,Medium,B001,RM002
C03010,Individual,54.0,80911,Savings,High,B005,RM011
C03011,Individual,35.0,45074,Savings,Low,B002,RM005
C03012,Individual,74.0,94158,Current,Low,B004,RM008
C03013,Business,,62441,Current,High,B005,RM011
C03014,Individual,29.0,70070,Savings,Medium,B007,RM015
C03015,Individual,25.0,108873,Savings,Low,B008,RM016
C03016,Business,,305588,Business,High,B001,RM001
C03017,Individual,38.0,50241,Premium,Medium,B010,RM020
C03018,Individual,62.0,79630,Savings,Low,B003,RM006
C03019,Individual,52.0,90490,Premium,Low,B007,RM014
C03020,Individual,21.0,76910,Current,Low,B007,RM014
C03021,Individual,43.0,51248,Savings,Low,B005,RM010
C03022,Business,,169409,Current,Medium,B006,RM013
C03023,Individual,18.0,75791,Savings,Medium,B007,RM015
C03024,Individual,41.0,81422,Savings,Medium,B002,RM004
C03025,Business,,923925,Business,Medium,B002,RM004
C03026,Individual,37.0,95610,Current,Low,B009,RM019
C03027,Business,,145443,Current,Medium,B004,RM008
C03028,Individual,18.0,136035,Savings,Low,B006,RM012
C03029,Business,,115565,Business,High,B004,RM009
C03030,Individual,68.0,82188,Savings,Medium,B009,RM018
C03031,Business,,91338,Business,Medium,B004,RM008
C03032,Business,,56140,Business,Medium,B007,RM014
C03033,Individual,52.0,36491,Current,Low,B004,RM008
C03034,Individual,68.0,57709,Savings,Medium,B001,RM002
C03035,Individual,66.0,60516,Premium,Medium,B010,RM021
C03036,Business,,55907,Premium,Medium,B002,RM005
C03037,Individual,55.0,50489,Savings,Low,B003,RM007
C03038,Individual,35.0,77116,Savings,Low,B010,RM020
C03039,Individual,29.0,44981,Current,Low,B006,RM013
C03040,Individual,26.0,97961,Savings,Low,B009,RM018
C03041,Business,,46742,Current,Medium,B001,RM002
C03042,Individual,46.0,94979,Savings,Medium,B003,RM007
C03043,Individual,52.0,100670,Premium,Low,B004,RM009
C03044,Individual,22.0,55091,Premium,Low,B006,RM012
C03045,Individual,64.0,86577,Current,Low,B004,RM009
C03046,Business,,215767,Business,Medium,B003,RM006
C03047,Individual,26.0,56470,Premium,Low,B002,RM004
C03048,Individual,63.0,101059,Current,Medium,B002,RM004
C03049,Individual,18.0,75568,Savings,Low,B008,RM016
C03050,Individual,54.0,24847,Premium,Medium,B010,RM020
C03051,Business,,124975,Business,Medium,B001,RM002
C03052,Individual,63.0,58994,Premium,Low,B009,RM019
C03053,Individual,68.0,114556,Savings,Medium,B009,RM019
C03054,Business,,214620,Current,Medium,B007,RM014
C03055,Individual,50.0,71605,Savings,Medium,B003,RM007
C03056,Individual,31.0,100898,Current,Low,B010,RM021
C03057,Individual,28.0,29480,Savings,Low,B003,RM006
C03058,Individual,60.0,106590,Savings,High,B005,RM011
C03059,Individual,44.0,26255,Premium,Low,B002,RM004
C03060,Individual,33.0,85714,Savings,Medium,B010,RM020
C03061,Individual,56.0,107361,Savings,Medium,B008,RM017
C03062,Individual,43.0,29229,Current,Low,B010,RM020
C03063,Individual,29.0,27340,Current,Low,B004,RM009
C03064,Individual,65.0,117678,Savings,Low,B004,RM008
C03065,Individual,26.0,33193,Savings,Medium,B004,RM009
C03066,Business,,210066,Premium,High,B003,RM007
C03067,Individual,20.0,58414,Savings,Medium,B007,RM014
C03068,Individual,45.0,105619,Savings,Medium,B006,RM013
C03069,Individual,38.0,23684,Savings,Low,B008,RM017
C03070,Individual,72.0,21647,Savings,Medium,B004,RM009
C03071,Individual,59.0,96972,Savings,Low,B007,RM015
C03072,Individual,30.0,105499,Savings,High,B005,RM010
C03073,Business,,51709,Business,High,B007,RM015
C03074,Individual,44.0,82073,Savings,Medium,B005,RM011
C03075,Individual,57.0,173660,Savings,Medium,B002,RM005
C03076,Individual,39.0,36038,Savings,High,B008,RM017
C03077,Individual,30.0,23988,Savings,Low,B009,RM019
C03078,Individual,35.0,85096,Current,Low,B005,RM011
C03079,Individual,39.0,112832,Current,Medium,B008,RM016
C03080,Individual,18.0,27614,Current,Low,B004,RM008
C03081,Business,,76661,Business,Medium,B008,RM016
C03082,Individual,45.0,97447,Savings,Low,B001,RM003
C03083,Individual,50.0,100509,Savings,High,B003,RM006
C03084,Individual,35.0,37332,Current,Medium,B001,RM003
C03085,Individual,48.0,57160,Current,Low,B008,RM016
C03086,Individual,65.0,25278,Savings,Medium,B009,RM019
C03087,Individual,47.0,30293,Savings,Medium,B006,RM012
C03088,Individual,44.0,88609,Current,Low,B004,RM009
C03089,Individual,69.0,84400,Savings,Low,B002,RM004
C03090,Individual,51.0,117437,Savings,Low,B008,RM016
C03091,Business,,95254,Business,High,B005,RM010
C03092,Individual,47.0,76837,Savings,Low,B004,RM008
C03093,Individual,74.0,62115,Premium,Low,B004,RM009
C03094,Individual,45.0,56098,Savings,Low,B008,RM017
C03095,Individual,70.0,47880,Savings,Low,B003,RM007
C03096,Individual,72.0,77659,Current,Medium,B010,RM020
C03097,Individual,46.0,73231,Savings,Low,B006,RM012
C03098,Individual,70.0,33424,Current,Low,B004,RM009
C03099,Individual,28.0,73011,Current,High,B001,RM003
C03100,Business,,968656,Business,Medium,B005,RM010
C03101,Individual,71.0,32922,Savings,Low,B009,RM018
C03102,Individual,66.0,31155,Current,Low,B007,RM014
C03103,Individual,71.0,20284,Savings,Low,B001,RM001
C03104,Individual,69.0,51620,Current,Low,B010,RM021
C03105,Individual,54.0,90468,Savings,Medium,B007,RM015
C03106,Individual,74.0,95294,Savings,Medium,B001,RM002
C03107,Individual,71.0,57197,Savings,Medium,B003,RM006
C03108,Individual,62.0,55362,Premium,Low,B004,RM008
C03109,Individual,58.0,41263,Savings,Low,B010,RM020
C03110,Business,,199714,Business,Medium,B006,RM013
C03111,Individual,18.0,79797,Savings,High,B005,RM011
C03112,Individual,50.0,98214,Current,Low,B001,RM003
C03113,Individual,73.0,44937,Savings,Low,B007,RM015
C03114,Individual,18.0,64700,Premium,Low,B004,RM008
C03115,Individual,74.0,78004,Premium,Medium,B001,RM003
C03116,Individual,72.0,78071,Premium,Medium,B009,RM018
C03117,Individual,30.0,83039,Savings,Low,B010,RM020
C03118,Individual,37.0,19570,Savings,Low,B009,RM018
C03119,Individual,75.0,84298,Savings,Medium,B009,RM018
C03120,Individual,44.0,59397,Current,Medium,B006,RM013
C03121,Business,,105043,Business,Medium,B010,RM021
C03122,Business,,82391,Business,Medium,B002,RM005
C03123,Individual,45.0,87361,Current,High,B007,RM015
C03124,Individual,48.0,48679,Savings,Low,B003,RM006
C03125,Individual,25.0,51483,Premium,Low,B005,RM011
C03126,Individual,38.0,105001,Current,Low,B005,RM011
C03127,Business,,227022,Current,Medium,B001,RM003
C03128,Individual,69.0,49345,Savings,Medium,B006,RM012
C03129,Individual,19.0,50237,Premium,Low,B004,RM008
C03130,Individual,35.0,66546,Current,Medium,B001,RM003
C03131,Individual,59.0,80050,Savings,Medium,B004,RM009
C03132,Individual,72.0,100207,Savings,Low,B007,RM015
C03133,Individual,23.0,68810,Current,Medium,B005,RM011
C03134,Individual,33.0,97824,Current,High,B009,RM019
C03135,Individual,73.0,109607,Premium,Low,B006,RM012
C03136,Business,,139916,Premium,High,B004,RM008
C03137,Individual,43.0,119604,Current,High,B007,RM014
C03138,Individual,26.0,60343,Current,Low,B003,RM006
C03139,Individual,34.0,35184,Savings,Low,B007,RM015
C03140,Individual,18.0,66093,Savings,Low,B010,RM020
C03141,Individual,30.0,104704,Current,Medium,B010,RM020
C03142,Business,,293262,Current,High,B009,RM019
C03143,Individual,66.0,71290,Premium,Low,B009,RM019
C03144,Individual,46.0,64390,Premium,Low,B005,RM010
C03145,Individual,51.0,35146,Premium,Medium,B010,RM021
C03146,Individual,30.0,52425,Premium,Medium,B003,RM006
C03147,Individual,19.0,20179,Savings,Low,B008,RM016
C03148,Individual,57.0,84413,Premium,Low,B004,RM008
C03149,Business,,891420,Business,Medium,B001,RM003
C03150,Individual,54.0,49981,Premium,Medium,B008,RM017
C03151,Individual,57.0,61445,Current,Low,B003,RM007
C03152,Individual,62.0,18372,Savings,Medium,B003,RM007
C03153,Individual,32.0,55212,Savings,High,B007,RM015
C03154,Individual,69.0,26553,Current,Low,B003,RM007
C03155,Business,,871682,Premium,High,B001,RM001
C03156,Business,,239971,Business,Medium,B008,RM017
C03157,Individual,58.0,109397,Current,Medium,B009,RM018
C03158,Individual,48.0,39352,Premium,Low,B005,RM011
C03159,Individual,68.0,112161,Savings,Medium,B006,RM013
C03160,Business,,226395,Current,Medium,B007,RM014
C03161,Individual,49.0,52874,Current,Low,B006,RM013
C03162,Individual,23.0,91753,Premium,Low,B006,RM013
C03163,Individual,55.0,44651,Current,Low,B004,RM008
C03164,Individual,30.0,52048,Current,Medium,B005,RM011
C03165,Business,,79907,Business,Medium,B007,RM014
C03166,Individual,52.0,48432,Current,Low,B002,RM004
C03167,Individual,48.0,44994,Current,Medium,B008,RM016
C03168,Individual,62.0,63414,Savings,Medium,B003,RM006
C03169,Individual,23.0,65134,Savings,Low,B010,RM021
C03170,Individual,40.0,62564,Savings,Medium,B002,RM004
C03171,Business,,171106,Current,Medium,B006,RM012
C03172,Individual,25.0,83073,Current,Medium,B001,RM003
C03173,Individual,55.0,18412,Current,Low,B005,RM011
C03174,Individual,19.0,136295,Current,Medium,B009,RM018
C03175,Individual,69.0,53697,Current,Low,B003,RM007
C03176,Individual,33.0,75650,Current,Medium,B005,RM011
C03177,Business,,992135,Business,Medium,B003,RM007
C03178,Individual,56.0,45933,Premium,Low,B007,RM015
C03179,Individual,73.0,25757,Savings,Low,B004,RM008
C03180,Business,,222794,Business,High,B009,RM018
C03181,Business,,752987,Business,Medium,B010,RM021
C03182,Individual,20.0,42688,Premium,Medium,B010,RM020
C03183,Individual,52.0,98490,Premium,Low,B004,RM009
C03184,Business,,65545,Business,Medium,B009,RM019
C03185,Individual,53.0,23341,Current,Low,B002,RM005
C03186,Individual,43.0,32903,Current,Low,B003,RM007
C03187,Individual,32.0,70827,Current,Low,B005,RM010
C03188,Individual,36.0,43716,Premium,Medium,B003,RM006
C03189,Business,,89198,Business,Medium,B002,RM005
C03190,Individual,64.0,26922,Savings,Medium,B007,RM014
C03191,Individual,44.0,28705,Current,Low,B001,RM002
C03192,Individual,18.0,30594,Savings,Low,B001,RM001
C03193,Individual,70.0,69387,Savings,Medium,B009,RM019
C03194,Individual,70.0,25749,Savings,Low,B007,RM014
C03195,Individual,26.0,85749,Current,Medium,B001,RM002
C03196,Individual,25.0,25089,Current,Low,B003,RM006
C03197,Business,,41888,Business,Medium,B010,RM021
C03198,Individual,62.0,33075,Current,Low,B010,RM020
C03199,Individual,25.0,52233,Premium,Low,B010,RM021
C03200,Individual,20.0,33186,Savings,Medium,B008,RM016
C03201,Individual,34.0,118701,Premium,Low,B005,RM011
C03202,Individual,56.0,58698,Premium,Low,B002,RM004
C03203,Individual,58.0,75915,Current,Low,B006,RM013
C03204,Individual,74.0,98546,Current,Low,B007,RM014
C03205,Business,,279785,Business,Medium,B010,RM021
C03206,Individual,62.0,40791,Savings,Medium,B002,RM005
C03207,Business,,210901,Business,Medium,B008,RM016
C03208,Individual,44.0,106614,Savings,Low,B002,RM004
C03209,Individual,19.0,24522,Current,Low,B004,RM008
C03210,Individual,23.0,46153,Savings,Low,B009,RM019
C03211,Individual,41.0,26377,Savings,Low,B010,RM020
C03212,Individual,54.0,64600,Premium,Medium,B006,RM012
C03213,Individual,69.0,70640,Current,Low,B008,RM017
C03214,Individual,65.0,39069,Premium,Low,B009,RM018
C03215,Individual,65.0,106516,Current,Medium,B007,RM015
C03216,Individual,30.0,119798,Savings,Medium,B009,RM019
C03217,Individual,18.0,70717,Savings,Low,B004,RM008
C03218,Individual,72.0,45813,Savings,Low,B001,RM003
C03219,Individual,29.0,37774,Savings,Low,B004,RM009
C03220,Business,,86299,Current,Medium,B003,RM007
C03221,Individual,73.0,56978,Savings,Medium,B003,RM006
C03222,Individual,28.0,110158,Savings,High,B003,RM006
C03223,Individual,48.0,90449,Savings,Medium,B006,RM013
C03224,Individual,26.0,23975,Savings,Low,B001,RM003
C03225,Individual,30.0,23740,Savings,Low,B004,RM008
C03226,Individual,22.0,74424,Savings,Medium,B008,RM016
C03227,Business,,644201,Current,High,B003,RM006
C03228,Individual,46.0,77250,Current,Medium,B004,RM009
C03229,Business,,40247,Current,Medium,B005,RM011
C03230,Individual,27.0,32172,Premium,Low,B003,RM006
C03231,Individual,47.0,53353,Premium,Low,B009,RM019
C03232,Business,,2685309,Premium,High,B001,RM002
C03233,Individual,53.0,55600,Savings,Low,B010,RM021
C03234,Individual,50.0,88865,Current,Low,B001,RM002
C03235,Individual,63.0,43515,Savings,Low,B001,RM003
C03236,Individual,45.0,64040,Savings,Low,B007,RM015
C03237,Individual,18.0,108160,Current,Low,B001,RM002
C03238,Individual,30.0,103385,Current,Medium,B007,RM014
C03239,Business,,596458,Business,Medium,B010,RM021
C03240,Individual,31.0,25129,Premium,Low,B010,RM020
C03241,Individual,54.0,98205,Current,Medium,B002,RM004
C03242,Individual,63.0,42253,Current,Medium,B006,RM013
C03243,Individual,36.0,53601,Savings,Low,B007,RM015
C03244,Individual,26.0,118697,Savings,Low,B003,RM006
C03245,Individual,53.0,74974,Current,Low,B002,RM004
C03246,Individual,53.0,94940,Savings,Low,B002,RM005
C03247,Individual,45.0,90705,Savings,Low,B010,RM020
C03248,Individual,37.0,99672,Savings,High,B003,RM007
C03249,Individual,47.0,112223,Savings,Medium,B009,RM019
C03250,Individual,26.0,35231,Current,Low,B001,RM001
C03251,Individual,72.0,65423,Savings,Low,B002,RM004
C03252,Individual,64.0,64253,Savings,Low,B010,RM021
C03253,Individual,73.0,145651,Savings,Medium,B009,RM019
C03254,Individual,57.0,65350,Savings,Medium,B004,RM009
C03255,Business,,766379,Business,Medium,B002,RM004
C03256,Business,,97675,Business,Medium,B007,RM014
C03257,Individual,44.0,60883,Current,Medium,B007,RM015
C03258,Individual,60.0,106122,Savings,Medium,B006,RM013
C03259,Individual,29.0,68242,Savings,Low,B007,RM015
C03260,Individual,51.0,107192,Current,High,B005,RM011
C03261,Individual,22.0,63127,Savings,Low,B003,RM007
C03262,Business,,90452,Business,Medium,B005,RM011
C03263,Individual,72.0,93211,Savings,High,B007,RM015
C03264,Individual,32.0,110798,Premium,Medium,B008,RM017
C03265,Business,,111949,Current,Medium,B005,RM011
C03266,Business,,207796,Business,Medium,B006,RM012
C03267,Individual,57.0,94636,Savings,Medium,B005,RM011
C03268,Individual,35.0,40794,Current,Low,B002,RM005
C03269,Individual,49.0,117739,Premium,Low,B005,RM010
C03270,Business,,128708,Business,Medium,B005,RM010
C03271,Individual,38.0,110411,Savings,Medium,B007,RM014
C03272,Individual,37.0,120928,Current,Medium,B004,RM009
C03273,Individual,19.0,118304,Current,Medium,B001,RM002
C03274,Individual,45.0,38217,Savings,Low,B001,RM003
C03275,Business,,239053,Current,High,B006,RM013
C03276,Individual,71.0,110713,Savings,Low,B001,RM003
C03277,Individual,65.0,70135,Savings,Low,B008,RM016
C03278,Individual,25.0,44370,Savings,Low,B005,RM011
C03279,Individual,28.0,34412,Savings,Low,B010,RM021
C03280,Individual,51.0,113705,Current,Low,B010,RM020
C03281,Individual,59.0,91030,Premium,Medium,B006,RM012
C03282,Individual,63.0,58346,Savings,Low,B008,RM016
C03283,Business,,95660,Premium,Medium,B001,RM003
C03284,Individual,71.0,45665,Savings,High,B009,RM019
C03285,Individual,50.0,22806,Premium,Medium,B006,RM013
C03286,Individual,57.0,41533,Premium,Medium,B004,RM009
C03287,Individual,27.0,33524,Savings,Low,B010,RM020
C03288,Business,,539074,Business,High,B001,RM003
C03289,Individual,68.0,108076,Savings,Low,B009,RM019
C03290,Individual,21.0,76188,Savings,Low,B008,RM016
C03291,Individual,34.0,32587,Savings,Low,B004,RM009
C03292,Individual,70.0,115693,Savings,Medium,B008,RM016
C03293,Individual,50.0,37109,Savings,Low,B001,RM002
C03294,Individual,41.0,79880,Current,Medium,B003,RM007
C03295,Business,,57273,Business,Medium,B004,RM008
C03296,Individual,27.0,164908,Savings,Low,B004,RM008
C03297,Individual,24.0,38696,Current,Low,B006,RM013
C03298,Individual,74.0,86538,Savings,Medium,B009,RM019
C03299,Individual,72.0,46441,Savings,Low,B001,RM002
C03300,Business,,66331,Business,High,B010,RM020
C03301,Business,,78413,Business,Medium,B003,RM006
C03302,Individual,42.0,55136,Savings,Medium,B009,RM018
C03303,Business,,179636,Current,Medium,B001,RM003
C03304,Individual,20.0,61489,Savings,Medium,B009,RM018
C03305,Business,,1801149,Business,High,B001,RM001
C03306,Individual,65.0,23597,Current,Low,B004,RM008
C03307,Individual,39.0,60859,Savings,Medium,B006,RM012
C03308,Individual,51.0,79551,Current,Medium,B009,RM018
C03309,Individual,35.0,60393,Savings,Low,B004,RM008
C03310,Business,,180889,Current,High,B002,RM004
C03311,Individual,32.0,171988,Savings,Low,B007,RM014
C03312,Business,,81142,Current,High,B009,RM019
C03313,Individual,20.0,68698,Premium,Low,B008,RM016
C03314,Individual,74.0,38932,Premium,Medium,B005,RM011
C03315,Individual,36.0,71000,Current,Low,B004,RM008
C03316,Individual,45.0,173372,Savings,Medium,B003,RM006
C03317,Individual,31.0,113163,Current,High,B006,RM012
C03318,Business,,285183,Premium,Medium,B003,RM006
C03319,Individual,24.0,76671,Current,Low,B001,RM002
C03320,Individual,23.0,64136,Premium,Medium,B003,RM006
C03321,Individual,37.0,30217,Savings,Low,B005,RM011
C03322,Individual,45.0,81570,Premium,High,B005,RM011
C03323,Individual,72.0,56685,Savings,Medium,B006,RM013
C03324,Individual,40.0,45395,Premium,Low,B010,RM020
C03325,Individual,46.0,18430,Premium,Medium,B002,RM005
C03326,Individual,43.0,44705,Current,High,B002,RM004
C03327,Individual,37.0,111425,Savings,High,B010,RM021
C03328,Business,,71906,Current,Medium,B003,RM006
C03329,Business,,862051,Business,High,B004,RM009
C03330,Individual,19.0,107836,Premium,Medium,B001,RM001
C03331,Individual,55.0,52266,Savings,Medium,B007,RM015
C03332,Individual,25.0,64743,Premium,Low,B002,RM004
C03333,Individual,38.0,95762,Savings,Medium,B001,RM001
C03334,Individual,71.0,25214,Savings,Low,B001,RM001
C03335,Business,,68686,Premium,Medium,B007,RM015
C03336,Individual,65.0,33543,Premium,Low,B006,RM012
C03337,Individual,35.0,87883,Savings,Low,B003,RM006
C03338,Individual,72.0,70010,Savings,Low,B006,RM013
C03339,Business,,93018,Business,Medium,B009,RM018
C03340,Individual,66.0,25149,Savings,Low,B006,RM013
C03341,Business,,260521,Current,Medium,B003,RM007
C03342,Individual,61.0,57216,Current,Low,B001,RM002
C03343,Individual,72.0,173369,Savings,Low,B003,RM007
C03344,Business,,291000,Current,Medium,B005,RM011
C03345,Business,,76000,Business,Medium,B009,RM019
C03346,Individual,18.0,55807,Premium,Low,B006,RM013
C03347,Individual,65.0,64496,Current,Low,B004,RM008
C03348,Individual,25.0,78558,Savings,Low,B010,RM021
C03349,Individual,26.0,80529,Savings,Medium,B005,RM010
C03350,Individual,59.0,46210,Savings,Low,B009,RM019
C03351,Individual,21.0,35560,Savings,Low,B005,RM010
C03352,Individual,38.0,20127,Savings,Low,B009,RM018
C03353,Individual,24.0,80968,Savings,Medium,B009,RM019
C03354,Individual,57.0,74373,Savings,Low,B006,RM012
C03355,Individual,21.0,75908,Current,Low,B007,RM015
C03356,Individual,33.0,84725,Savings,Low,B004,RM009
C03357,Individual,21.0,19777,Savings,Low,B006,RM012
C03358,Individual,39.0,81236,Current,High,B003,RM007
C03359,Individual,24.0,23026,Savings,Low,B001,RM003
C03360,Individual,34.0,78589,Current,Low,B007,RM014
C03361,Business,,88508,Business,Medium,B003,RM006
C03362,Individual,38.0,37238,Savings,Low,B001,RM001
C03363,Individual,59.0,39733,Current,Medium,B002,RM004
C03364,Individual,34.0,53701,Savings,Low,B004,RM008
C03365,Individual,29.0,47650,Current,Low,B010,RM020
C03366,Individual,73.0,58566,Savings,Low,B003,RM007
C03367,Individual,67.0,119938,Savings,Medium,B003,RM006
C03368,Individual,45.0,57538,Savings,Low,B010,RM021
C03369,Individual,66.0,71034,Current,Medium,B004,RM009
C03370,Individual,53.0,63627,Savings,Low,B004,RM009
C03371,Individual,67.0,23818,Premium,High,B007,RM014
C03372,Business,,117389,Business,High,B007,RM014
C03373,Individual,33.0,113482,Savings,High,B007,RM015
C03374,Individual,48.0,104213,Savings,Medium,B010,RM020
C03375,Individual,36.0,97746,Premium,Low,B006,RM013
C03376,Individual,31.0,66720,Savings,Medium,B010,RM021
C03377,Business,,461581,Business,High,B007,RM015
C03378,Business,,46767,Business,Medium,B008,RM017
C03379,Individual,44.0,168820,Current,High,B006,RM013
C03380,Individual,60.0,75948,Savings,Medium,B004,RM008
C03381,Individual,44.0,105775,Current,Low,B010,RM021
C03382,Individual,33.0,75807,Current,Low,B002,RM004
C03383,Business,,231096,Business,Medium,B009,RM018
C03384,Individual,47.0,26023,Savings,Medium,B008,RM017
C03385,Individual,48.0,40266,Premium,Low,B010,RM021
C03386,Business,,4790962,Current,Medium,B003,RM006
C03387,Individual,54.0,22319,Premium,Medium,B007,RM014
C03388,Individual,37.0,108968,Savings,Low,B005,RM010
C03389,Individual,71.0,65467,Current,Low,B007,RM014
C03390,Business,,47135,Business,High,B010,RM020
C03391,Individual,37.0,30956,Current,Low,B002,RM005
C03392,Individual,59.0,65117,Current,Medium,B002,RM004
C03393,Individual,61.0,36045,Savings,Low,B010,RM020
C03394,Individual,42.0,29465,Current,Low,B002,RM005
C03395,Individual,33.0,57832,Current,Low,B002,RM004
C03396,Individual,35.0,134119,Savings,Medium,B008,RM016
C03397,Business,,2147695,Business,Medium,B001,RM003
C03398,Individual,62.0,44068,Premium,Medium,B008,RM016
C03399,Individual,22.0,179553,Savings,Low,B001,RM002
C03400,Individual,63.0,45441,Current,Low,B005,RM010
C03401,Business,,99759,Business,Medium,B007,RM015
C03402,Business,,242682,Premium,High,B002,RM005
C03403,Individual,33.0,47994,Premium,Medium,B005,RM011
C03404,Business,,2268204,Business,High,B001,RM001
C03405,Individual,22.0,71329,Current,Medium,B008,RM017
C03406,Individual,52.0,45232,Savings,Low,B002,RM004
C03407,Individual,74.0,21203,Current,Low,B001,RM002
C03408,Individual,47.0,40282,Savings,High,B009,RM019
C03409,Individual,23.0,35485,Savings,Low,B006,RM012
C03410,Business,,1314920,Current,Medium,B007,RM014
C03411,Business,,199762,Business,Medium,B010,RM020
C03412,Individual,68.0,122458,Premium,Medium,B010,RM020
C03413,Individual,42.0,36926,Premium,Low,B003,RM007
C03414,Individual,74.0,25781,Savings,Low,B006,RM012
C03415,Individual,60.0,52159,Savings,Low,B005,RM010
C03416,Individual,38.0,39495,Savings,Low,B002,RM004
C03417,Individual,41.0,44260,Premium,Low,B009,RM018
C03418,Individual,35.0,63520,Savings,Medium,B009,RM018
C03419,Business,,115297,Business,Medium,B006,RM012
C03420,Individual,60.0,93645,Savings,Medium,B005,RM011
C03421,Business,,81821,Current,Medium,B007,RM014
C03422,Individual,59.0,64048,Savings,Low,B001,RM002
C03423,Individual,20.0,39427,Premium,Low,B004,RM008
C03424,Business,,269943,Premium,Medium,B003,RM007
C03425,Individual,62.0,46724,Premium,Low,B007,RM014
C03426,Individual,21.0,46572,Savings,Low,B001,RM003
C03427,Individual,30.0,47295,Savings,Medium,B003,RM006
C03428,Individual,53.0,23734,Current,Low,B009,RM018
C03429,Individual,73.0,24311,Savings,Low,B010,RM020
C03430,Individual,35.0,36161,Savings,Low,B002,RM004
C03431,Individual,68.0,21783,Premium,Low,B001,RM002
C03432,Individual,67.0,89543,Savings,Medium,B010,RM021
C03433,Business,,68618,Business,Medium,B006,RM012
C03434,Individual,20.0,70432,Savings,Low,B009,RM018
C03435,Business,,59667,Business,Medium,B006,RM013
C03436,Individual,57.0,48273,Current,Low,B002,RM005
C03437,Individual,48.0,69762,Savings,Medium,B003,RM007
C03438,Individual,23.0,76402,Premium,Low,B007,RM015
C03439,Individual,49.0,156650,Current,High,B004,RM009
C03440,Individual,67.0,22781,Savings,Medium,B010,RM020
C03441,Business,,162796,Current,Medium,B010,RM020
C03442,Individual,39.0,62575,Premium,Medium,B010,RM020
C03443,Individual,67.0,27117,Savings,Medium,B001,RM002
C03444,Individual,45.0,43200,Current,Low,B003,RM007
C03445,Individual,52.0,64724,Savings,Low,B006,RM013
C03446,Individual,32.0,57915,Savings,Medium,B002,RM004
C03447,Individual,46.0,54592,Savings,Medium,B005,RM011
C03448,Business,,63443,Business,Medium,B005,RM011
C03449,Individual,43.0,50533,Current,Medium,B005,RM010
C03450,Individual,67.0,91819,Savings,High,B001,RM003
C03451,Individual,29.0,22614,Premium,Low,B005,RM010
C03452,Individual,20.0,69777,Current,Low,B006,RM012
C03453,Individual,73.0,47078,Savings,Low,B008,RM016
C03454,Business,,107548,Business,High,B010,RM020
C03455,Individual,35.0,32816,Savings,High,B004,RM008
C03456,Individual,57.0,119307,Savings,Low,B004,RM008
C03457,Individual,52.0,89129,Savings,Low,B005,RM010
C03458,Business,,68513,Business,High,B010,RM020
C03459,Individual,28.0,27682,Premium,Low,B003,RM006
C03460,Individual,44.0,51588,Premium,Low,B004,RM009
C03461,Individual,43.0,53757,Savings,High,B001,RM001
C03462,Individual,26.0,82163,Premium,Low,B004,RM008
C03463,Individual,20.0,63481,Savings,Low,B007,RM014
C03464,Individual,21.0,25843,Current,Low,B010,RM021
C03465,Individual,49.0,20024,Savings,Low,B003,RM007
C03466,Individual,39.0,64692,Savings,Medium,B007,RM014
C03467,Individual,35.0,84193,Savings,Low,B010,RM021
C03468,Individual,46.0,49347,Savings,Low,B006,RM013
C03469,Business,,88686,Business,High,B008,RM017
C03470,Business,,119783,Business,Medium,B008,RM016
C03471,Individual,33.0,47750,Current,High,B006,RM012
C03472,Individual,62.0,85261,Current,High,B007,RM014
C03473,Individual,39.0,23793,Current,Low,B007,RM015
C03474,Individual,68.0,76292,Savings,Medium,B006,RM012
C03475,Individual,44.0,43923,Savings,Low,B002,RM004
C03476,Individual,53.0,68953,Savings,Medium,B008,RM016
C03477,Individual,39.0,22953,Savings,Low,B009,RM019
C03478,Individual,22.0,104808,Current,Medium,B005,RM010
C03479,Individual,44.0,34317,Savings,Low,B003,RM007
C03480,Individual,19.0,26022,Savings,Low,B004,RM009
C03481,Individual,54.0,89732,Premium,Medium,B002,RM005
C03482,Individual,45.0,72912,Premium,Low,B004,RM009
C03483,Business,,861378,Current,Medium,B009,RM019
C03484,Business,,189783,Business,High,B006,RM013
C03485,Business,,46176,Business,Medium,B001,RM003
C03486,Business,,68047,Business,Medium,B008,RM017
C03487,Business,,137879,Business,High,B006,RM012
C03488,Individual,69.0,112047,Premium,Low,B007,RM015
C03489,Business,,223014,Premium,Medium,B008,RM017
C03490,Individual,45.0,27131,Current,Low,B006,RM012
C03491,Individual,44.0,60637,Savings,Low,B003,RM006
C03492,Individual,42.0,61876,Premium,Low,B001,RM002
C03493,Individual,66.0,67386,Current,Low,B004,RM009
C03494,Individual,19.0,78293,Current,Low,B005,RM010
C03495,Individual,54.0,32322,Premium,Low,B001,RM003
C03496,Individual,30.0,72337,Savings,High,B001,RM002
C03497,Business,,4032647,Business,High,B003,RM006
C03498,Individual,51.0,43403,Savings,Low,B010,RM020
C03499,Individual,36.0,49438,Current,Low,B003,RM007
C03500,Individual,54.0,57676,Savings,Medium,B007,RM015
C03501,Individual,64.0,65914,Savings,Medium,B003,RM007
C03502,Individual,18.0,22532,Premium,Medium,B001,RM001
C03503,Business,,843154,Business,High,B003,RM007
C03504,Business,,869520,Business,High,B004,RM009
C03505,Business,,199883,Business,High,B003,RM006
C03506,Individual,43.0,45622,Current,Low,B006,RM012
C03507,Individual,56.0,108499,Premium,Medium,B001,RM002
C03508,Business,,593529,Business,High,B002,RM005
C03509,Individual,57.0,46132,Premium,High,B006,RM012
C03510,Business,,4668420,Business,Medium,B006,RM013
C03511,Individual,48.0,74773,Current,Medium,B001,RM002
C03512,Business,,74335,Current,Medium,B001,RM003
C03513,Individual,22.0,20013,Savings,Low,B007,RM014
C03514,Business,,280120,Business,Medium,B009,RM018
C03515,Individual,35.0,54237,Savings,Low,B006,RM013
C03516,Individual,20.0,40787,Savings,Low,B006,RM012
C03517,Individual,25.0,69543,Savings,Low,B010,RM020
C03518,Individual,47.0,86731,Savings,Medium,B009,RM018
C03519,Individual,48.0,108569,Savings,Low,B007,RM015
C03520,Business,,210728,Business,Medium,B008,RM017
C03521,Individual,55.0,114164,Savings,Low,B007,RM014
C03522,Individual,20.0,81840,Savings,High,B004,RM008
C03523,Individual,40.0,44389,Current,Low,B008,RM017
C03524,Individual,41.0,25845,Premium,Low,B010,RM021
C03525,Individual,36.0,31113,Current,Low,B008,RM017
C03526,Individual,22.0,75351,Current,Medium,B007,RM014
C03527,Individual,73.0,24632,Savings,Medium,B006,RM013
C03528,Individual,70.0,71391,Current,Low,B009,RM018
C03529,Individual,38.0,30156,Current,Low,B003,RM006
C03530,Individual,51.0,59649,Savings,High,B001,RM002
C03531,Individual,30.0,80501,Savings,Medium,B008,RM017
C03532,Business,,969944,Business,High,B009,RM019
C03533,Business,,4327585,Business,Medium,B002,RM005
C03534,Business,,136754,Business,High,B008,RM016
C03535,Individual,42.0,37744,Savings,Low,B002,RM004
C03536,Individual,70.0,27131,Savings,Low,B005,RM011
C03537,Individual,61.0,142858,Current,Medium,B008,RM016
C03538,Individual,57.0,107996,Premium,Medium,B010,RM021
C03539,Individual,42.0,79971,Savings,Medium,B007,RM015
C03540,Individual,20.0,64748,Savings,Low,B005,RM011
C03541,Individual,57.0,89983,Savings,Medium,B005,RM010
C03542,Business,,286815,Business,High,B010,RM020
C03543,Business,,94905,Business,Medium,B005,RM010
C03544,Business,,780934,Business,High,B008,RM016
C03545,Individual,21.0,101926,Savings,Medium,B002,RM004
C03546,Business,,295355,Current,Medium,B007,RM015
C03547,Business,,40584,Business,Medium,B007,RM015
C03548,Individual,63.0,26573,Current,Medium,B010,RM020
C03549,Business,,513183,Business,Medium,B009,RM019
C03550,Individual,49.0,119329,Savings,Low,B007,RM014
C03551,Individual,70.0,55890,Premium,Medium,B007,RM015
C03552,Individual,36.0,55732,Current,Low,B004,RM009
C03553,Business,,3905282,Business,High,B007,RM014
C03554,Individual,51.0,30872,Savings,Low,B010,RM020
C03555,Business,,133694,Business,Medium,B001,RM001
C03556,Business,,137027,Business,Medium,B001,RM002
C03557,Individual,65.0,41144,Savings,Medium,B009,RM019
C03558,Individual,70.0,21753,Savings,Low,B001,RM001
C03559,Individual,30.0,140989,Premium,High,B004,RM008
C03560,Individual,66.0,93157,Current,Low,B001,RM001
C03561,Individual,55.0,37503,Current,Low,B008,RM017
C03562,Individual,18.0,100297,Premium,Medium,B001,RM001
C03563,Individual,32.0,58263,Savings,Low,B010,RM021
C03564,Individual,61.0,25540,Savings,Low,B004,RM009
C03565,Individual,45.0,31680,Savings,Low,B001,RM003
C03566,Individual,23.0,22492,Current,Low,B002,RM005
C03567,Business,,899867,Business,Medium,B005,RM011
C03568,Business,,530988,Business,High,B002,RM005
C03569,Business,,155598,Current,High,B001,RM001
C03570,Individual,30.0,73019,Savings,Low,B009,RM019
C03571,Business,,446728,Current,Medium,B008,RM016
C03572,Individual,40.0,46805,Savings,Low,B008,RM016
C03573,Business,,225492,Business,High,B009,RM018
C03574,Business,,55478,Business,Medium,B006,RM013
C03575,Individual,59.0,50581,Savings,Low,B010,RM020
C03576,Individual,45.0,73732,Current,Low,B010,RM021
C03577,Individual,46.0,45611,Premium,High,B006,RM013
C03578,Individual,59.0,75243,Premium,Low,B005,RM011
C03579,Individual,69.0,75091,Savings,Low,B010,RM021
C03580,Individual,27.0,79535,Current,Low,B001,RM001
C03581,Business,,687299,Premium,Medium,B006,RM012
C03582,Business,,605039,Business,Medium,B007,RM014
C03583,Individual,55.0,20292,Premium,Low,B006,RM012
C03584,Individual,23.0,68927,Savings,Low,B005,RM010
C03585,Individual,21.0,103662,Current,Low,B010,RM021
C03586,Individual,56.0,91858,Savings,Medium,B008,RM017
C03587,Individual,21.0,41091,Current,Medium,B001,RM003
C03588,Individual,74.0,38762,Savings,Low,B007,RM014
C03589,Individual,35.0,18752,Savings,Low,B006,RM013
C03590,Business,,95769,Business,Medium,B002,RM004
C03591,Individual,42.0,19371,Savings,Medium,B004,RM008
C03592,Business,,481153,Premium,High,B007,RM015
C03593,Individual,69.0,63821,Savings,High,B005,RM010
C03594,Individual,38.0,46030,Current,Medium,B005,RM011
C03595,Business,,2541316,Premium,High,B008,RM016
C03596,Individual,42.0,72305,Current,Low,B005,RM011
C03597,Business,,61646,Current,Medium,B007,RM014
C03598,Business,,209794,Business,High,B004,RM009
C03599,Individual,35.0,59442,Current,Medium,B006,RM012
C03600,Individual,45.0,67295,Current,Low,B007,RM014
C03601,Individual,33.0,39725,Current,Low,B009,RM018
C03602,Individual,50.0,99053,Savings,Medium,B007,RM015
C03603,Individual,60.0,96503,Savings,High,B007,RM015
C03604,Individual,73.0,63332,Savings,Medium,B005,RM011
C03605,Individual,41.0,122089,Current,Medium,B007,RM015
C03606,Individual,70.0,33003,Savings,Low,B010,RM021
C03607,Individual,20.0,69283,Savings,Medium,B003,RM006
C03608,Individual,58.0,102633,Current,High,B001,RM003
C03609,Individual,19.0,22512,Savings,High,B002,RM004
C03610,Individual,26.0,40318,Savings,Low,B003,RM006
C03611,Individual,31.0,44242,Savings,Low,B005,RM010
C03612,Individual,61.0,25333,Current,Low,B006,RM012
C03613,Individual,64.0,86590,Savings,Low,B006,RM013
C03614,Individual,73.0,29729,Savings,Low,B005,RM011
C03615,Individual,71.0,52004,Current,Low,B001,RM001
C03616,Individual,32.0,76307,Current,Low,B005,RM011
C03617,Business,,89584,Business,Medium,B010,RM021
C03618,Individual,32.0,45137,Savings,Medium,B005,RM011
C03619,Business,,279375,Business,Medium,B001,RM003
C03620,Individual,29.0,47055,Savings,Low,B008,RM016
C03621,Individual,71.0,20846,Current,Medium,B006,RM013
C03622,Individual,66.0,90930,Current,Low,B002,RM005
C03623,Individual,19.0,74453,Savings,High,B008,RM017
C03624,Individual,55.0,43880,Savings,Low,B010,RM020
C03625,Individual,68.0,119171,Savings,Low,B008,RM017
C03626,Individual,20.0,118677,Savings,High,B003,RM007
C03627,Individual,44.0,46550,Premium,High,B004,RM009
C03628,Individual,70.0,116441,Savings,Low,B009,RM019
C03629,Business,,59120,Current,Medium,B006,RM013
C03630,Business,,196014,Business,High,B009,RM019
C03631,Individual,33.0,26367,Savings,Low,B006,RM012
C03632,Individual,29.0,44189,Savings,Low,B010,RM020
C03633,Individual,58.0,45575,Savings,Medium,B005,RM011
C03634,Individual,57.0,45541,Premium,Medium,B003,RM006
C03635,Business,,131117,Current,Medium,B001,RM003
C03636,Individual,55.0,33325,Current,Low,B006,RM012
C03637,Business,,50598,Business,High,B003,RM007
C03638,Individual,65.0,34496,Savings,Medium,B003,RM006
C03639,Individual,53.0,36586,Premium,Medium,B008,RM017
C03640,Individual,45.0,87465,Current,Low,B010,RM021
C03641,Individual,49.0,39085,Savings,Medium,B010,RM021
C03642,Individual,73.0,26332,Savings,Low,B003,RM007
C03643,Individual,59.0,74127,Savings,Low,B010,RM020
C03644,Business,,624721,Current,High,B003,RM006
C03645,Individual,43.0,65991,Savings,Medium,B001,RM002
C03646,Individual,67.0,93481,Savings,Medium,B008,RM017
C03647,Individual,58.0,22790,Savings,Low,B009,RM018
C03648,Individual,74.0,36004,Current,Low,B002,RM005
C03649,Business,,163880,Business,Medium,B002,RM004
C03650,Individual,27.0,25701,Savings,Low,B006,RM012
C03651,Individual,67.0,52909,Current,Low,B007,RM015
C03652,Individual,67.0,54566,Savings,Low,B009,RM018
C03653,Individual,61.0,33692,Premium,Low,B010,RM021
C03654,Individual,50.0,60070,Current,Low,B003,RM007
C03655,Individual,40.0,26420,Current,Low,B001,RM002
C03656,Business,,213692,Business,Medium,B001,RM001
C03657,Individual,71.0,46828,Savings,Low,B009,RM018
C03658,Individual,25.0,118282,Current,Medium,B005,RM010
C03659,Individual,41.0,70973,Savings,Low,B006,RM013
C03660,Business,,218887,Business,Medium,B008,RM017
C03661,Individual,69.0,34417,Savings,Medium,B007,RM015
C03662,Individual,43.0,31163,Current,Low,B008,RM016
C03663,Individual,19.0,72402,Savings,Low,B009,RM018
C03664,Individual,36.0,83049,Savings,Low,B005,RM011
C03665,Individual,22.0,65623,Premium,Low,B007,RM015
C03666,Individual,18.0,47238,Savings,Low,B002,RM004
C03667,Individual,58.0,64549,Savings,Low,B002,RM005
C03668,Individual,52.0,93579,Premium,Medium,B008,RM016
C03669,Business,,198856,Business,Medium,B010,RM021
C03670,Business,,526964,Business,Medium,B004,RM009
C03671,Individual,52.0,37770,Premium,Low,B004,RM008
C03672,Business,,904664,Premium,High,B003,RM006
C03673,Business,,273361,Current,Medium,B001,RM003
C03674,Individual,32.0,42862,Premium,Low,B003,RM006
C03675,Individual,52.0,48407,Savings,Low,B002,RM004
C03676,Individual,23.0,69251,Current,Medium,B007,RM015
C03677,Individual,70.0,69373,Savings,Medium,B009,RM018
C03678,Individual,54.0,58668,Current,Low,B010,RM020
C03679,Individual,73.0,34067,Savings,Low,B007,RM015
C03680,Business,,293401,Business,Medium,B002,RM004
C03681,Individual,49.0,28268,Savings,Low,B007,RM015
C03682,Business,,70211,Premium,Medium,B006,RM012
C03683,Business,,734548,Business,Medium,B010,RM021
C03684,Individual,53.0,45811,Current,Medium,B009,RM018
C03685,Individual,59.0,78354,Savings,Low,B003,RM006
C03686,Individual,66.0,18424,Savings,Low,B008,RM017
C03687,Individual,61.0,47531,Savings,Medium,B004,RM008
C03688,Business,,553836,Business,Medium,B009,RM019
C03689,Individual,20.0,82975,Savings,Medium,B001,RM002
C03690,Individual,28.0,59389,Savings,Medium,B009,RM018
C03691,Individual,44.0,95362,Current,High,B009,RM019
C03692,Business,,95745,Business,High,B010,RM021
C03693,Individual,38.0,102414,Savings,Medium,B002,RM005
C03694,Individual,29.0,44375,Current,Medium,B005,RM011
C03695,Business,,411457,Current,High,B004,RM009
C03696,Business,,75520,Business,Medium,B005,RM011
C03697,Individual,70.0,36181,Savings,Low,B006,RM013
C03698,Individual,21.0,40568,Premium,Medium,B010,RM020
C03699,Individual,65.0,43023,Current,Low,B005,RM011
C03700,Business,,221848,Business,Medium,B001,RM002
C03701,Business,,146095,Current,Medium,B004,RM008
C03702,Individual,66.0,107429,Savings,Low,B004,RM008
C03703,Business,,212405,Business,Medium,B003,RM006
C03704,Individual,32.0,80734,Current,Low,B003,RM006
C03705,Individual,28.0,97719,Savings,Medium,B004,RM009
C03706,Individual,33.0,25690,Savings,Low,B001,RM003
C03707,Business,,91832,Business,Medium,B005,RM011
C03708,Business,,583903,Business,High,B001,RM001
C03709,Individual,33.0,104107,Savings,Medium,B008,RM017
C03710,Individual,75.0,87734,Current,Medium,B002,RM005
C03711,Individual,35.0,36872,Savings,Low,B006,RM013
C03712,Individual,57.0,92617,Savings,Low,B003,RM007
C03713,Business,,3870486,Current,Medium,B003,RM007
C03714,Business,,118507,Business,Medium,B007,RM015
C03715,Individual,29.0,118904,Premium,Low,B003,RM006
C03716,Individual,63.0,78213,Current,High,B010,RM021
C03717,Individual,54.0,55185,Savings,Low,B005,RM010
C03718,Business,,242020,Current,Medium,B001,RM003
C03719,Individual,68.0,88311,Savings,Medium,B003,RM007
C03720,Individual,45.0,73579,Current,Low,B004,RM009
C03721,Business,,241242,Current,High,B005,RM011
C03722,Individual,24.0,114525,Savings,High,B005,RM011
C03723,Individual,45.0,103722,Current,Low,B004,RM009
C03724,Individual,42.0,88752,Current,Low,B008,RM017
C03725,Individual,70.0,117854,Premium,Low,B009,RM018
C03726,Business,,262912,Premium,Medium,B008,RM016
C03727,Business,,67978,Current,Medium,B007,RM014
C03728,Individual,38.0,70823,Savings,Low,B008,RM016
C03729,Business,,101187,Business,Medium,B010,RM021
C03730,Individual,53.0,69840,Savings,Low,B005,RM010
C03731,Individual,59.0,64726,Savings,Low,B008,RM017
C03732,Individual,55.0,41074,Savings,Low,B001,RM003
C03733,Individual,23.0,108856,Premium,Low,B004,RM009
C03734,Individual,63.0,109362,Savings,Low,B006,RM013
C03735,Individual,38.0,29098,Savings,Low,B007,RM014
C03736,Individual,42.0,59171,Savings,Medium,B003,RM006
C03737,Individual,31.0,144113,Current,Medium,B007,RM014
C03738,Individual,19.0,98234,Savings,High,B006,RM013
C03739,Individual,63.0,55029,Savings,Low,B003,RM006
C03740,Individual,34.0,116765,Savings,Medium,B009,RM019
C03741,Individual,39.0,88150,Savings,Low,B003,RM006
C03742,Individual,73.0,55775,Savings,Medium,B008,RM016
C03743,Individual,66.0,59716,Savings,Medium,B007,RM014
C03744,Individual,51.0,77550,Savings,Medium,B009,RM019
C03745,Individual,30.0,62989,Savings,Medium,B002,RM005
C03746,Individual,72.0,108788,Savings,Low,B006,RM012
C03747,Business,,154629,Business,Medium,B009,RM018
C03748,Individual,73.0,112094,Savings,Medium,B008,RM017
C03749,Business,,208777,Business,High,B007,RM014
C03750,Individual,61.0,79002,Savings,Low,B010,RM021
C03751,Individual,63.0,21439,Savings,Low,B003,RM007
C03752,Individual,46.0,45818,Savings,Medium,B001,RM002
C03753,Business,,768189,Business,High,B008,RM016
C03754,Business,,67097,Current,Medium,B007,RM014
C03755,Individual,62.0,38127,Premium,Low,B010,RM020
C03756,Business,,72492,Premium,High,B010,RM020
C03757,Individual,59.0,27347,Current,Low,B003,RM007
C03758,Individual,30.0,70126,Current,Medium,B001,RM003
C03759,Individual,48.0,67518,Current,Low,B005,RM010
C03760,Individual,73.0,70621,Savings,Low,B008,RM016
C03761,Individual,23.0,33439,Current,Low,B004,RM009
C03762,Individual,21.0,83048,Current,Low,B001,RM001
C03763,Individual,40.0,89831,Savings,Low,B005,RM011
C03764,Individual,69.0,67699,Savings,Low,B003,RM007
C03765,Business,,66975,Business,Medium,B001,RM003
C03766,Individual,19.0,117396,Current,Low,B004,RM009
C03767,Individual,66.0,67617,Savings,Medium,B010,RM020
C03768,Individual,65.0,60601,Premium,Low,B002,RM004
C03769,Business,,296313,Premium,High,B005,RM011
C03770,Individual,37.0,110827,Savings,High,B009,RM018
C03771,Individual,44.0,40003,Savings,Low,B010,RM021
C03772,Individual,59.0,105126,Savings,Low,B010,RM020
C03773,Individual,63.0,31242,Savings,Low,B006,RM013
C03774,Individual,57.0,23376,Current,Low,B001,RM003
C03775,Individual,63.0,31854,Premium,Medium,B006,RM012
C03776,Business,,263352,Business,Medium,B003,RM006
C03777,Individual,40.0,20891,Savings,Low,B005,RM011
C03778,Individual,73.0,36080,Current,Low,B008,RM016
C03779,Individual,39.0,32916,Savings,Low,B003,RM006
C03780,Individual,56.0,46757,Savings,Medium,B003,RM006
C03781,Individual,50.0,54788,Current,High,B009,RM018
C03782,Individual,66.0,107106,Savings,High,B008,RM016
C03783,Individual,31.0,24670,Premium,Low,B004,RM008
C03784,Individual,50.0,57533,Premium,High,B006,RM013
C03785,Business,,263053,Premium,High,B006,RM012
C03786,Individual,25.0,79473,Savings,Medium,B010,RM021
C03787,Business,,285042,Current,High,B002,RM005
C03788,Business,,198332,Business,High,B002,RM005
C03789,Individual,66.0,54098,Savings,High,B002,RM004
C03790,Individual,52.0,117482,Savings,High,B001,RM003
C03791,Individual,30.0,124261,Current,High,B004,RM008
C03792,Individual,56.0,131340,Savings,Low,B010,RM020
C03793,Individual,65.0,83409,Current,Medium,B002,RM005
C03794,Individual,38.0,24330,Savings,High,B005,RM010
C03795,Individual,30.0,28890,Premium,Low,B004,RM009
C03796,Business,,110221,Business,High,B005,RM010
C03797,Individual,52.0,21270,Premium,Low,B007,RM014
C03798,Individual,37.0,60503,Savings,Low,B007,RM014
C03799,Individual,37.0,59895,Savings,Medium,B003,RM007
C03800,Individual,27.0,79187,Savings,Low,B007,RM015
C03801,Individual,57.0,86748,Savings,High,B007,RM015
C03802,Individual,57.0,19929,Premium,Medium,B009,RM019
C03803,Individual,60.0,48093,Savings,Low,B009,RM018
C03804,Individual,23.0,72716,Savings,Medium,B003,RM007
C03805,Individual,71.0,64999,Premium,Low,B004,RM008
C03806,Individual,54.0,85659,Current,Low,B010,RM021
C03807,Individual,69.0,63048,Savings,Medium,B009,RM018
C03808,Individual,63.0,22776,Savings,Medium,B008,RM016
C03809,Individual,57.0,48442,Savings,Low,B008,RM016
C03810,Individual,40.0,28966,Savings,Low,B001,RM002
C03811,Individual,50.0,81511,Current,Low,B009,RM019
C03812,Individual,42.0,36101,Savings,Medium,B003,RM007
C03813,Individual,68.0,59689,Premium,Low,B007,RM015
C03814,Business,,1174726,Current,Medium,B002,RM004
C03815,Individual,64.0,61658,Savings,High,B005,RM011
C03816,Individual,75.0,63227,Savings,Low,B009,RM019
C03817,Individual,50.0,109019,Current,Low,B007,RM015
C03818,Business,,3614898,Current,Medium,B007,RM015
C03819,Business,,133548,Current,Medium,B010,RM021
C03820,Business,,4352777,Current,Medium,B007,RM014
C03821,Business,,254434,Business,High,B002,RM005
C03822,Individual,18.0,18546,Savings,Low,B005,RM010
C03823,Individual,66.0,56114,Current,High,B010,RM020
C03824,Individual,55.0,87997,Savings,Medium,B001,RM003
C03825,Individual,46.0,25843,Current,Medium,B007,RM015
C03826,Individual,21.0,101717,Current,Low,B007,RM014
C03827,Individual,53.0,73458,Current,Low,B009,RM018
C03828,Individual,71.0,104903,Current,Low,B003,RM007
C03829,Individual,60.0,52161,Premium,Low,B003,RM006
C03830,Individual,18.0,87260,Savings,Low,B006,RM012
C03831,Individual,75.0,62468,Savings,Medium,B007,RM014
C03832,Business,,231696,Business,High,B005,RM010
C03833,Business,,57616,Current,Medium,B010,RM020
C03834,Individual,23.0,38846,Savings,Medium,B006,RM013
C03835,Individual,63.0,50396,Premium,Medium,B008,RM017
C03836,Individual,47.0,125700,Premium,Low,B005,RM010
C03837,Individual,74.0,130255,Savings,Medium,B002,RM005
C03838,Individual,68.0,72310,Savings,Low,B005,RM011
C03839,Individual,68.0,63474,Current,Low,B002,RM004
C03840,Individual,51.0,55570,Premium,Low,B001,RM002
C03841,Business,,232203,Current,Medium,B002,RM005
C03842,Individual,71.0,28724,Current,Low,B003,RM006
C03843,Business,,74362,Business,Medium,B004,RM009
C03844,Individual,56.0,30503,Savings,Low,B009,RM019
C03845,Individual,62.0,20713,Current,Medium,B001,RM001
C03846,Individual,31.0,27830,Current,Low,B006,RM012
C03847,Individual,33.0,74536,Savings,High,B008,RM016
C03848,Business,,171451,Business,Medium,B004,RM008
C03849,Individual,43.0,32333,Savings,Low,B007,RM015
C03850,Individual,49.0,38615,Savings,Low,B005,RM011
C03851,Individual,24.0,50037,Current,Medium,B006,RM012
C03852,Individual,58.0,90063,Current,Low,B001,RM002
C03853,Business,,674778,Premium,High,B004,RM008
C03854,Individual,19.0,69752,Savings,Low,B003,RM007
C03855,Business,,209257,Business,High,B006,RM013
C03856,Individual,50.0,65914,Savings,Medium,B001,RM003
C03857,Business,,91201,Current,High,B002,RM005
C03858,Individual,47.0,64269,Savings,Medium,B005,RM011
C03859,Individual,37.0,50827,Savings,Medium,B007,RM014
C03860,Individual,29.0,56025,Savings,Medium,B010,RM021
C03861,Individual,46.0,64853,Current,Medium,B001,RM002
C03862,Individual,38.0,57257,Current,Medium,B005,RM011
C03863,Business,,223404,Current,Medium,B007,RM015
C03864,Individual,27.0,118159,Savings,Medium,B001,RM002
C03865,Individual,62.0,21688,Savings,Low,B008,RM017
C03866,Individual,21.0,47195,Savings,Low,B005,RM011
C03867,Individual,32.0,97224,Savings,Low,B005,RM011
C03868,Individual,26.0,29969,Savings,Low,B007,RM015
C03869,Individual,39.0,71968,Savings,Low,B006,RM013
C03870,Individual,31.0,60583,Savings,Medium,B009,RM018
C03871,Business,,104627,Current,High,B010,RM020
C03872,Individual,56.0,71968,Savings,Low,B007,RM015
C03873,Individual,68.0,114793,Current,Low,B002,RM004
C03874,Individual,33.0,39469,Current,Low,B008,RM016
C03875,Individual,47.0,31121,Current,High,B008,RM016
C03876,Individual,34.0,112289,Current,Medium,B004,RM009
C03877,Individual,40.0,117480,Savings,Low,B004,RM009
C03878,Business,,205492,Business,Medium,B004,RM008
C03879,Business,,45100,Business,Medium,B001,RM003
C03880,Business,,759621,Current,High,B008,RM016
C03881,Individual,35.0,72039,Savings,Medium,B003,RM007
C03882,Individual,61.0,23114,Savings,Medium,B010,RM021
C03883,Individual,67.0,118363,Savings,Medium,B004,RM009
C03884,Business,,810454,Premium,Medium,B006,RM012
C03885,Individual,44.0,19893,Savings,Low,B009,RM018
C03886,Individual,23.0,135104,Current,High,B004,RM009
C03887,Individual,35.0,37778,Savings,Medium,B003,RM006
C03888,Individual,57.0,31277,Premium,Medium,B006,RM012
C03889,Individual,64.0,68942,Current,Medium,B005,RM011
C03890,Business,,90308,Current,High,B001,RM003
C03891,Individual,47.0,54963,Current,Medium,B007,RM014
C03892,Individual,27.0,41650,Savings,High,B006,RM012
C03893,Business,,162202,Current,Medium,B010,RM020
C03894,Individual,69.0,34599,Premium,Low,B007,RM014
C03895,Individual,69.0,22208,Premium,Medium,B003,RM006
C03896,Individual,60.0,23212,Current,Low,B002,RM005
C03897,Individual,59.0,49617,Current,Medium,B005,RM010
C03898,Business,,773437,Premium,Medium,B005,RM011
C03899,Business,,489649,Business,High,B005,RM010
C03900,Business,,46393,Current,High,B006,RM012
C03901,Individual,46.0,18599,Current,Low,B004,RM009
C03902,Business,,126284,Current,Medium,B007,RM014
C03903,Individual,24.0,58314,Premium,High,B005,RM011
C03904,Individual,28.0,20441,Savings,Low,B004,RM009
C03905,Individual,21.0,87293,Savings,Low,B004,RM009
C03906,Individual,18.0,65879,Premium,Low,B008,RM017
C03907,Individual,18.0,163345,Current,Medium,B009,RM019
C03908,Individual,42.0,37782,Savings,Low,B008,RM016
C03909,Business,,148638,Premium,Medium,B001,RM001
C03910,Individual,72.0,76760,Savings,Low,B009,RM018
C03911,Business,,54823,Current,High,B007,RM015
C03912,Individual,68.0,68141,Savings,Low,B010,RM020
C03913,Individual,38.0,95118,Current,Low,B005,RM011
C03914,Individual,54.0,111886,Current,Low,B003,RM006
C03915,Business,,3957687,Premium,Medium,B001,RM003
C03916,Individual,65.0,116611,Current,Low,B009,RM018
C03917,Individual,47.0,150301,Savings,Low,B006,RM012
C03918,Individual,33.0,66081,Current,Medium,B006,RM012
C03919,Individual,18.0,21705,Savings,Low,B001,RM002
C03920,Individual,47.0,58110,Savings,Low,B010,RM021
C03921,Individual,41.0,72996,Current,Low,B010,RM020
C03922,Individual,44.0,55683,Premium,Low,B002,RM004
C03923,Individual,34.0,54265,Current,Medium,B002,RM005
C03924,Business,,619037,Business,High,B002,RM004
C03925,Business,,45687,Business,Medium,B010,RM020
C03926,Individual,55.0,25226,Savings,Medium,B010,RM021
C03927,Individual,49.0,33923,Current,Low,B006,RM012
C03928,Individual,21.0,99887,Savings,Low,B007,RM014
C03929,Individual,43.0,55195,Current,Medium,B010,RM020
C03930,Individual,46.0,56965,Savings,Medium,B007,RM015
C03931,Individual,60.0,43974,Savings,Low,B005,RM011
C03932,Business,,287277,Premium,High,B008,RM016
C03933,Individual,71.0,20622,Current,Low,B004,RM009
C03934,Individual,29.0,67538,Current,Medium,B008,RM017
C03935,Business,,4758670,Premium,High,B006,RM013
C03936,Individual,37.0,74952,Premium,Medium,B008,RM017
C03937,Business,,867700,Business,Medium,B001,RM001
C03938,Business,,43372,Business,High,B010,RM021
C03939,Business,,613415,Current,Medium,B002,RM005
C03940,Individual,48.0,157757,Savings,Medium,B008,RM017
C03941,Individual,65.0,62375,Savings,Low,B008,RM017
C03942,Individual,61.0,59401,Savings,Low,B001,RM001
C03943,Individual,18.0,56896,Premium,Low,B006,RM013
C03944,Individual,71.0,78674,Current,Low,B007,RM014
C03945,Individual,26.0,115904,Savings,Medium,B008,RM016
C03946,Business,,198195,Business,High,B004,RM009
C03947,Individual,70.0,64657,Savings,Low,B003,RM007
C03948,Business,,373147,Current,Medium,B008,RM016
C03949,Individual,40.0,36150,Current,Low,B001,RM001
C03950,Individual,75.0,51005,Savings,Low,B004,RM009
C03951,Business,,91628,Business,Medium,B004,RM008
C03952,Individual,19.0,81804,Current,High,B007,RM015
C03953,Business,,54848,Current,Medium,B010,RM020
C03954,Individual,30.0,75237,Premium,Low,B003,RM007
C03955,Individual,26.0,55888,Savings,Medium,B001,RM003
C03956,Business,,74803,Current,Medium,B005,RM010
C03957,Individual,39.0,21815,Premium,Low,B009,RM019
C03958,Individual,41.0,60382,Premium,Low,B001,RM002
C03959,Individual,46.0,59836,Premium,Low,B001,RM001
C03960,Individual,45.0,69270,Savings,Low,B003,RM007
C03961,Individual,55.0,131061,Savings,High,B008,RM017
C03962,Business,,86994,Premium,Medium,B007,RM015
C03963,Business,,993982,Business,High,B010,RM020
C03964,Individual,28.0,114039,Savings,Medium,B002,RM005
C03965,Business,,894945,Business,Medium,B010,RM020
C03966,Individual,60.0,60297,Savings,Low,B004,RM009
C03967,Individual,52.0,40434,Savings,Low,B002,RM004
C03968,Individual,51.0,62182,Current,Low,B001,RM003
C03969,Individual,64.0,80237,Savings,High,B006,RM013
C03970,Individual,35.0,27025,Savings,Low,B002,RM004
C03971,Business,,67200,Business,Medium,B001,RM001
C03972,Individual,43.0,77431,Savings,Low,B001,RM002
C03973,Business,,226165,Business,High,B005,RM010
C03974,Individual,69.0,18438,Current,Low,B008,RM016
C03975,Business,,156666,Business,High,B001,RM003
C03976,Individual,23.0,101992,Savings,Medium,B004,RM008
C03977,Individual,22.0,74834,Savings,Medium,B010,RM020
C03978,Individual,24.0,47003,Current,Low,B008,RM017
C03979,Individual,57.0,20412,Current,Low,B009,RM019
C03980,Individual,64.0,55615,Savings,Low,B010,RM020
C03981,Business,,903297,Current,Medium,B008,RM016
C03982,Individual,28.0,46759,Savings,High,B006,RM013
C03983,Business,,95202,Business,Medium,B008,RM017
C03984,Individual,28.0,179247,Current,Medium,B008,RM017
C03985,Individual,25.0,140301,Premium,Low,B008,RM017
C03986,Individual,28.0,62664,Current,Low,B009,RM018
C03987,Individual,29.0,77690,Premium,High,B008,RM016
C03988,Individual,66.0,108458,Current,Medium,B003,RM006
C03989,Individual,30.0,52946,Current,Low,B005,RM011
C03990,Business,,143198,Current,High,B006,RM013
C03991,Individual,75.0,60144,Savings,Low,B001,RM001
C03992,Individual,54.0,25418,Savings,Low,B001,RM002
C03993,Individual,36.0,67443,Premium,Medium,B001,RM003
C03994,Individual,56.0,29610,Savings,Low,B003,RM007
C03995,Business,,282064,Current,High,B003,RM006
C03996,Individual,56.0,19083,Savings,Medium,B004,RM009
C03997,Individual,23.0,97591,Premium,Medium,B001,RM002
C03998,Individual,27.0,47125,Premium,Low,B008,RM017
C03999,Business,,117257,Business,High,B006,RM013
C04000,Individual,68.0,18377,Current,Low,B003,RM007
